片	区	小片	方言点	声母	韵母	调值	调类	备注
严	銅桂片		三都(江西銅鼓)	n	iɛn	13	陽平	
久	銅桂片		三都(江西銅鼓)	tɕ	iu	21	上聲	
亏	銅桂片		三都(江西銅鼓)	kʰ	ui	35	陰平	
井	銅桂片		三都(江西銅鼓)	ts	iaŋ	21	上聲	
仙	銅桂片		三都(江西銅鼓)	s	iɛn	35	陰平	
余	銅桂片		三都(江西銅鼓)	0	i	13	陽平	
作	銅桂片		三都(江西銅鼓)	ts	ɔ	53	去聲	
假	銅桂片		三都(江西銅鼓)	k	a	21	上聲	真假
催	銅桂片		三都(江西銅鼓)	tsʰ	ɛi	35	陰平	
傾	銅桂片		三都(江西銅鼓)	tɕʰ	in	35	陰平	
免	銅桂片		三都(江西銅鼓)	m	iɛn	21	上聲	
全	銅桂片		三都(江西銅鼓)	tsʰ	iɛn	13	陽平	
兩	銅桂片		三都(江西銅鼓)	l	iɔŋ	35	陰平	兒倆
冫	銅桂片		三都(江西銅鼓)	p	in	35	陰平	
判	銅桂片		三都(江西銅鼓)	pʰ	an	53	去聲	
利	銅桂片		三都(江西銅鼓)	l	i	53	去聲	
升	銅桂片		三都(江西銅鼓)	ʂ	ən	35	陰平	
印	銅桂片		三都(江西銅鼓)	0	in	53	去聲	
叔	銅桂片		三都(江西銅鼓)	ʂ	uk	1	陰入	
吸	銅桂片		三都(江西銅鼓)	tɕʰ	it	5	陽入	
告	銅桂片		三都(江西銅鼓)	k	au	53	去聲	
哥	銅桂片		三都(江西銅鼓)	k	ɔ	35	陰平	
块	銅桂片		三都(江西銅鼓)	kʰ	uai	21	上聲	
垕	銅桂片		三都(江西銅鼓)	h	ɛu	53	去聲	
墳	銅桂片		三都(江西銅鼓)	f	ən	13	陽平	
妹	銅桂片		三都(江西銅鼓)	m	ɔi	53	去聲	
姐	銅桂片		三都(江西銅鼓)	ts	ia	21	上聲	
姑	銅桂片		三都(江西銅鼓)	k	u	35	陰平	
孝	銅桂片		三都(江西銅鼓)	h	au	53	去聲	
季	銅桂片		三都(江西銅鼓)	tɕ	i	53	去聲	
害	銅桂片		三都(江西銅鼓)	h	ɔi	53	去聲	
家	銅桂片		三都(江西銅鼓)	k	a	35	陰平	
容	銅桂片		三都(江西銅鼓)	0	iəŋ	13	陽平	
寸	銅桂片		三都(江西銅鼓)	tsʰ	ən	53	去聲	
尽	銅桂片		三都(江西銅鼓)	tsʰ	in	53	去聲	
尾	銅桂片		三都(江西銅鼓)	m	i	35	陰平	
山	銅桂片		三都(江西銅鼓)	s	an	35	陰平	
左	銅桂片		三都(江西銅鼓)	ts	ɔ	21	上聲	
帐	銅桂片		三都(江西銅鼓)	tʂ	ɔŋ	53	去聲	
幼	銅桂片		三都(江西銅鼓)	0	iu	53	去聲	
张	銅桂片		三都(江西銅鼓)	tʂ	ɔŋ	35	陰平	
得	銅桂片		三都(江西銅鼓)	t	ɛk	1	陰入	
恩	銅桂片		三都(江西銅鼓)	0	ɛn	35	陰平	
感	銅桂片		三都(江西銅鼓)	k	ɔn	21	上聲	
戴	銅桂片		三都(江西銅鼓)	t	ai	53	去聲	
扁	銅桂片		三都(江西銅鼓)	p	iɛn	21	上聲	
扫	銅桂片		三都(江西銅鼓)	s	au	53	去聲	掃地
提	銅桂片		三都(江西銅鼓)	tʰ/tʰ	i/ia	13/13	陽平/陽平	文讀<br>白讀
敏	銅桂片		三都(江西銅鼓)	m	in	21	上聲	
教	銅桂片		三都(江西銅鼓)	k	au	53	去聲	教育
曉	銅桂片		三都(江西銅鼓)	ɕ	iau	21	上聲	
木	銅桂片		三都(江西銅鼓)	m	uk	1	陰入	
朱	銅桂片		三都(江西銅鼓)	tʂ	u	35	陰平	
梅	銅桂片		三都(江西銅鼓)	m	ɔi	13	陽平	
梯	銅桂片		三都(江西銅鼓)	tʰ	ɔi	35	陰平	
步	銅桂片		三都(江西銅鼓)	pʰ	u	53	去聲	
毛	銅桂片		三都(江西銅鼓)	m/m	au/au	13/35	陽平/陰平	文讀<br>白讀
油	銅桂片		三都(江西銅鼓)	0	iu	13	陽平	
潘	銅桂片		三都(江西銅鼓)	pʰ	an	35	陰平	
灭	銅桂片		三都(江西銅鼓)	m	iɛt	5	陽入	
燕	銅桂片		三都(江西銅鼓)	0	iɛn	53	去聲	
王	銅桂片		三都(江西銅鼓)	v	ɔŋ	13	陽平	
瓦	銅桂片		三都(江西銅鼓)	ŋ	a	21	上聲	
田	銅桂片		三都(江西銅鼓)	tʰ	iɛn	13	陽平	
盖	銅桂片		三都(江西銅鼓)	k	ɔi	53	去聲	
破	銅桂片		三都(江西銅鼓)	pʰ	ɔ	53	去聲	
社	銅桂片		三都(江西銅鼓)	ʂ	a	53	去聲	
禮	銅桂片		三都(江西銅鼓)	l	i	21	上聲	
禾	銅桂片		三都(江西銅鼓)	v	ɔ	13	陽平	
穅	銅桂片		三都(江西銅鼓)	kʰ	ɔŋ	35	陰平	
突	銅桂片		三都(江西銅鼓)	tʰ	ət	5	陽入	
章	銅桂片		三都(江西銅鼓)	tʂ	ɔŋ	35	陰平	
節	銅桂片		三都(江西銅鼓)	ts	iɛt	1	陰入	
粗	銅桂片		三都(江西銅鼓)	tsʰ	ɿ	35	陰平	
粪	銅桂片		三都(江西銅鼓)	f	ən	53	去聲	
絝	銅桂片		三都(江西銅鼓)	f/kʰ	u/u	53/53	去聲/去聲	白讀<br>文讀
緊	銅桂片		三都(江西銅鼓)	tɕ	in	21	上聲	
纠	銅桂片		三都(江西銅鼓)	tɕ	iu	35	陰平	
纺	銅桂片		三都(江西銅鼓)	f	ɔŋ	21	上聲	
翁	銅桂片		三都(江西銅鼓)	v	əŋ	35	陰平	
老	銅桂片		三都(江西銅鼓)	l	au	21	上聲	
肉	銅桂片		三都(江西銅鼓)	n	iuk	1	陰入	
胃	銅桂片		三都(江西銅鼓)	v	ɛi	53	去聲	
胡	銅桂片		三都(江西銅鼓)	f	u	13	陽平	
莧	銅桂片		三都(江西銅鼓)	h	an	53	去聲	
袄	銅桂片		三都(江西銅鼓)	0	au	21	上聲	
袴	銅桂片		三都(江西銅鼓)	f/kʰ	u/u	53/53	去聲/去聲	白讀<br>文讀
角	銅桂片		三都(江西銅鼓)	k	ɔk	1	陰入	
謙	銅桂片		三都(江西銅鼓)	tɕʰ	iɛn	35	陰平	
语	銅桂片		三都(江西銅鼓)	n	i	21	上聲	
说	銅桂片		三都(江西銅鼓)	ʂ	ɔt	1	陰入	小說
谦	銅桂片		三都(江西銅鼓)	tɕʰ	iɛn	35	陰平	
象	銅桂片		三都(江西銅鼓)	s	iɔŋ	53	去聲	
賭	銅桂片		三都(江西銅鼓)	t	u	21	上聲	
败	銅桂片		三都(江西銅鼓)	pʰ	ai	53	去聲	
货	銅桂片		三都(江西銅鼓)	f	ɔ	53	去聲	
运	銅桂片		三都(江西銅鼓)	0	in	53	去聲	
透	銅桂片		三都(江西銅鼓)	tʰ	ɛu	53	去聲	
酒	銅桂片		三都(江西銅鼓)	ts	iu	21	上聲	
金	銅桂片		三都(江西銅鼓)	tɕ	in	35	陰平	
露	銅桂片		三都(江西銅鼓)	l	u	53	去聲	
飞	銅桂片		三都(江西銅鼓)	f	i	35	陰平	
體	銅桂片		三都(江西銅鼓)	tʰ	i	21	上聲	
鬼	銅桂片		三都(江西銅鼓)	k	ui	21	上聲	
魚	銅桂片		三都(江西銅鼓)	ŋ	ɛ	13	陽平	
鱼	銅桂片		三都(江西銅鼓)	ŋ	ɛ	13	陽平	
鵝	銅桂片		三都(江西銅鼓)	ŋ	ɔ	13	陽平	
鸟	銅桂片		三都(江西銅鼓)	t	iau	35	陰平	
鸭	銅桂片		三都(江西銅鼓)	0	at	1	陰入	
鹵	銅桂片		三都(江西銅鼓)	l	u	35	陰平	
黑	銅桂片		三都(江西銅鼓)	h	ɛk	1	陰入	
一	铜桂片		三都(江西铜鼓)	0	it	1	阴入	
七	铜桂片		三都(江西铜鼓)	tsʰ	it	1	阴入	
丄	铜桂片		三都(江西铜鼓)	ʂ	ɔŋ	35	阴平	上山
丅	铜桂片		三都(江西铜鼓)	h	a	35	阴平	方位
丈	铜桂片		三都(江西铜鼓)	tʂʰ	ɔŋ	53	去声	
上	铜桂片		三都(江西铜鼓)	ʂ	ɔŋ	53	去声	上面
下	铜桂片		三都(江西铜鼓)	h	a	35	阴平	方位
不	铜桂片		三都(江西铜鼓)	p	ət	1	阴入	
世	铜桂片		三都(江西铜鼓)	ʂ	ʅ	53	去声	
丗	铜桂片		三都(江西铜鼓)	ʂ	ʅ	53	去声	
丘	铜桂片		三都(江西铜鼓)	tɕʰ	iu	35	阴平	
业	铜桂片		三都(江西铜鼓)	n	iɛt	5	阳入	
东	铜桂片		三都(江西铜鼓)	t	əŋ	35	阴平	
丝	铜桂片		三都(江西铜鼓)	s	ɿ	35	阴平	
丠	铜桂片		三都(江西铜鼓)	tɕʰ	iu	35	阴平	
两	铜桂片		三都(江西铜鼓)	l	iɔŋ	35	阴平	儿俩
中	铜桂片		三都(江西铜鼓)	tʂ	əŋ	35	阴平	中间
丸	铜桂片		三都(江西铜鼓)	0	iɛn	13	阳平	
主	铜桂片		三都(江西铜鼓)	tʂ	u	21	上声	
丼	铜桂片		三都(江西铜鼓)	ts	iaŋ	21	上声	
义	铜桂片		三都(江西铜鼓)	n	i	53	去声	
之	铜桂片		三都(江西铜鼓)	tʂ	ʅ	35	阴平	
乌	铜桂片		三都(江西铜鼓)	v	u	35	阴平	
乏	铜桂片		三都(江西铜鼓)	f	at	1	阴入	
乖	铜桂片		三都(江西铜鼓)	k	uai	35	阴平	
九	铜桂片		三都(江西铜鼓)	tɕ	iu	21	上声	
习	铜桂片		三都(江西铜鼓)	s	it	1	阴入	
乡	铜桂片		三都(江西铜鼓)	ɕ	iɔŋ	35	阴平	
书	铜桂片		三都(江西铜鼓)	ʂ	u	35	阴平	
买	铜桂片		三都(江西铜鼓)	m	ai	35	阴平	
乱	铜桂片		三都(江西铜鼓)	l	ɔn	53	去声	
亂	铜桂片		三都(江西铜鼓)	l	ɔn	53	去声	
了	铜桂片		三都(江西铜鼓)	l	iau	21	上声	
事	铜桂片		三都(江西铜鼓)	s	ɿ	53	去声	
二	铜桂片		三都(江西铜鼓)	n	i	53	去声	
五	铜桂片		三都(江西铜鼓)	0	ŋ	21	上声	
亖	铜桂片		三都(江西铜鼓)	s	i	53	去声	
交	铜桂片		三都(江西铜鼓)	k	au	35	阴平	
产	铜桂片		三都(江西铜鼓)	tsʰ	an	21	上声	
亲	铜桂片		三都(江西铜鼓)	tsʰ	in	35	阴平	
人	铜桂片		三都(江西铜鼓)	n	in	13	阳平	
从	铜桂片		三都(江西铜鼓)	tsʰ	əŋ	13	阳平	从来
仓	铜桂片		三都(江西铜鼓)	tsʰ	ɔŋ	35	阴平	
代	铜桂片		三都(江西铜鼓)	tʰ	ɔi	53	去声	
以	铜桂片		三都(江西铜鼓)	0	i	21	上声	
件	铜桂片		三都(江西铜鼓)	tɕʰ	iɛn	53	去声	
任	铜桂片		三都(江西铜鼓)	n	in	53	去声	责任
休	铜桂片		三都(江西铜鼓)	ɕ	iu	35	阴平	
会	铜桂片		三都(江西铜鼓)	f	ɛi	53	去声	开会
伞	铜桂片		三都(江西铜鼓)	s	an	21	上声	
伟	铜桂片		三都(江西铜鼓)	v	ɛi	21	上声	
伤	铜桂片		三都(江西铜鼓)	ʂ	ɔŋ	35	阴平	
伯	铜桂片		三都(江西铜鼓)	p	ak	1	阴入	
伴	铜桂片		三都(江西铜鼓)	pʰ	an	53	去声	
位	铜桂片		三都(江西铜鼓)	v	ɛi	53	去声	
低	铜桂片		三都(江西铜鼓)	t	ɛ	35	阴平	
住	铜桂片		三都(江西铜鼓)	tʂʰ	u	53	去声	
佛	铜桂片		三都(江西铜鼓)	f	ət	5	阳入	
使	铜桂片		三都(江西铜鼓)	s	ɿ	21	上声	
來	铜桂片		三都(江西铜鼓)	l	ɔi	13	阳平	
例	铜桂片		三都(江西铜鼓)	l	i	53	去声	
俗	铜桂片		三都(江西铜鼓)	s	iuk	5	阳入	
信	铜桂片		三都(江西铜鼓)	s	in	53	去声	
修	铜桂片		三都(江西铜鼓)	s	iu	35	阴平	
俻	铜桂片		三都(江西铜鼓)	pʰ	i	53	去声	
倉	铜桂片		三都(江西铜鼓)	tsʰ	ɔŋ	35	阴平	
倍	铜桂片		三都(江西铜鼓)	pʰ	i	53	去声	
借	铜桂片		三都(江西铜鼓)	ts	ia	53	去声	
债	铜桂片		三都(江西铜鼓)	ts	ai	53	去声	
倾	铜桂片		三都(江西铜鼓)	tɕʰ	in	35	阴平	
偉	铜桂片		三都(江西铜鼓)	v	ɛi	21	上声	
偏	铜桂片		三都(江西铜鼓)	pʰ	iɛn	35	阴平	
停	铜桂片		三都(江西铜鼓)	tʰ	in	13	阳平	
健	铜桂片		三都(江西铜鼓)	tɕʰ	iɛn	53	去声	
偪	铜桂片		三都(江西铜鼓)	p	it	1	阴入	
偷	铜桂片		三都(江西铜鼓)	tʰ	ɛu	35	阴平	
傑	铜桂片		三都(江西铜鼓)	tɕʰ	iɛt	5	阳入	
傘	铜桂片		三都(江西铜鼓)	s	an	21	上声	
備	铜桂片		三都(江西铜鼓)	pʰ	i	53	去声	
傲	铜桂片		三都(江西铜鼓)	ŋ	au	53	去声	
債	铜桂片		三都(江西铜鼓)	ts	ai	53	去声	
傷	铜桂片		三都(江西铜鼓)	ʂ	ɔŋ	35	阴平	
僊	铜桂片		三都(江西铜鼓)	s	iɛn	35	阴平	
像	铜桂片		三都(江西铜鼓)	tsʰ	iɔŋ	53	去声	像不像
儛	铜桂片		三都(江西铜鼓)	v	u	21	上声	
允	铜桂片		三都(江西铜鼓)	0	in	21	上声	
元	铜桂片		三都(江西铜鼓)	n	iɛn	13	阳平	
兄	铜桂片		三都(江西铜鼓)	ɕ	iaŋ	35	阴平	
先	铜桂片		三都(江西铜鼓)	s	iɛn	35	阴平	
光	铜桂片		三都(江西铜鼓)	k	ɔŋ	35	阴平	
兒	铜桂片		三都(江西铜鼓)	0	ə	13	阳平	
兔	铜桂片		三都(江西铜鼓)	tʰ	u	53	去声	
兜	铜桂片		三都(江西铜鼓)	t	ɛu	35	阴平	
入	铜桂片		三都(江西铜鼓)	n	it	5	阳入	
八	铜桂片		三都(江西铜鼓)	p	at	1	阴入	
公	铜桂片		三都(江西铜鼓)	k	əŋ	35	阴平	
六	铜桂片		三都(江西铜鼓)	l	iuk	1	阴入	
兰	铜桂片		三都(江西铜鼓)	l	an	13	阳平	
共	铜桂片		三都(江西铜鼓)	kʰ	əŋ	53	去声	
关	铜桂片		三都(江西铜鼓)	k	uan	35	阴平	
兴	铜桂片		三都(江西铜鼓)	ɕ	in	35	阴平	兴旺
兵	铜桂片		三都(江西铜鼓)	p	in	35	阴平	
具	铜桂片		三都(江西铜鼓)	tɕʰ	i	53	去声	
兼	铜桂片		三都(江西铜鼓)	tɕ	iɛn	35	阴平	
写	铜桂片		三都(江西铜鼓)	s	ia	21	上声	
军	铜桂片		三都(江西铜鼓)	tɕ	in	35	阴平	
农	铜桂片		三都(江西铜鼓)	n	əŋ	13	阳平	
冤	铜桂片		三都(江西铜鼓)	0	iɛn	35	阴平	
冬	铜桂片		三都(江西铜鼓)	t	əŋ	35	阴平	
冰	铜桂片		三都(江西铜鼓)	p	in	35	阴平	
冲	铜桂片		三都(江西铜鼓)	tʂʰ	əŋ	35	阴平	
准	铜桂片		三都(江西铜鼓)	tʂ	ən	21	上声	
凉	铜桂片		三都(江西铜鼓)	l	iɔŋ	13	阳平	
凡	铜桂片		三都(江西铜鼓)	f	an	13	阳平	
凤	铜桂片		三都(江西铜鼓)	f	əŋ	53	去声	
凶	铜桂片		三都(江西铜鼓)	ɕ	iəŋ	35	阴平	
凷	铜桂片		三都(江西铜鼓)	kʰ	uai	21	上声	
凿	铜桂片		三都(江西铜鼓)	tsʰ	ɔk	5	阳入	
刀	铜桂片		三都(江西铜鼓)	t	au	35	阴平	
分	铜桂片		三都(江西铜鼓)	f	ən	35	阴平	
切	铜桂片		三都(江西铜鼓)	tsʰ	iɛt	1	阴入	
刘	铜桂片		三都(江西铜鼓)	l	iu	13	阳平	
初	铜桂片		三都(江西铜鼓)	tsʰ	ɿ	35	阴平	
別	铜桂片		三都(江西铜鼓)	pʰ	iɛt	5	阳入	
刮	铜桂片		三都(江西铜鼓)	k	uat	1	阴入	
到	铜桂片		三都(江西铜鼓)	t	au	53	去声	
刷	铜桂片		三都(江西铜鼓)	ts	ɔt	1	阴入	
刻	铜桂片		三都(江西铜鼓)	kʰ	ɛk	1	阴入	
削	铜桂片		三都(江西铜鼓)	s	iɔk	1	阴入	
前	铜桂片		三都(江西铜鼓)	tsʰ	iɛn	13	阳平	
剝	铜桂片		三都(江西铜鼓)	p	ɔk	1	阴入	
剪	铜桂片		三都(江西铜鼓)	ts	iɛn	21	上声	
割	铜桂片		三都(江西铜鼓)	k	ɔt	1	阴入	
劉	铜桂片		三都(江西铜鼓)	l	iu	13	阳平	
劍	铜桂片		三都(江西铜鼓)	tɕ	iɛn	53	去声	
劒	铜桂片		三都(江西铜鼓)	tɕ	iɛn	53	去声	
劔	铜桂片		三都(江西铜鼓)	tɕ	iɛn	53	去声	
力	铜桂片		三都(江西铜鼓)	l	it	5	阳入	
劝	铜桂片		三都(江西铜鼓)	tɕʰ	iɛn	53	去声	
办	铜桂片		三都(江西铜鼓)	pʰ	an	53	去声	
加	铜桂片		三都(江西铜鼓)	k	a	35	阴平	
动	铜桂片		三都(江西铜鼓)	tʰ	əŋ	35	阴平	
助	铜桂片		三都(江西铜鼓)	tsʰ	ɿ	53	去声	
効	铜桂片		三都(江西铜鼓)	h	au	53	去声	
勋	铜桂片		三都(江西铜鼓)	ɕ	in	35	阴平	
動	铜桂片		三都(江西铜鼓)	tʰ	əŋ	35	阴平	
勛	铜桂片		三都(江西铜鼓)	ɕ	in	35	阴平	
勤	铜桂片		三都(江西铜鼓)	tɕʰ	in	13	阳平	
勳	铜桂片		三都(江西铜鼓)	ɕ	in	35	阴平	
勸	铜桂片		三都(江西铜鼓)	tɕʰ	iɛn	53	去声	
包	铜桂片		三都(江西铜鼓)	p	au	35	阴平	
化	铜桂片		三都(江西铜鼓)	f	a	53	去声	
北	铜桂片		三都(江西铜鼓)	p	ɛk	1	阴入	
匪	铜桂片		三都(江西铜鼓)	f	ɛi	21	上声	
匹	铜桂片		三都(江西铜鼓)	pʰ	it	1	阴入	
区	铜桂片		三都(江西铜鼓)	tɕʰ	i	35	阴平	
區	铜桂片		三都(江西铜鼓)	tɕʰ	i	35	阴平	
十	铜桂片		三都(江西铜鼓)	ʂ	ət	5	阳入	
千	铜桂片		三都(江西铜鼓)	tsʰ	iɛn	35	阴平	
半	铜桂片		三都(江西铜鼓)	p	an	53	去声	
华	铜桂片		三都(江西铜鼓)	f	a	35	阴平	
协	铜桂片		三都(江西铜鼓)	ɕ	iɛt	1	阴入	
協	铜桂片		三都(江西铜鼓)	ɕ	iɛt	1	阴入	
单	铜桂片		三都(江西铜鼓)	t	an	35	阴平	
卖	铜桂片		三都(江西铜鼓)	m	ai	53	去声	
南	铜桂片		三都(江西铜鼓)	n	an	13	阳平	
博	铜桂片		三都(江西铜鼓)	p	ɔk	1	阴入	
卤	铜桂片		三都(江西铜鼓)	s	i	35	阴平	
卥	铜桂片		三都(江西铜鼓)	s	i	35	阴平	
卫	铜桂片		三都(江西铜鼓)	v	ɛi	53	去声	
压	铜桂片		三都(江西铜鼓)	0	at	1	阴入	
厚	铜桂片		三都(江西铜鼓)	h	ɛu	53	去声	
原	铜桂片		三都(江西铜鼓)	n	iɛn	13	阳平	
叉	铜桂片		三都(江西铜鼓)	tsʰ	a	35	阴平	
及	铜桂片		三都(江西铜鼓)	tɕʰ	it	5	阳入	
双	铜桂片		三都(江西铜鼓)	s	əŋ	35	阴平	
受	铜桂片		三都(江西铜鼓)	ʂ	u	53	去声	
变	铜桂片		三都(江西铜鼓)	p	iɛn	53	去声	
叚	铜桂片		三都(江西铜鼓)	k	a	21	上声	真假
叛	铜桂片		三都(江西铜鼓)	pʰ	an	53	去声	
口	铜桂片		三都(江西铜鼓)	kʰ	ɛu	21	上声	
叫	铜桂片		三都(江西铜鼓)	tɕ	iau	53	去声	
可	铜桂片		三都(江西铜鼓)	kʰ	ɔ	21	上声	
叶	铜桂片		三都(江西铜鼓)	ɕ	iɛt	1	阴入	
各	铜桂片		三都(江西铜鼓)	k	ɔk	1	阴入	
合	铜桂片		三都(江西铜鼓)	h	at	5	阳入	
名	铜桂片		三都(江西铜鼓)	m/m	iaŋ/in	13/13	阳平/阳平	白读<br>文读
吓	铜桂片		三都(江西铜鼓)	h	ak	1	阴入	
吞	铜桂片		三都(江西铜鼓)	tʰ	ən	35	阴平	
含	铜桂片		三都(江西铜鼓)	h	an	5	阳入	
启	铜桂片		三都(江西铜鼓)	tɕʰ	i	21	上声	
吳	铜桂片		三都(江西铜鼓)	0	ŋ	13	阳平	
吹	铜桂片		三都(江西铜鼓)	tʂʰ	ɛ	35	阴平	
呂	铜桂片		三都(江西铜鼓)	l	i	35	阴平	
周	铜桂片		三都(江西铜鼓)	tʂ	u	35	阴平	
呪	铜桂片		三都(江西铜鼓)	tʂ	u	53	去声	
味	铜桂片		三都(江西铜鼓)	v	i	53	去声	
命	铜桂片		三都(江西铜鼓)	m/m	iaŋ/in	53/53	去声/去声	白读<br>文读
哀	铜桂片		三都(江西铜鼓)	0	ɔi	35	阴平	
品	铜桂片		三都(江西铜鼓)	pʰ	in	21	上声	
响	铜桂片		三都(江西铜鼓)	ɕ	iɔŋ	21	上声	
唆	铜桂片		三都(江西铜鼓)	s	ɔ	35	阴平	
唱	铜桂片		三都(江西铜鼓)	tʂʰ	ɔŋ	53	去声	
問	铜桂片		三都(江西铜鼓)	v	ən	53	去声	
啓	铜桂片		三都(江西铜鼓)	tɕʰ	i	21	上声	
啟	铜桂片		三都(江西铜鼓)	tɕʰ	i	21	上声	
善	铜桂片		三都(江西铜鼓)	ʂ	ɛn	53	去声	
喉	铜桂片		三都(江西铜鼓)	h	ɛu	13	阳平	
喊	铜桂片		三都(江西铜鼓)	h	an	21	上声	
喜	铜桂片		三都(江西铜鼓)	ɕ	i	21	上声	
單	铜桂片		三都(江西铜鼓)	t	an	35	阴平	
嘗	铜桂片		三都(江西铜鼓)	ʂ	ɔŋ	13	阳平	
噏	铜桂片		三都(江西铜鼓)	tɕʰ	it	5	阳入	
器	铜桂片		三都(江西铜鼓)	tɕʰ	i	53	去声	
嚇	铜桂片		三都(江西铜鼓)	h	ak	1	阴入	
嚴	铜桂片		三都(江西铜鼓)	n	iɛn	13	阳平	
四	铜桂片		三都(江西铜鼓)	s	i	53	去声	
回	铜桂片		三都(江西铜鼓)	f	ɛi	13	阳平	
因	铜桂片		三都(江西铜鼓)	0	in	35	阴平	
团	铜桂片		三都(江西铜鼓)	tʰ	ɔn	13	阳平	
囪	铜桂片		三都(江西铜鼓)	tsʰ/tsʰ	ɔŋ/əŋ	35/35	阴平/阴平	文读<br>白读
困	铜桂片		三都(江西铜鼓)	kʰ	un	53	去声	
围	铜桂片		三都(江西铜鼓)	v	ɛi	13	阳平	
国	铜桂片		三都(江西铜鼓)	k	uɛk	1	阴入	
图	铜桂片		三都(江西铜鼓)	tʰ	u	13	阳平	
圆	铜桂片		三都(江西铜鼓)	0	iɛn	13	阳平	
國	铜桂片		三都(江西铜鼓)	k	uɛk	1	阴入	
圍	铜桂片		三都(江西铜鼓)	v	ɛi	13	阳平	
圓	铜桂片		三都(江西铜鼓)	0	iɛn	13	阳平	
圖	铜桂片		三都(江西铜鼓)	tʰ	u	13	阳平	
團	铜桂片		三都(江西铜鼓)	tʰ	ɔn	13	阳平	
圜	铜桂片		三都(江西铜鼓)	0	iɛn	13	阳平	
土	铜桂片		三都(江西铜鼓)	tʰ	u	21	上声	
地	铜桂片		三都(江西铜鼓)	tʰ	i	53	去声	
坐	铜桂片		三都(江西铜鼓)	tsʰ	ɔ	35	阴平	
坑	铜桂片		三都(江西铜鼓)	h	aŋ	35	阴平	
坟	铜桂片		三都(江西铜鼓)	f	ən	13	阳平	
坡	铜桂片		三都(江西铜鼓)	pʰ	ɔ	35	阴平	
坣	铜桂片		三都(江西铜鼓)	tʰ	ɔŋ	13	阳平	
坼	铜桂片		三都(江西铜鼓)	tsʰ	ak	1	阴入	
垫	铜桂片		三都(江西铜鼓)	tʰ	iɛn	53	去声	
埋	铜桂片		三都(江西铜鼓)	m	ai	35	阴平	
基	铜桂片		三都(江西铜鼓)	tɕ	i	35	阴平	
埽	铜桂片		三都(江西铜鼓)	s	au	53	去声	
埿	铜桂片		三都(江西铜鼓)	n	ɛ	13	阳平	
堂	铜桂片		三都(江西铜鼓)	tʰ	ɔŋ	13	阳平	
堆	铜桂片		三都(江西铜鼓)	t	ɛi	35	阴平	
堖	铜桂片		三都(江西铜鼓)	n	au	21	上声	
堦	铜桂片		三都(江西铜鼓)	k	ai	35	阴平	
報	铜桂片		三都(江西铜鼓)	p	au	53	去声	
塊	铜桂片		三都(江西铜鼓)	kʰ	uai	21	上声	
塔	铜桂片		三都(江西铜鼓)	tʰ	at	1	阴入	
塗	铜桂片		三都(江西铜鼓)	tʰ	u	13	阳平	
填	铜桂片		三都(江西铜鼓)	tʰ	iɛn	13	阳平	
墊	铜桂片		三都(江西铜鼓)	tʰ	iɛn	53	去声	
墓	铜桂片		三都(江西铜鼓)	m	u	53	去声	
墙	铜桂片		三都(江西铜鼓)	tsʰ	iɔŋ	13	阳平	
墨	铜桂片		三都(江西铜鼓)	m	ɛk	5	阳入	
墩	铜桂片		三都(江西铜鼓)	t	ən	35	阴平	
墬	铜桂片		三都(江西铜鼓)	tʰ	i	53	去声	
墻	铜桂片		三都(江西铜鼓)	tsʰ	iɔŋ	13	阳平	
壁	铜桂片		三都(江西铜鼓)	p	iak	1	阴入	
壄	铜桂片		三都(江西铜鼓)	0	ia	35	阴平	
壓	铜桂片		三都(江西铜鼓)	0	at	1	阴入	
士	铜桂片		三都(江西铜鼓)	s	ɿ	53	去声	
壮	铜桂片		三都(江西铜鼓)	ts	ɔŋ	53	去声	
壯	铜桂片		三都(江西铜鼓)	ts	ɔŋ	53	去声	
声	铜桂片		三都(江西铜鼓)	ʂ	aŋ	35	阴平	
壽	铜桂片		三都(江西铜鼓)	ʂ	u	53	去声	
备	铜桂片		三都(江西铜鼓)	pʰ	i	53	去声	
外	铜桂片		三都(江西铜鼓)	ŋ	ɔi	53	去声	
多	铜桂片		三都(江西铜鼓)	t	ɔ	35	阴平	
夜	铜桂片		三都(江西铜鼓)	0	ia	53	去声	
天	铜桂片		三都(江西铜鼓)	tʰ	iɛn	35	阴平	
太	铜桂片		三都(江西铜鼓)	tʰ	ai	53	去声	
夫	铜桂片		三都(江西铜鼓)	f	u	35	阴平	
失	铜桂片		三都(江西铜鼓)	s	ət	1	阴入	
头	铜桂片		三都(江西铜鼓)	tʰ	ɛu	13	阳平	
夺	铜桂片		三都(江西铜鼓)	tʰ	ɔt	5	阳入	
奪	铜桂片		三都(江西铜鼓)	tʰ	ɔt	5	阳入	
女	铜桂片		三都(江西铜鼓)	n	i	21	上声	
好	铜桂片		三都(江西铜鼓)	h	au	21	上声	好坏
妇	铜桂片		三都(江西铜鼓)	f	u	53	去声	
妙	铜桂片		三都(江西铜鼓)	m	iau	53	去声	
妻	铜桂片		三都(江西铜鼓)	tsʰ	i	35	阴平	
始	铜桂片		三都(江西铜鼓)	tʂʰ	ʅ	21	上声	
姓	铜桂片		三都(江西铜鼓)	s	iaŋ	53	去声	
委	铜桂片		三都(江西铜鼓)	v	ɛi	21	上声	
姦	铜桂片		三都(江西铜鼓)	k	an	35	阴平	
姨	铜桂片		三都(江西铜鼓)	0	i	13	阳平	
威	铜桂片		三都(江西铜鼓)	v	ɛi	35	阴平	
娘	铜桂片		三都(江西铜鼓)	n	iɔŋ	13	阳平	
婆	铜桂片		三都(江西铜鼓)	pʰ	ɔ	13	阳平	
婦	铜桂片		三都(江西铜鼓)	f	u	53	去声	
媆	铜桂片		三都(江西铜鼓)	n	ən	53	去声	
嫁	铜桂片		三都(江西铜鼓)	k	a	53	去声	
嫂	铜桂片		三都(江西铜鼓)	s	au	21	上声	
嫌	铜桂片		三都(江西铜鼓)	ɕ	iɛn	13	阳平	
嫩	铜桂片		三都(江西铜鼓)	n	ən	53	去声	
嬾	铜桂片		三都(江西铜鼓)		an	35	阴平	
子	铜桂片		三都(江西铜鼓)	ts	ɿ	21	上声	
字	铜桂片		三都(江西铜鼓)	s	ɿ	53	去声	
孙	铜桂片		三都(江西铜鼓)	s	ən	35	阴平	
孟	铜桂片		三都(江西铜鼓)	m	əŋ	53	去声	
学	铜桂片		三都(江西铜鼓)	h	ɔk	5	阳入	
孫	铜桂片		三都(江西铜鼓)	s	ən	35	阴平	
學	铜桂片		三都(江西铜鼓)	h	ɔk	5	阳入	
孼	铜桂片		三都(江西铜鼓)	n	iɛt	1	阴入	
孽	铜桂片		三都(江西铜鼓)	n	iɛt	1	阴入	
守	铜桂片		三都(江西铜鼓)	ʂ	u	21	上声	
安	铜桂片		三都(江西铜鼓)	0	ɔn	35	阴平	
完	铜桂片		三都(江西铜鼓)	v	ɔn	13	阳平	
宗	铜桂片		三都(江西铜鼓)	ts	əŋ	35	阴平	
官	铜桂片		三都(江西铜鼓)	k	uɔn	35	阴平	
定	铜桂片		三都(江西铜鼓)	tʰ	in	53	去声	
宝	铜桂片		三都(江西铜鼓)	p	au	21	上声	
实	铜桂片		三都(江西铜鼓)	ʂ	ət	5	阳入	
客	铜桂片		三都(江西铜鼓)	kʰ	ak	1	阴入	
宮	铜桂片		三都(江西铜鼓)	k	əŋ	35	阴平	
宽	铜桂片		三都(江西铜鼓)	kʰ	uan	35	阴平	
宾	铜桂片		三都(江西铜鼓)	p	in	35	阴平	
寄	铜桂片		三都(江西铜鼓)	tɕ	i	53	去声	
密	铜桂片		三都(江西铜鼓)	m	it	5	阳入	
富	铜桂片		三都(江西铜鼓)	f	u	53	去声	
寒	铜桂片		三都(江西铜鼓)	h	ɔn	13	阳平	
察	铜桂片		三都(江西铜鼓)	tsʰ	at	1	阴入	
實	铜桂片		三都(江西铜鼓)	ʂ	ət	5	阳入	
寫	铜桂片		三都(江西铜鼓)	s	ia	21	上声	
寬	铜桂片		三都(江西铜鼓)	kʰ	uan	35	阴平	
寴	铜桂片		三都(江西铜鼓)	tsʰ	in	35	阴平	
寶	铜桂片		三都(江西铜鼓)	p	au	21	上声	
对	铜桂片		三都(江西铜鼓)	t	ɛi	53	去声	
寻	铜桂片		三都(江西铜鼓)	tsʰ	in	13	阳平	
寿	铜桂片		三都(江西铜鼓)	ʂ	u	53	去声	
封	铜桂片		三都(江西铜鼓)	f	əŋ	35	阴平	
射	铜桂片		三都(江西铜鼓)	ʂ	a	53	去声	
尊	铜桂片		三都(江西铜鼓)	ts	ən	35	阴平	
尋	铜桂片		三都(江西铜鼓)	tsʰ	in	13	阳平	
對	铜桂片		三都(江西铜鼓)	t	ɛi	53	去声	
小	铜桂片		三都(江西铜鼓)	s	iau	21	上声	
少	铜桂片		三都(江西铜鼓)	ʂ	au	21	上声	多少
尖	铜桂片		三都(江西铜鼓)	ts	iɛn	35	阴平	
尝	铜桂片		三都(江西铜鼓)	ʂ	ɔŋ	13	阳平	
就	铜桂片		三都(江西铜鼓)	tsʰ	iu	53	去声	
尺	铜桂片		三都(江西铜鼓)	tʂʰ	ak	1	阴入	
尿	铜桂片		三都(江西铜鼓)	n	iau	53	去声	
局	铜桂片		三都(江西铜鼓)	tɕʰ	iuk	5	阳入	
层	铜桂片		三都(江西铜鼓)	tsʰ	ɛn	13	阳平	
屋	铜桂片		三都(江西铜鼓)	v	uk	1	阴入	
屍	铜桂片		三都(江西铜鼓)	ʂ	ʅ	35	阴平	
屎	铜桂片		三都(江西铜鼓)	ʂ	ʅ	21	上声	
展	铜桂片		三都(江西铜鼓)	tʂ	ɛn	21	上声	
層	铜桂片		三都(江西铜鼓)	tsʰ	ɛn	13	阳平	
岁	铜桂片		三都(江西铜鼓)	s	ɛi	53	去声	
岔	铜桂片		三都(江西铜鼓)	tsʰ	a	35	阴平	
岸	铜桂片		三都(江西铜鼓)	ŋ	ɔn	53	去声	
峕	铜桂片		三都(江西铜鼓)	ʂ	ʅ	13	阳平	
嶺	铜桂片		三都(江西铜鼓)	l	iaŋ	35	阴平	
州	铜桂片		三都(江西铜鼓)	tʂ	u	35	阴平	
巢	铜桂片		三都(江西铜鼓)	tsʰ	au	13	阳平	
工	铜桂片		三都(江西铜鼓)	k	əŋ	35	阴平	
巷	铜桂片		三都(江西铜鼓)	h	ɔŋ	53	去声	
巾	铜桂片		三都(江西铜鼓)	tɕ	in	35	阴平	
市	铜桂片		三都(江西铜鼓)	ʂ	ʅ	53	去声	
布	铜桂片		三都(江西铜鼓)	p	u	53	去声	
帅	铜桂片		三都(江西铜鼓)	s	ai	53	去声	
师	铜桂片		三都(江西铜鼓)	s	ɿ	35	阴平	
帋	铜桂片		三都(江西铜鼓)	tʂ	ʅ	21	上声	
帒	铜桂片		三都(江西铜鼓)	tʰ	ɔi	53	去声	
帚	铜桂片		三都(江西铜鼓)	tʂ	u	21	上声	
帥	铜桂片		三都(江西铜鼓)	s	ai	53	去声	
带	铜桂片		三都(江西铜鼓)	t	ai	53	去声	
師	铜桂片		三都(江西铜鼓)	s	ɿ	35	阴平	
帬	铜桂片		三都(江西铜鼓)	tɕʰ	in	13	阳平	
帮	铜桂片		三都(江西铜鼓)	p	ɔŋ	35	阴平	
帳	铜桂片		三都(江西铜鼓)	tʂ	ɔŋ	53	去声	
帶	铜桂片		三都(江西铜鼓)	t	ai	53	去声	
常	铜桂片		三都(江西铜鼓)	ʂ	ɔŋ	13	阳平	
帽	铜桂片		三都(江西铜鼓)	m	au	53	去声	
幫	铜桂片		三都(江西铜鼓)	p	ɔŋ	35	阴平	
平	铜桂片		三都(江西铜鼓)	pʰ/pʰ	iaŋ/in	13/13	阳平/阳平	白读<br>文读
年	铜桂片		三都(江西铜鼓)	n	iɛn	13	阳平	
幹	铜桂片		三都(江西铜鼓)	k	ɔn	53	去声	干活
床	铜桂片		三都(江西铜鼓)	tsʰ	ɔŋ	13	阳平	
应	铜桂片		三都(江西铜鼓)	0	in	35	阴平	应当
店	铜桂片		三都(江西铜鼓)	t	iɛn	53	去声	
庙	铜桂片		三都(江西铜鼓)	m	iau	53	去声	
度	铜桂片		三都(江西铜鼓)	tʰ	u	53	去声	
座	铜桂片		三都(江西铜鼓)	tsʰ	ɔ	53	去声	
庿	铜桂片		三都(江西铜鼓)	m	iau	53	去声	
廚	铜桂片		三都(江西铜鼓)	tʂʰ	u	13	阳平	
廟	铜桂片		三都(江西铜鼓)	m	iau	53	去声	
廠	铜桂片		三都(江西铜鼓)	tʂʰ	ɔŋ	21	上声	
廧	铜桂片		三都(江西铜鼓)	tsʰ	iɔŋ	13	阳平	
延	铜桂片		三都(江西铜鼓)	0	iɛn	13	阳平	
建	铜桂片		三都(江西铜鼓)	tɕ	iɛn	53	去声	
开	铜桂片		三都(江西铜鼓)	kʰ	ɔi	35	阴平	
弊	铜桂片		三都(江西铜鼓)	p	i	53	去声	
弌	铜桂片		三都(江西铜鼓)	0	it	1	阴入	
弍	铜桂片		三都(江西铜鼓)	n	i	53	去声	
弓	铜桂片		三都(江西铜鼓)	k	əŋ	35	阴平	
引	铜桂片		三都(江西铜鼓)	0	in	21	上声	
弟	铜桂片		三都(江西铜鼓)	tʰ/tʰ	ɛ/i	35/53	阴平/去声	白读<br>文读
弯	铜桂片		三都(江西铜鼓)	v	an	35	阴平	
弱	铜桂片		三都(江西铜鼓)	n	iɔk	5	阳入	
張	铜桂片		三都(江西铜鼓)	tʂ	ɔŋ	35	阴平	
強	铜桂片		三都(江西铜鼓)	tɕʰ	iɔŋ	13	阳平	强大
强	铜桂片		三都(江西铜鼓)	tɕʰ	iɔŋ	13	阳平	强大
彊	铜桂片		三都(江西铜鼓)	tɕʰ	iɔŋ	13	阳平	强大
彎	铜桂片		三都(江西铜鼓)	v	an	35	阴平	
归	铜桂片		三都(江西铜鼓)	k	ui	35	阴平	
形	铜桂片		三都(江西铜鼓)	ɕ	in	13	阳平	
彪	铜桂片		三都(江西铜鼓)	p	iau	35	阴平	
彭	铜桂片		三都(江西铜鼓)	pʰ	aŋ	35	阴平	
影	铜桂片		三都(江西铜鼓)	0/0	iaŋ/in	21/21	上声/上声	白读<br>文读
役	铜桂片		三都(江西铜鼓)	0	it	1	阴入	
待	铜桂片		三都(江西铜鼓)	tʰ	ɔi	53	去声	
律	铜桂片		三都(江西铜鼓)	l	it	5	阳入	
後	铜桂片		三都(江西铜鼓)	h	ɛu	53	去声	前后
徐	铜桂片		三都(江西铜鼓)	tsʰ	i	13	阳平	
從	铜桂片		三都(江西铜鼓)	tsʰ	əŋ	13	阳平	从来
徧	铜桂片		三都(江西铜鼓)	pʰ	iɛn	53	去声	
心	铜桂片		三都(江西铜鼓)	s	in	35	阴平	
忍	铜桂片		三都(江西铜鼓)	n	in	35	阴平	
志	铜桂片		三都(江西铜鼓)	tʂ	ʅ	53	去声	
忙	铜桂片		三都(江西铜鼓)	m	ɔŋ	13	阳平	
快	铜桂片		三都(江西铜鼓)	kʰ	uai	53	去声	
念	铜桂片		三都(江西铜鼓)	n	iɛn	53	去声	
忽	铜桂片		三都(江西铜鼓)	f	ət	5	阳入	
怕	铜桂片		三都(江西铜鼓)	pʰ	a	53	去声	
急	铜桂片		三都(江西铜鼓)	tɕ	it	1	阴入	
怪	铜桂片		三都(江西铜鼓)	k	uai	53	去声	
恐	铜桂片		三都(江西铜鼓)	kʰ	əŋ	21	上声	
恠	铜桂片		三都(江西铜鼓)	k	uai	53	去声	
恥	铜桂片		三都(江西铜鼓)	tʂʰ	ʅ	21	上声	
恨	铜桂片		三都(江西铜鼓)	h	ɛn	53	去声	
恾	铜桂片		三都(江西铜鼓)	m	ɔŋ	13	阳平	
悔	铜桂片		三都(江西铜鼓)	f	ɛi	21	上声	
悲	铜桂片		三都(江西铜鼓)	p	i	35	阴平	
情	铜桂片		三都(江西铜鼓)	tsʰ	in	13	阳平	
惜	铜桂片		三都(江西铜鼓)	s	it	1	阴入	
惡	铜桂片		三都(江西铜鼓)	0	ɔk	1	阴入	善恶
惯	铜桂片		三都(江西铜鼓)	k	uan	53	去声	
想	铜桂片		三都(江西铜鼓)	s	iɔŋ	21	上声	
惹	铜桂片		三都(江西铜鼓)	n	ia	35	阴平	
愁	铜桂片		三都(江西铜鼓)	tsʰ	ɛu	13	阳平	
意	铜桂片		三都(江西铜鼓)	0	i	53	去声	
愛	铜桂片		三都(江西铜鼓)	ŋ	ɔi	53	去声	
慈	铜桂片		三都(江西铜鼓)	tsʰ	ɿ	13	阳平	
慢	铜桂片		三都(江西铜鼓)	m	an	53	去声	
慣	铜桂片		三都(江西铜鼓)	k	uan	53	去声	
憂	铜桂片		三都(江西铜鼓)	0	iu	35	阴平	
懂	铜桂片		三都(江西铜鼓)	t	əŋ	21	上声	
應	铜桂片		三都(江西铜鼓)	0	in	35	阴平	应当
懒	铜桂片		三都(江西铜鼓)	l	an	35	阴平	
懶	铜桂片		三都(江西铜鼓)	l	an	35	阴平	
懷	铜桂片		三都(江西铜鼓)	f	ai	13	阳平	
懽	铜桂片		三都(江西铜鼓)	f	ɔn	35	阴平	
戏	铜桂片		三都(江西铜鼓)	ɕ	i	53	去声	
成	铜桂片		三都(江西铜鼓)	ʂ/tʂʰ	aŋ/ən	13/13	阳平/阳平	白读<br>文读
战	铜桂片		三都(江西铜鼓)	tʂ	ɛn	53	去声	
戰	铜桂片		三都(江西铜鼓)	tʂ	ɛn	53	去声	
戲	铜桂片		三都(江西铜鼓)	ɕ	i	53	去声	
戶	铜桂片		三都(江西铜鼓)	f	u	53	去声	
戸	铜桂片		三都(江西铜鼓)	f	u	53	去声	
房	铜桂片		三都(江西铜鼓)	f	ɔŋ	13	阳平	
扇	铜桂片		三都(江西铜鼓)	ʂ	ɛn	53	去声	扇子
手	铜桂片		三都(江西铜鼓)	ʂ	u	21	上声	
扯	铜桂片		三都(江西铜鼓)	tʂʰ	a	21	上声	
扶	铜桂片		三都(江西铜鼓)	f	u	13	阳平	
批	铜桂片		三都(江西铜鼓)	pʰ	i	35	阴平	
抄	铜桂片		三都(江西铜鼓)	tsʰ	au	35	阴平	
把	铜桂片		三都(江西铜鼓)	p	a	21	上声	
折	铜桂片		三都(江西铜鼓)	tʂ	ɛt	1	阴入	折断
报	铜桂片		三都(江西铜鼓)	p	au	53	去声	
披	铜桂片		三都(江西铜鼓)	pʰ	i	35	阴平	
抭	铜桂片		三都(江西铜鼓)	0	iau	21	上声	
抱	铜桂片		三都(江西铜鼓)	pʰ	au	53	去声	
抹	铜桂片		三都(江西铜鼓)	m	at	1	阴入	
抽	铜桂片		三都(江西铜鼓)	tʂʰ	u	35	阴平	
拈	铜桂片		三都(江西铜鼓)	n	iɛn	35	阴平	
拏	铜桂片		三都(江西铜鼓)	n	ak	5	阳入	
拕	铜桂片		三都(江西铜鼓)	tʰ	ɔ	35	阴平	
招	铜桂片		三都(江西铜鼓)	tʂ	au	35	阴平	
拜	铜桂片		三都(江西铜鼓)	p	ai	53	去声	
拣	铜桂片		三都(江西铜鼓)	k	an	21	上声	
括	铜桂片		三都(江西铜鼓)	k	uat	5	阳入	
拱	铜桂片		三都(江西铜鼓)	k	əŋ	21	上声	
拳	铜桂片		三都(江西铜鼓)	tɕʰ	iɛn	13	阳平	
挂	铜桂片		三都(江西铜鼓)		ua	53	去声	
指	铜桂片		三都(江西铜鼓)	tʂ	ʅ	21	上声	动、名
挑	铜桂片		三都(江西铜鼓)	tʰ	iau	35	阴平	
捉	铜桂片		三都(江西铜鼓)	ts	ɔk	1	阴入	
捋	铜桂片		三都(江西铜鼓)	l	ɔt	5	阳入	
捏	铜桂片		三都(江西铜鼓)	n	iɛt	5	阳入	
捞	铜桂片		三都(江西铜鼓)	l	au	35	阴平	
捨	铜桂片		三都(江西铜鼓)	ʂ	a	21	上声	舍不得
捭	铜桂片		三都(江西铜鼓)	p	ai	21	上声	
掀	铜桂片		三都(江西铜鼓)	ɕ	iɛn	35	阴平	
掃	铜桂片		三都(江西铜鼓)	s	au	53	去声	扫地
掌	铜桂片		三都(江西铜鼓)	tʂ	ɔŋ	21	上声	
排	铜桂片		三都(江西铜鼓)	pʰ	ai	35	阴平	
掛	铜桂片		三都(江西铜鼓)	k	ua	53	去声	
接	铜桂片		三都(江西铜鼓)	ts	iɛt	1	阴入	
揀	铜桂片		三都(江西铜鼓)	k	an	21	上声	
插	铜桂片		三都(江西铜鼓)	tsʰ	at	1	阴入	
換	铜桂片		三都(江西铜鼓)	v	ɔn	53	去声	
搅	铜桂片		三都(江西铜鼓)	k	au	21	上声	
搖	铜桂片		三都(江西铜鼓)	0	iau	13	阳平	
搜	铜桂片		三都(江西铜鼓)	s	ɛu	35	阴平	
摊	铜桂片		三都(江西铜鼓)	tʰ	an	35	阴平	
摘	铜桂片		三都(江西铜鼓)	ts	ak	1	阴入	
摤	铜桂片		三都(江西铜鼓)	tsʰ	iɔŋ	21	上声	
摸	铜桂片		三都(江西铜鼓)	m	ɔ	35	阴平	
摺	铜桂片		三都(江西铜鼓)	tʂ	ɛt	1	阴入	折叠
撆	铜桂片		三都(江西铜鼓)	pʰ	iɛt	1	阴入	
撇	铜桂片		三都(江西铜鼓)	pʰ	iɛt	1	阴入	
撈	铜桂片		三都(江西铜鼓)	l	au	35	阴平	
撘	铜桂片		三都(江西铜鼓)	t	at	1	阴入	
撦	铜桂片		三都(江西铜鼓)	tʂʰ	a	21	上声	
操	铜桂片		三都(江西铜鼓)	tsʰ	au	13	阳平	体操
擔	铜桂片		三都(江西铜鼓)	t	an	35	阴平	担任
擺	铜桂片		三都(江西铜鼓)	p	ai	21	上声	
攃	铜桂片		三都(江西铜鼓)	tsʰ	at	1	阴入	
攤	铜桂片		三都(江西铜鼓)	tʰ	an	35	阴平	
攪	铜桂片		三都(江西铜鼓)	k	au	21	上声	
支	铜桂片		三都(江西铜鼓)	tʂ	ʅ	35	阴平	
收	铜桂片		三都(江西铜鼓)	ʂ	u	35	阴平	
攷	铜桂片		三都(江西铜鼓)	kʰ	au	21	上声	
改	铜桂片		三都(江西铜鼓)	k	ɔi	21	上声	
放	铜桂片		三都(江西铜鼓)	f	ɔŋ	53	去声	
效	铜桂片		三都(江西铜鼓)	h	au	53	去声	
救	铜桂片		三都(江西铜鼓)	tɕ	iu	53	去声	
敗	铜桂片		三都(江西铜鼓)	pʰ	ai	53	去声	
敢	铜桂片		三都(江西铜鼓)	k	an	21	上声	
散	铜桂片		三都(江西铜鼓)	s	an	53	去声	分散
敵	铜桂片		三都(江西铜鼓)	tʰ	it	5	阳入	
敶	铜桂片		三都(江西铜鼓)	tʂʰ	ən	13	阳平	
斃	铜桂片		三都(江西铜鼓)	p	i	53	去声	
斗	铜桂片		三都(江西铜鼓)	t	ɛu	21	上声	一斗
斜	铜桂片		三都(江西铜鼓)	tsʰ	ia	13	阳平	
斤	铜桂片		三都(江西铜鼓)	tɕ	in	35	阴平	
斧	铜桂片		三都(江西铜鼓)	f	u	13	阳平	
斩	铜桂片		三都(江西铜鼓)	ts	an	21	上声	
斬	铜桂片		三都(江西铜鼓)	ts	an	21	上声	
新	铜桂片		三都(江西铜鼓)	s	in	35	阴平	
方	铜桂片		三都(江西铜鼓)	f	ɔŋ	35	阴平	
旗	铜桂片		三都(江西铜鼓)	tɕʰ	i	13	阳平	
日	铜桂片		三都(江西铜鼓)	n	it	1	阴入	
旧	铜桂片		三都(江西铜鼓)	tɕʰ	iu	53	去声	
早	铜桂片		三都(江西铜鼓)	ts	au	21	上声	
旱	铜桂片		三都(江西铜鼓)	h	ɔn	53	去声	
时	铜桂片		三都(江西铜鼓)	ʂ	ʅ	13	阳平	
旹	铜桂片		三都(江西铜鼓)	ʂ	ʅ	13	阳平	
昇	铜桂片		三都(江西铜鼓)	ʂ	ən	35	阴平	
昋	铜桂片		三都(江西铜鼓)	k	ui	53	去声	
昌	铜桂片		三都(江西铜鼓)	tʂʰ	ɔŋ	35	阴平	
明	铜桂片		三都(江西铜鼓)	m/m	iaŋ/in	13/13	阳平/阳平	白读<br>文读
昏	铜桂片		三都(江西铜鼓)	f	ən	35	阴平	
易	铜桂片		三都(江西铜鼓)	0	i	53	去声	易容
星	铜桂片		三都(江西铜鼓)	s/s	iaŋ/in	35/35	阴平/阴平	白读<br>文读
春	铜桂片		三都(江西铜鼓)	tʂʰ	ən	35	阴平	
是	铜桂片		三都(江西铜鼓)	ʂ	ʅ	53	去声	
昼	铜桂片		三都(江西铜鼓)	tʂ	u	53	去声	
時	铜桂片		三都(江西铜鼓)	ʂ	ʅ	13	阳平	
晓	铜桂片		三都(江西铜鼓)	ɕ	iau	21	上声	
晝	铜桂片		三都(江西铜鼓)	tʂ	u	53	去声	
晴	铜桂片		三都(江西铜鼓)	tsʰ	iaŋ	13	阳平	
暖	铜桂片		三都(江西铜鼓)	n	ɔn	35	阴平	
暗	铜桂片		三都(江西铜鼓)	0	an	53	去声	
暜	铜桂片		三都(江西铜鼓)	tʰ	i	53	去声	
曐	铜桂片		三都(江西铜鼓)	s/s	iaŋ/in	35/35	阴平/阴平	白读<br>文读
曡	铜桂片		三都(江西铜鼓)	tʰ	iɛt	5	阳入	
曲	铜桂片		三都(江西铜鼓)	tɕʰ	iuk	1	阴入	
書	铜桂片		三都(江西铜鼓)	ʂ	u	35	阴平	
曹	铜桂片		三都(江西铜鼓)	tsʰ	au	13	阳平	
替	铜桂片		三都(江西铜鼓)	tʰ	i	53	去声	
最	铜桂片		三都(江西铜鼓)	ts	ɛi	53	去声	
會	铜桂片		三都(江西铜鼓)	f	ɛi	53	去声	开会
月	铜桂片		三都(江西铜鼓)	n	iɛt	5	阳入	
有	铜桂片		三都(江西铜鼓)	0	iu	35	阴平	
服	铜桂片		三都(江西铜鼓)	f	uk	5	阳入	
朝	铜桂片		三都(江西铜鼓)	tʂ	au	35	阴平	今朝
末	铜桂片		三都(江西铜鼓)	m	at	5	阳入	
本	铜桂片		三都(江西铜鼓)	p	ən	21	上声	
朵	铜桂片		三都(江西铜鼓)	t	ɔ	21	上声	
杀	铜桂片		三都(江西铜鼓)	s	at	1	阴入	
杂	铜桂片		三都(江西铜鼓)	tsʰ	at	5	阳入	
权	铜桂片		三都(江西铜鼓)	tɕʰ	iɛn	13	阳平	
杉	铜桂片		三都(江西铜鼓)	s	a	35	阴平	
李	铜桂片		三都(江西铜鼓)	l	i	21	上声	
村	铜桂片		三都(江西铜鼓)	tsʰ	ən	35	阴平	
杜	铜桂片		三都(江西铜鼓)	tʰ	u	53	去声	
条	铜桂片		三都(江西铜鼓)	tʰ	iau	13	阳平	
来	铜桂片		三都(江西铜鼓)	l	ɔi	13	阳平	
杨	铜桂片		三都(江西铜鼓)	0	iɔŋ	13	阳平	
杯	铜桂片		三都(江西铜鼓)	p	i	35	阴平	
東	铜桂片		三都(江西铜鼓)	t	əŋ	35	阴平	
杷	铜桂片		三都(江西铜鼓)	pʰ	a	13	阳平	犁耙
松	铜桂片		三都(江西铜鼓)	tsʰ	əŋ	13	阳平	松树
板	铜桂片		三都(江西铜鼓)	p	an	21	上声	
林	铜桂片		三都(江西铜鼓)	l	in	13	阳平	
果	铜桂片		三都(江西铜鼓)	k	ɔ	21	上声	
枪	铜桂片		三都(江西铜鼓)	tsʰ	iɔŋ	35	阴平	
枯	铜桂片		三都(江西铜鼓)	kʰ	u	35	阴平	
枴	铜桂片		三都(江西铜鼓)	k	uai	21	上声	
柄	铜桂片		三都(江西铜鼓)	p	in	21	上声	
柈	铜桂片		三都(江西铜鼓)	pʰ	an	13	阳平	
柑	铜桂片		三都(江西铜鼓)	k	an	35	阴平	
染	铜桂片		三都(江西铜鼓)	n	iɛn	21	上声	
查	铜桂片		三都(江西铜鼓)	tsʰ	a	13	阳平	
柱	铜桂片		三都(江西铜鼓)	tʂʰ	u	35	阴平	
柳	铜桂片		三都(江西铜鼓)	l	iu	21	上声	
柿	铜桂片		三都(江西铜鼓)	tsʰ	ɿ	53	去声	
标	铜桂片		三都(江西铜鼓)	p	iau	35	阴平	
栗	铜桂片		三都(江西铜鼓)	l	it	5	阳入	
根	铜桂片		三都(江西铜鼓)	k	ɛn	35	阴平	
桂	铜桂片		三都(江西铜鼓)	k	ui	53	去声	
桃	铜桂片		三都(江西铜鼓)	tʰ	au	13	阳平	
案	铜桂片		三都(江西铜鼓)	0	ɔn	53	去声	
桌	铜桂片		三都(江西铜鼓)	ts	ɔk	1	阴入	
桑	铜桂片		三都(江西铜鼓)	s	ɔŋ	35	阴平	
桒	铜桂片		三都(江西铜鼓)	s	ɔŋ	35	阴平	
桥	铜桂片		三都(江西铜鼓)	tɕʰ	iau	13	阳平	
桮	铜桂片		三都(江西铜鼓)	p	i	35	阴平	
桶	铜桂片		三都(江西铜鼓)	tʰ	əŋ	21	上声	
條	铜桂片		三都(江西铜鼓)	tʰ	iau	13	阳平	
梨	铜桂片		三都(江西铜鼓)	l	i	13	阳平	
械	铜桂片		三都(江西铜鼓)	k	ai	53	去声	
梳	铜桂片		三都(江西铜鼓)	s	ɿ	35	阴平	
检	铜桂片		三都(江西铜鼓)	tɕ	iɛn	21	上声	
棃	铜桂片		三都(江西铜鼓)	l	i	13	阳平	
棅	铜桂片		三都(江西铜鼓)	p	in	21	上声	
棉	铜桂片		三都(江西铜鼓)	m	iɛn	13	阳平	
棚	铜桂片		三都(江西铜鼓)	pʰ	aŋ	13	阳平	
棬	铜桂片		三都(江西铜鼓)	tɕʰ	iɛn	35	阴平	圆圈
森	铜桂片		三都(江西铜鼓)	s	ɛn	35	阴平	
椀	铜桂片		三都(江西铜鼓)	v	ɔn	21	上声	
椒	铜桂片		三都(江西铜鼓)	ts	iau	35	阴平	
椶	铜桂片		三都(江西铜鼓)	ts	əŋ	35	阴平	
楊	铜桂片		三都(江西铜鼓)	0	iɔŋ	13	阳平	
業	铜桂片		三都(江西铜鼓)	n	iɛt	5	阳入	
極	铜桂片		三都(江西铜鼓)	tɕʰ	it	5	阳入	
楼	铜桂片		三都(江西铜鼓)	l	ɛu	13	阳平	
榨	铜桂片		三都(江西铜鼓)	ts	a	53	去声	
榮	铜桂片		三都(江西铜鼓)	0	iəŋ	13	阳平	
槃	铜桂片		三都(江西铜鼓)	pʰ	an	13	阳平	
槍	铜桂片		三都(江西铜鼓)	tsʰ	iɔŋ	35	阴平	
樓	铜桂片		三都(江西铜鼓)	l	ɛu	13	阳平	
樘	铜桂片		三都(江西铜鼓)	tsʰ	aŋ	35	阴平	
標	铜桂片		三都(江西铜鼓)	p	iau	35	阴平	
樽	铜桂片		三都(江西铜鼓)	ts	ən	35	阴平	
橋	铜桂片		三都(江西铜鼓)	tɕʰ	iau	13	阳平	
橕	铜桂片		三都(江西铜鼓)	tsʰ	aŋ	35	阴平	
橘	铜桂片		三都(江西铜鼓)	tɕ	it	1	阴入	
機	铜桂片		三都(江西铜鼓)	tɕ	i	35	阴平	
橫	铜桂片		三都(江西铜鼓)	v	aŋ	13	阳平	横直
檆	铜桂片		三都(江西铜鼓)	s	a	35	阴平	
檐	铜桂片		三都(江西铜鼓)	0	iɛn	13	阳平	
檢	铜桂片		三都(江西铜鼓)	tɕ	iɛn	21	上声	
櫃	铜桂片		三都(江西铜鼓)	kʰ	ui	53	去声	
櫩	铜桂片		三都(江西铜鼓)	0	iɛn	13	阳平	
櫼	铜桂片		三都(江西铜鼓)	s	a	35	阴平	
權	铜桂片		三都(江西铜鼓)	tɕʰ	iɛn	13	阳平	
欠	铜桂片		三都(江西铜鼓)	tɕʰ	iɛn	53	去声	
欢	铜桂片		三都(江西铜鼓)	f	ɔn	35	阴平	
欲	铜桂片		三都(江西铜鼓)	0	iuk	5	阳入	
欺	铜桂片		三都(江西铜鼓)	tɕʰ	i	35	阴平	
歇	铜桂片		三都(江西铜鼓)	ɕ	iɛt	1	阴入	
歌	铜桂片		三都(江西铜鼓)	k	ɔ	35	阴平	
歡	铜桂片		三都(江西铜鼓)	f	ɔn	35	阴平	
止	铜桂片		三都(江西铜鼓)	tʂ	ʅ	21	上声	
正	铜桂片		三都(江西铜鼓)	tʂ	ən	53	去声	
此	铜桂片		三都(江西铜鼓)	tsʰ	ɿ	21	上声	
歪	铜桂片		三都(江西铜鼓)	v	ai	35	阴平	
歬	铜桂片		三都(江西铜鼓)	tsʰ	iɛn	13	阳平	
歲	铜桂片		三都(江西铜鼓)	s	ɛi	53	去声	
歸	铜桂片		三都(江西铜鼓)	k	ui	35	阴平	
死	铜桂片		三都(江西铜鼓)	s	i	21	上声	
殘	铜桂片		三都(江西铜鼓)	tsʰ	an	13	阳平	
殺	铜桂片		三都(江西铜鼓)	s	at	1	阴入	
毀	铜桂片		三都(江西铜鼓)	f	ɛi	21	上声	
毉	铜桂片		三都(江西铜鼓)	0	i	35	阴平	
母	铜桂片		三都(江西铜鼓)	m	u	21	上声	
毒	铜桂片		三都(江西铜鼓)	tʰ	uk	5	阳入	
毙	铜桂片		三都(江西铜鼓)	p	i	53	去声	
民	铜桂片		三都(江西铜鼓)	m	in	13	阳平	
氮	铜桂片		三都(江西铜鼓)	tʰ	an	35	阴平	
水	铜桂片		三都(江西铜鼓)	ʂ	ɛi	21	上声	
永	铜桂片		三都(江西铜鼓)	0	iəŋ	21	上声	
汁	铜桂片		三都(江西铜鼓)	tʂ	ət	1	阴入	
汉	铜桂片		三都(江西铜鼓)	h	ɔn	53	去声	
汗	铜桂片		三都(江西铜鼓)	h	ɔn	53	去声	
江	铜桂片		三都(江西铜鼓)	k	ɔŋ	35	阴平	
池	铜桂片		三都(江西铜鼓)	tʂʰ	ʅ	13	阳平	
汤	铜桂片		三都(江西铜鼓)	tʰ	ɔŋ	35	阴平	
決	铜桂片		三都(江西铜鼓)	tɕ	iɛt	1	阴入	
沈	铜桂片		三都(江西铜鼓)	tʂʰ	ən	13	阳平	
沉	铜桂片		三都(江西铜鼓)	tʂʰ	ən	13	阳平	
沙	铜桂片		三都(江西铜鼓)	s	a	35	阴平	
沟	铜桂片		三都(江西铜鼓)	k	ɛu	35	阴平	
沤	铜桂片		三都(江西铜鼓)	0	ɛu	53	去声	
河	铜桂片		三都(江西铜鼓)	h	ɔ	13	阳平	
法	铜桂片		三都(江西铜鼓)	f	at	1	阴入	
泛	铜桂片		三都(江西铜鼓)	f	an	53	去声	
波	铜桂片		三都(江西铜鼓)	p	ɔ	35	阴平	
泥	铜桂片		三都(江西铜鼓)	n	ɛ	13	阳平	
洒	铜桂片		三都(江西铜鼓)	s	ɛ	21	上声	
洞	铜桂片		三都(江西铜鼓)	tʰ	əŋ	53	去声	
活	铜桂片		三都(江西铜鼓)	v	ɔt	5	阳入	
派	铜桂片		三都(江西铜鼓)	pʰ	ai	53	去声	
流	铜桂片		三都(江西铜鼓)	l	iu	13	阳平	
浆	铜桂片		三都(江西铜鼓)	ts	iɔŋ	35	阴平	
浓	铜桂片		三都(江西铜鼓)	n	əŋ	13	阳平	
浮	铜桂片		三都(江西铜鼓)	f	ɛu	13	阳平	
海	铜桂片		三都(江西铜鼓)	h	ɔi	21	上声	
浸	铜桂片		三都(江西铜鼓)	ts	in	53	去声	
消	铜桂片		三都(江西铜鼓)	s	iau	35	阴平	
涼	铜桂片		三都(江西铜鼓)	l	iɔŋ	13	阳平	
淚	铜桂片		三都(江西铜鼓)	l	i	53	去声	
淡	铜桂片		三都(江西铜鼓)	tʰ	an	35	阴平	
深	铜桂片		三都(江西铜鼓)	tʂʰ	ən	35	阴平	
混	铜桂片		三都(江西铜鼓)	f	ən	53	去声	
淺	铜桂片		三都(江西铜鼓)	tsʰ	iɛn	21	上声	
添	铜桂片		三都(江西铜鼓)	tʰ	iɛn	35	阴平	
清	铜桂片		三都(江西铜鼓)	tsʰ	iaŋ	35	阴平	
港	铜桂片		三都(江西铜鼓)	k	ɔŋ	21	上声	
湌	铜桂片		三都(江西铜鼓)	tsʰ	an	35	阴平	
湖	铜桂片		三都(江西铜鼓)	f	u	13	阳平	
湭	铜桂片		三都(江西铜鼓)	ts	au	35	阴平	
湯	铜桂片		三都(江西铜鼓)	tʰ	ɔŋ	35	阴平	
準	铜桂片		三都(江西铜鼓)	tʂ	ən	21	上声	
溝	铜桂片		三都(江西铜鼓)	k	ɛu	35	阴平	
溫	铜桂片		三都(江西铜鼓)	v	ən	35	阴平	
溼	铜桂片		三都(江西铜鼓)	ʂ	ət	1	阴入	
滅	铜桂片		三都(江西铜鼓)	m	iɛt	5	阳入	
满	铜桂片		三都(江西铜鼓)	m	an	35	阴平	
滴	铜桂片		三都(江西铜鼓)	t	it	1	阴入	
滿	铜桂片		三都(江西铜鼓)	m	an	35	阴平	
漏	铜桂片		三都(江西铜鼓)	l	ɛu	53	去声	
演	铜桂片		三都(江西铜鼓)	0	iɛn	21	上声	
漚	铜桂片		三都(江西铜鼓)	0	ɛu	53	去声	
漢	铜桂片		三都(江西铜鼓)	h	ɔn	53	去声	
漿	铜桂片		三都(江西铜鼓)	ts	iɔŋ	35	阴平	
潑	铜桂片		三都(江西铜鼓)	pʰ	at	1	阴入	
潭	铜桂片		三都(江西铜鼓)	tʰ	an	13	阳平	
潮	铜桂片		三都(江西铜鼓)	tʂʰ	au	13	阳平	
濃	铜桂片		三都(江西铜鼓)	n	əŋ	13	阳平	
濅	铜桂片		三都(江西铜鼓)	ts	in	53	去声	
灋	铜桂片		三都(江西铜鼓)	f	at	1	阴入	
灌	铜桂片		三都(江西铜鼓)	k	uɔn	53	去声	
火	铜桂片		三都(江西铜鼓)	f	ɔ	21	上声	
灮	铜桂片		三都(江西铜鼓)	k	ɔŋ	35	阴平	
灯	铜桂片		三都(江西铜鼓)	t	ɛn	35	阴平	
灰	铜桂片		三都(江西铜鼓)	f	ɔi	35	阴平	
炁	铜桂片		三都(江西铜鼓)	ɕ	i	53	去声	
炉	铜桂片		三都(江西铜鼓)	l	u	13	阳平	
炒	铜桂片		三都(江西铜鼓)	tsʰ	au	21	上声	
炔	铜桂片		三都(江西铜鼓)	k	ui	53	去声	
炤	铜桂片		三都(江西铜鼓)	tʂ	au	53	去声	
炭	铜桂片		三都(江西铜鼓)	tʰ	an	53	去声	
点	铜桂片		三都(江西铜鼓)	t	iɛn	21	上声	
烂	铜桂片		三都(江西铜鼓)	l	an	53	去声	
烏	铜桂片		三都(江西铜鼓)	v	u	35	阴平	
烝	铜桂片		三都(江西铜鼓)	tʂ	ən	35	阴平	
烟	铜桂片		三都(江西铜鼓)	0	iɛn	35	阴平	
烦	铜桂片		三都(江西铜鼓)	f	an	13	阳平	
烧	铜桂片		三都(江西铜鼓)	ʂ	au	35	阴平	
热	铜桂片		三都(江西铜鼓)	n	iɛt	5	阳入	
然	铜桂片		三都(江西铜鼓)	n	iɛn	13	阳平	
煉	铜桂片		三都(江西铜鼓)	l	iɛn	53	去声	
煎	铜桂片		三都(江西铜鼓)	ts	iɛn	35	阴平	
煑	铜桂片		三都(江西铜鼓)	tʂ	u	21	上声	
煗	铜桂片		三都(江西铜鼓)	n	ɔn	35	阴平	
煙	铜桂片		三都(江西铜鼓)	0	iɛn	35	阴平	
照	铜桂片		三都(江西铜鼓)	tʂ	au	53	去声	
煩	铜桂片		三都(江西铜鼓)	f	an	13	阳平	
煮	铜桂片		三都(江西铜鼓)	tʂ	u	21	上声	
煼	铜桂片		三都(江西铜鼓)	tsʰ	au	21	上声	
熄	铜桂片		三都(江西铜鼓)	s	it	1	阴入	
熊	铜桂片		三都(江西铜鼓)	ɕ	iəŋ	13	阳平	
熏	铜桂片		三都(江西铜鼓)	ɕ	in	35	阴平	
熟	铜桂片		三都(江西铜鼓)	ʂ	uk	5	阳入	
熬	铜桂片		三都(江西铜鼓)	ŋ	au	13	阳平	
熱	铜桂片		三都(江西铜鼓)	n	iɛt	5	阳入	
燃	铜桂片		三都(江西铜鼓)	n	iɛn	13	阳平	
燈	铜桂片		三都(江西铜鼓)	t	ɛn	35	阴平	
燒	铜桂片		三都(江西铜鼓)	ʂ	au	35	阴平	
營	铜桂片		三都(江西铜鼓)	0	in	13	阳平	
燭	铜桂片		三都(江西铜鼓)	tʂ	uk	1	阴入	
燻	铜桂片		三都(江西铜鼓)		in	35	阴平	
爐	铜桂片		三都(江西铜鼓)	l	u	13	阳平	
爛	铜桂片		三都(江西铜鼓)	l	an	53	去声	
爤	铜桂片		三都(江西铜鼓)	l	an	53	去声	
爬	铜桂片		三都(江西铜鼓)	pʰ	a	13	阳平	
爭	铜桂片		三都(江西铜鼓)	ts/ts	aŋ/ɛn	35/35	阴平/阴平	白读<br>文读
爱	铜桂片		三都(江西铜鼓)	ŋ	ɔi	53	去声	
爽	铜桂片		三都(江西铜鼓)	s	ɔŋ	21	上声	
牀	铜桂片		三都(江西铜鼓)	tsʰ	ɔŋ	13	阳平	
牆	铜桂片		三都(江西铜鼓)	tsʰ	iɔŋ	13	阳平	
片	铜桂片		三都(江西铜鼓)	pʰ	iɛn	53	去声	
版	铜桂片		三都(江西铜鼓)	p	an	21	上声	
牌	铜桂片		三都(江西铜鼓)	pʰ	ai	13	阳平	
牎	铜桂片		三都(江西铜鼓)	tsʰ/tsʰ	ɔŋ/əŋ	35/35	阴平/阴平	文读<br>白读
牙	铜桂片		三都(江西铜鼓)	ŋ	a	13	阳平	
牛	铜桂片		三都(江西铜鼓)	n	iu	13	阳平	
牢	铜桂片		三都(江西铜鼓)	l	au	13	阳平	
物	铜桂片		三都(江西铜鼓)	v	ət	5	阳入	
牵	铜桂片		三都(江西铜鼓)	tɕʰ	iɛn	35	阴平	
特	铜桂片		三都(江西铜鼓)	tʰ	ɛk	5	阳入	
牽	铜桂片		三都(江西铜鼓)	tɕʰ	iɛn	35	阴平	
犯	铜桂片		三都(江西铜鼓)	f	an	53	去声	
狂	铜桂片		三都(江西铜鼓)	kʰ	uɔŋ	13	阳平	
狗	铜桂片		三都(江西铜鼓)	k	ɛu	21	上声	
狨	铜桂片		三都(江西铜鼓)	0/n	iəŋ/əŋ	13/13	阳平/阳平	
独	铜桂片		三都(江西铜鼓)	tʰ	uk	5	阳入	
狭	铜桂片		三都(江西铜鼓)	h	at	5	阳入	
狹	铜桂片		三都(江西铜鼓)	h	at	5	阳入	
狼	铜桂片		三都(江西铜鼓)	l	ɔŋ	13	阳平	
猛	铜桂片		三都(江西铜鼓)	m	əŋ	21	上声	
猪	铜桂片		三都(江西铜鼓)	tʂ	u	13	阴平	
献	铜桂片		三都(江西铜鼓)	ɕ	iɛn	53	去声	
猴	铜桂片		三都(江西铜鼓)	h	ɛu	13	阳平	
猾	铜桂片		三都(江西铜鼓)	v	at	5	阳入	
獨	铜桂片		三都(江西铜鼓)	tʰ	uk	5	阳入	
獵	铜桂片		三都(江西铜鼓)	l	iɛt	5	阳入	
獻	铜桂片		三都(江西铜鼓)	ɕ	iɛn	53	去声	
玅	铜桂片		三都(江西铜鼓)	m	iau	53	去声	
玉	铜桂片		三都(江西铜鼓)	n	iuk	1	阴入	
现	铜桂片		三都(江西铜鼓)	ɕ	iɛn	53	去声	
珤	铜桂片		三都(江西铜鼓)	p	au	21	上声	
班	铜桂片		三都(江西铜鼓)	p	an	35	阴平	
現	铜桂片		三都(江西铜鼓)	ɕ	iɛn	53	去声	
球	铜桂片		三都(江西铜鼓)	tɕʰ	iu	13	阳平	
琖	铜桂片		三都(江西铜鼓)	ts	an	21	上声	
琴	铜桂片		三都(江西铜鼓)	tɕʰ	in	13	阳平	
琼	铜桂片		三都(江西铜鼓)	tɕʰ	iəŋ	13	阳平	
瑿	铜桂片		三都(江西铜鼓)	0	i	35	阴平	
璚	铜桂片		三都(江西铜鼓)	tɕʰ	iəŋ	13	阳平	
瓊	铜桂片		三都(江西铜鼓)	tɕʰ	iəŋ	13	阳平	
瓜	铜桂片		三都(江西铜鼓)	k	ua	35	阴平	
瓢	铜桂片		三都(江西铜鼓)	p	iau	13	阳平	
瓶	铜桂片		三都(江西铜鼓)	pʰ	in	13	阳平	
瓷	铜桂片		三都(江西铜鼓)	tsʰ	ɿ	13	阳平	
甎	铜桂片		三都(江西铜鼓)	tʂ	ɔn	35	阴平	
甘	铜桂片		三都(江西铜鼓)	k	an	35	阴平	
甜	铜桂片		三都(江西铜鼓)	tʰ	iɛn	13	阳平	
甞	铜桂片		三都(江西铜鼓)	ʂ	ɔŋ	13	阳平	
生	铜桂片		三都(江西铜鼓)	s/s	aŋ/ɛn	35/35	阴平/阴平	白读<br>文读
產	铜桂片		三都(江西铜鼓)	tsʰ	an	21	上声	
用	铜桂片		三都(江西铜鼓)	0	iəŋ	53	去声	
甲	铜桂片		三都(江西铜鼓)	k	at	1	阴入	
电	铜桂片		三都(江西铜鼓)	tʰ	iɛn	53	去声	
男	铜桂片		三都(江西铜鼓)	n	an	13	阳平	
画	铜桂片		三都(江西铜鼓)	f	a	53	去声	
界	铜桂片		三都(江西铜鼓)	k	ai	53	去声	
留	铜桂片		三都(江西铜鼓)	l	iu	13	阳平	
畝	铜桂片		三都(江西铜鼓)	m	ɛu	21	上声	
畞	铜桂片		三都(江西铜鼓)	m	ɛu	21	上声	
畫	铜桂片		三都(江西铜鼓)	f	a	53	去声	
畮	铜桂片		三都(江西铜鼓)	m	ɛu	21	上声	
疊	铜桂片		三都(江西铜鼓)	tʰ	iɛt	5	阳入	
疑	铜桂片		三都(江西铜鼓)	n	i	13	阳平	
疮	铜桂片		三都(江西铜鼓)	tsʰ	ɔŋ	35	阴平	
病	铜桂片		三都(江西铜鼓)	pʰ	iaŋ	53	去声	
痕	铜桂片		三都(江西铜鼓)	h	ɛn	13	阳平	
痛	铜桂片		三都(江西铜鼓)	tʰ	əŋ	53	去声	
痣	铜桂片		三都(江西铜鼓)	tʂ	ʅ	53	去声	
痰	铜桂片		三都(江西铜鼓)	tʰ	an	13	阳平	
痴	铜桂片		三都(江西铜鼓)	tʂʰ	ʅ	35	阴平	
瘂	铜桂片		三都(江西铜鼓)	0	a	21	上声	
瘡	铜桂片		三都(江西铜鼓)	tsʰ	ɔŋ	35	阴平	
瘦	铜桂片		三都(江西铜鼓)	s	ɛu	53	去声	
癡	铜桂片		三都(江西铜鼓)	tʂʰ	ʅ	35	阴平	
癢	铜桂片		三都(江西铜鼓)	0	iɔŋ	21	上声	
癣	铜桂片		三都(江西铜鼓)	s	iɛn	21	上声	
癬	铜桂片		三都(江西铜鼓)	s	iɛn	21	上声	
發	铜桂片		三都(江西铜鼓)	f	at	1	阴入	
白	铜桂片		三都(江西铜鼓)	pʰ	ak	5	阳入	
百	铜桂片		三都(江西铜鼓)	p	ak	1	阴入	
皮	铜桂片		三都(江西铜鼓)	pʰ	i	13	阳平	
皱	铜桂片		三都(江西铜鼓)	ts	ɛu	53	去声	
皷	铜桂片		三都(江西铜鼓)	k	u	21	上声	
皺	铜桂片		三都(江西铜鼓)	ts	ɛu	53	去声	
盃	铜桂片		三都(江西铜鼓)	p	i	35	阴平	
盆	铜桂片		三都(江西铜鼓)	pʰ	ən	13	阳平	
盌	铜桂片		三都(江西铜鼓)	v	ɔn	21	上声	
盏	铜桂片		三都(江西铜鼓)	ts	an	21	上声	
盐	铜桂片		三都(江西铜鼓)	0	iɛn	13	阳平	
盘	铜桂片		三都(江西铜鼓)	pʰ	an	13	阳平	
盞	铜桂片		三都(江西铜鼓)	ts	an	21	上声	
盡	铜桂片		三都(江西铜鼓)	tsʰ	in	53	去声	
盤	铜桂片		三都(江西铜鼓)	pʰ	an	13	阳平	
目	铜桂片		三都(江西铜鼓)	m	uk	1	阴入	
直	铜桂片		三都(江西铜鼓)	tʂʰ	ət	5	阳入	
眉	铜桂片		三都(江西铜鼓)	m	i	13	阳平	
看	铜桂片		三都(江西铜鼓)	kʰ	ɔn	53	去声	看见
真	铜桂片		三都(江西铜鼓)	tʂ	ən	35	阴平	
眼	铜桂片		三都(江西铜鼓)	ŋ	an	21	上声	
眾	铜桂片		三都(江西铜鼓)	tʂ	əŋ	53	去声	
睂	铜桂片		三都(江西铜鼓)	m	i	13	阳平	
瞎	铜桂片		三都(江西铜鼓)	h	at	1	阴入	
矛	铜桂片		三都(江西铜鼓)	m	au	13	阳平	
知	铜桂片		三都(江西铜鼓)	t/tʂ	i/ʅ	35/35	阴平/阴平	白读<br>文读
短	铜桂片		三都(江西铜鼓)	t	ɔn	21	上声	
矮	铜桂片		三都(江西铜鼓)	0	ai	21	上声	
石	铜桂片		三都(江西铜鼓)	ʂ	ak	5	阳入	
矿	铜桂片		三都(江西铜鼓)	kʰ	ɔŋ	53	去声	
砂	铜桂片		三都(江西铜鼓)	s	a	35	阴平	
硋	铜桂片		三都(江西铜鼓)	ŋ	ɔi	53	去声	
硬	铜桂片		三都(江西铜鼓)	ŋ	aŋ	53	去声	
碍	铜桂片		三都(江西铜鼓)	ŋ	ɔi	53	去声	
碎	铜桂片		三都(江西铜鼓)	s	ɛi	53	去声	
碑	铜桂片		三都(江西铜鼓)	p	i	35	阴平	
碗	铜桂片		三都(江西铜鼓)	v	ɔn	21	上声	
磨	铜桂片		三都(江西铜鼓)	m	ɔ	13	阳平	磨刀
礙	铜桂片		三都(江西铜鼓)	ŋ	ɔi	53	去声	
礦	铜桂片		三都(江西铜鼓)	kʰ	ɔŋ	53	去声	
示	铜桂片		三都(江西铜鼓)	ʂ	ʅ	53	去声	
礼	铜桂片		三都(江西铜鼓)	l	i	21	上声	
祖	铜桂片		三都(江西铜鼓)	ts	ɿ	21	上声	
神	铜桂片		三都(江西铜鼓)	ʂ	ən	13	阳平	
祠	铜桂片		三都(江西铜鼓)	tsʰ	ɿ	13	阳平	
祭	铜桂片		三都(江西铜鼓)	ts	i	53	去声	
祸	铜桂片		三都(江西铜鼓)	f	ɔ	53	去声	
禁	铜桂片		三都(江西铜鼓)	tɕ	in	53	去声	禁止
禍	铜桂片		三都(江西铜鼓)	f	ɔ	53	去声	
福	铜桂片		三都(江西铜鼓)	f	uk	1	阴入	
私	铜桂片		三都(江西铜鼓)	s	ɿ	35	阴平	
秊	铜桂片		三都(江西铜鼓)	n	iɛn	13	阳平	
秋	铜桂片		三都(江西铜鼓)	tsʰ	iu	35	阴平	
秌	铜桂片		三都(江西铜鼓)	tsʰ	iu	35	阴平	
秒	铜桂片		三都(江西铜鼓)	m	iau	21	上声	
租	铜桂片		三都(江西铜鼓)	ts	ɿ	35	阴平	
秧	铜桂片		三都(江西铜鼓)	0	iɔŋ	35	阴平	
移	铜桂片		三都(江西铜鼓)	0	i	13	阳平	
稅	铜桂片		三都(江西铜鼓)	ʂ	ɔi	53	去声	
程	铜桂片		三都(江西铜鼓)	tʂʰ	ən	13	阳平	
稗	铜桂片		三都(江西铜鼓)	pʰ	a	53	去声	
稻	铜桂片		三都(江西铜鼓)	tʰ	au	53	去声	
稾	铜桂片		三都(江西铜鼓)	k	au	21	上声	
穴	铜桂片		三都(江西铜鼓)	ɕ	iɛt	1	阴入	
穷	铜桂片		三都(江西铜鼓)	tɕʰ	iəŋ	13	阳平	
空	铜桂片		三都(江西铜鼓)	kʰ	uŋ	35	阴平	空虚
穿	铜桂片		三都(江西铜鼓)	tʂʰ	ɔn	35	阴平	
窂	铜桂片		三都(江西铜鼓)	l	au	13	阳平	
窑	铜桂片		三都(江西铜鼓)	0	iau	13	阳平	
窓	铜桂片		三都(江西铜鼓)	tsʰ/tsʰ	ɔŋ/əŋ	35/35	阴平/阴平	文读<br>白读
窗	铜桂片		三都(江西铜鼓)	tsʰ/tsʰ	ɔŋ/əŋ	35/35	阴平/阴平	文读<br>白读
窮	铜桂片		三都(江西铜鼓)	tɕʰ	iəŋ	13	阳平	
窯	铜桂片		三都(江西铜鼓)	0	iau	13	阳平	
窰	铜桂片		三都(江西铜鼓)	0	iau	13	阳平	
窴	铜桂片		三都(江西铜鼓)	tʰ	iɛn	13	阳平	
竈	铜桂片		三都(江西铜鼓)	ts	au	53	去声	
竖	铜桂片		三都(江西铜鼓)	ʂ	u	53	去声	
竪	铜桂片		三都(江西铜鼓)	ʂ	u	53	去声	
端	铜桂片		三都(江西铜鼓)	t	ɔn	35	阴平	
竵	铜桂片		三都(江西铜鼓)	v	ai	35	阴平	
竹	铜桂片		三都(江西铜鼓)	tʂ	uk	1	阴入	
笋	铜桂片		三都(江西铜鼓)	s	ən	21	上声	
笑	铜桂片		三都(江西铜鼓)	s	iau	53	去声	
笔	铜桂片		三都(江西铜鼓)	p	it	1	阴入	
笛	铜桂片		三都(江西铜鼓)	tʰ	it	5	阳入	
笠	铜桂片		三都(江西铜鼓)	l	it	5	阳入	
符	铜桂片		三都(江西铜鼓)	f	u	13	阳平	
第	铜桂片		三都(江西铜鼓)	tʰ	i	53	去声	
笴	铜桂片		三都(江西铜鼓)	k	ɔn	35	阴平	
笼	铜桂片		三都(江西铜鼓)	l	əŋ	13	阳平	
筆	铜桂片		三都(江西铜鼓)	p	it	1	阴入	
筋	铜桂片		三都(江西铜鼓)	tɕ	in	35	阴平	
筍	铜桂片		三都(江西铜鼓)	s	ən	21	上声	
筐	铜桂片		三都(江西铜鼓)	kʰ	uɔŋ	35	阴平	
答	铜桂片		三都(江西铜鼓)	t	at	1	阴入	
筛	铜桂片		三都(江西铜鼓)	s	ai	35	阴平	
筦	铜桂片		三都(江西铜鼓)	k	uɔn	21	上声	
筭	铜桂片		三都(江西铜鼓)	s	ɔn	53	去声	
签	铜桂片		三都(江西铜鼓)	tsʰ	iɛn	35	阴平	
箍	铜桂片		三都(江西铜鼓)	kʰ	u	35	阴平	
箒	铜桂片		三都(江西铜鼓)	tʂ	u	21	上声	
箝	铜桂片		三都(江西铜鼓)	tɕʰ	iɛn	13	阳平	
管	铜桂片		三都(江西铜鼓)	k	uɔn	21	上声	
箭	铜桂片		三都(江西铜鼓)	ts	iɛn	53	去声	
箱	铜桂片		三都(江西铜鼓)	s	iɔŋ	35	阴平	
篩	铜桂片		三都(江西铜鼓)	s	ai	35	阴平	
篮	铜桂片		三都(江西铜鼓)	l	an	13	阳平	
篷	铜桂片		三都(江西铜鼓)	pʰ	əŋ	13	阳平	
篾	铜桂片		三都(江西铜鼓)	m	iɛt	5	阳入	
簳	铜桂片		三都(江西铜鼓)	k	ɔn	35	阴平	
簷	铜桂片		三都(江西铜鼓)	0	iɛn	13	阳平	
簿	铜桂片		三都(江西铜鼓)	pʰ	u	53	去声	
籃	铜桂片		三都(江西铜鼓)	l	an	13	阳平	
籠	铜桂片		三都(江西铜鼓)	l	əŋ	13	阳平	
籤	铜桂片		三都(江西铜鼓)	tsʰ	iɛn	35	阴平	
米	铜桂片		三都(江西铜鼓)	m	i	21	上声	
类	铜桂片		三都(江西铜鼓)	l	i	53	去声	
粒	铜桂片		三都(江西铜鼓)	l	it	5	阳入	
粘	铜桂片		三都(江西铜鼓)	n	iɛn	13	阳平	黏性
粥	铜桂片		三都(江西铜鼓)	tʂ	uk	1	阴入	
粮	铜桂片		三都(江西铜鼓)	l	iɔŋ	13	阳平	
粽	铜桂片		三都(江西铜鼓)	ts	əŋ	53	去声	
精	铜桂片		三都(江西铜鼓)	ts/ts	iaŋ/in	35/35	阴平/阴平	白读<br>文读
糉	铜桂片		三都(江西铜鼓)	ts	əŋ	53	去声	
糖	铜桂片		三都(江西铜鼓)	tʰ	ɔŋ	13	阳平	
糛	铜桂片		三都(江西铜鼓)	tʰ	ɔŋ	13	阳平	
糞	铜桂片		三都(江西铜鼓)	f	ən	53	去声	
糟	铜桂片		三都(江西铜鼓)	ts	au	35	阴平	
糠	铜桂片		三都(江西铜鼓)	kʰ	ɔŋ	35	阴平	
糧	铜桂片		三都(江西铜鼓)	l	iɔŋ	13	阳平	
糾	铜桂片		三都(江西铜鼓)	tɕ	iu	35	阴平	
約	铜桂片		三都(江西铜鼓)	0	iɔk	1	阴入	
紅	铜桂片		三都(江西铜鼓)	f	əŋ	13	阳平	
納	铜桂片		三都(江西铜鼓)	n	at	5	阳入	
紐	铜桂片		三都(江西铜鼓)	n	iu	21	上声	
純	铜桂片		三都(江西铜鼓)	ʂ	ən	13	阳平	
紙	铜桂片		三都(江西铜鼓)	tʂ	ʅ	21	上声	
級	铜桂片		三都(江西铜鼓)	tɕ	it	1	阴入	
紡	铜桂片		三都(江西铜鼓)	f	ɔŋ	21	上声	
紧	铜桂片		三都(江西铜鼓)	tɕ	in	21	上声	
紫	铜桂片		三都(江西铜鼓)	ts	ɿ	21	上声	
細	铜桂片		三都(江西铜鼓)	s	ɛ	53	去声	
紹	铜桂片		三都(江西铜鼓)	ʂ	au	53	去声	
結	铜桂片		三都(江西铜鼓)	tɕ	iɛt	1	阴入	
絕	铜桂片		三都(江西铜鼓)	tsʰ	iɛt	5	阳入	
絨	铜桂片		三都(江西铜鼓)	0/n	iəŋ/əŋ	13/13	阳平/阳平	
絲	铜桂片		三都(江西铜鼓)	s	ɿ	35	阴平	
經	铜桂片		三都(江西铜鼓)	tɕ	in	35	阴平	
綠	铜桂片		三都(江西铜鼓)	l	iuk	5	阳入	
綢	铜桂片		三都(江西铜鼓)	tʂʰ	u	13	阳平	
綤	铜桂片		三都(江西铜鼓)	ʂ	au	53	去声	
綫	铜桂片		三都(江西铜鼓)	s	iɛn	53	去声	
網	铜桂片		三都(江西铜鼓)	m	ɔŋ	21	上声	
線	铜桂片		三都(江西铜鼓)	s	iɛn	53	去声	
緞	铜桂片		三都(江西铜鼓)	tʰ	ɔn	53	去声	
緾	铜桂片		三都(江西铜鼓)	tʂʰ	ɛn	13	阳平	
縍	铜桂片		三都(江西铜鼓)	p	ɔŋ	35	阴平	
縫	铜桂片		三都(江西铜鼓)	f	əŋ	13	阳平	裁缝
織	铜桂片		三都(江西铜鼓)	tʂ	ət	1	阴入	
繡	铜桂片		三都(江西铜鼓)	s	iu	53	去声	
繩	铜桂片		三都(江西铜鼓)	ʂ	ən	13	阳平	
纏	铜桂片		三都(江西铜鼓)	tʂʰ	ɛn	13	阳平	
红	铜桂片		三都(江西铜鼓)	f	əŋ	13	阳平	
约	铜桂片		三都(江西铜鼓)	0	iɔk	1	阴入	
级	铜桂片		三都(江西铜鼓)	tɕ	it	1	阴入	
纯	铜桂片		三都(江西铜鼓)	ʂ	ən	13	阳平	
纳	铜桂片		三都(江西铜鼓)	n	at	5	阳入	
纸	铜桂片		三都(江西铜鼓)	tʂ	ʅ	21	上声	
纽	铜桂片		三都(江西铜鼓)	n	iu	21	上声	
线	铜桂片		三都(江西铜鼓)	s	iɛn	53	去声	
细	铜桂片		三都(江西铜鼓)	s	ɛ	53	去声	
织	铜桂片		三都(江西铜鼓)	tʂ	ət	1	阴入	
绍	铜桂片		三都(江西铜鼓)	ʂ	au	53	去声	
经	铜桂片		三都(江西铜鼓)	tɕ	in	35	阴平	
绒	铜桂片		三都(江西铜鼓)	0/n	iəŋ/əŋ	13/13	阳平/阳平	
结	铜桂片		三都(江西铜鼓)	tɕ	iɛt	1	阴入	
绔	铜桂片		三都(江西铜鼓)	f/kʰ	u/u	53/53	去声/去声	白读<br>文读
绝	铜桂片		三都(江西铜鼓)	tsʰ	iɛt	5	阳入	
绳	铜桂片		三都(江西铜鼓)	ʂ	ən	13	阳平	
绸	铜桂片		三都(江西铜鼓)	tʂʰ	u	13	阳平	
绿	铜桂片		三都(江西铜鼓)	l	iuk	5	阳入	
缎	铜桂片		三都(江西铜鼓)	tʰ	ɔn	53	去声	
缝	铜桂片		三都(江西铜鼓)	f	əŋ	13	阳平	裁缝
缠	铜桂片		三都(江西铜鼓)	tʂʰ	ɛn	13	阳平	
缺	铜桂片		三都(江西铜鼓)	tɕʰ	iɛt	1	阴入	
缾	铜桂片		三都(江西铜鼓)	pʰ	in	13	阳平	
罇	铜桂片		三都(江西铜鼓)	ts	ən	35	阴平	
网	铜桂片		三都(江西铜鼓)	m	ɔŋ	21	上声	
罚	铜桂片		三都(江西铜鼓)	f	at	5	阳入	
罩	铜桂片		三都(江西铜鼓)	ts	au	53	去声	
罪	铜桂片		三都(江西铜鼓)	tsʰ	ɛi	53	去声	
罰	铜桂片		三都(江西铜鼓)	f	at	5	阳入	
羊	铜桂片		三都(江西铜鼓)	0	iɔŋ	13	阳平	
美	铜桂片		三都(江西铜鼓)	m	i	21	上声	
義	铜桂片		三都(江西铜鼓)	n	i	53	去声	
習	铜桂片		三都(江西铜鼓)	s	it	1	阴入	
翻	铜桂片		三都(江西铜鼓)	f	an	35	阴平	
耀	铜桂片		三都(江西铜鼓)	0	iau	53	去声	
考	铜桂片		三都(江西铜鼓)	kʰ	au	21	上声	
而	铜桂片		三都(江西铜鼓)	0	ə	13	阳平	
耳	铜桂片		三都(江西铜鼓)	n	i	21	上声	
耻	铜桂片		三都(江西铜鼓)	tʂʰ	ʅ	21	上声	
聲	铜桂片		三都(江西铜鼓)	ʂ	aŋ	35	阴平	
聽	铜桂片		三都(江西铜鼓)	tʰ	iaŋ	35	阴平	听见
肃	铜桂片		三都(江西铜鼓)	s	uk	1	阴入	
肅	铜桂片		三都(江西铜鼓)	s	uk	1	阴入	
肎	铜桂片		三都(江西铜鼓)	h	ɛn	21	上声	
肚	铜桂片		三都(江西铜鼓)	t	u	21	上声	腹肚
肝	铜桂片		三都(江西铜鼓)	k	ɔn	35	阴平	
肠	铜桂片		三都(江西铜鼓)	tʂʰ	ɔŋ	13	阳平	
肥	铜桂片		三都(江西铜鼓)	f	ɛi	13	阳平	
肩	铜桂片		三都(江西铜鼓)	tɕ	iɛn	35	阴平	
肯	铜桂片		三都(江西铜鼓)	h	ɛn	21	上声	
肺	铜桂片		三都(江西铜鼓)	f	ɛi	53	去声	
肾	铜桂片		三都(江西铜鼓)	s	ən	53	去声	
肿	铜桂片		三都(江西铜鼓)	tʂ	əŋ	21	上声	
胷	铜桂片		三都(江西铜鼓)	ɕ	iəŋ	35	阴平	
胸	铜桂片		三都(江西铜鼓)	ɕ	iəŋ	35	阴平	
能	铜桂片		三都(江西铜鼓)	n	ɛn	13	阳平	
脉	铜桂片		三都(江西铜鼓)	m	ɛk	1	阴入	
脊	铜桂片		三都(江西铜鼓)	ts	it	1	阴入	
脑	铜桂片		三都(江西铜鼓)	n	au	21	上声	
脓	铜桂片		三都(江西铜鼓)	n	əŋ	13	阳平	
脚	铜桂片		三都(江西铜鼓)	tɕ	iɔk	1	阴入	
腎	铜桂片		三都(江西铜鼓)	s	ən	53	去声	
腦	铜桂片		三都(江西铜鼓)	n	au	21	上声	
腫	铜桂片		三都(江西铜鼓)	tʂ	əŋ	21	上声	
腰	铜桂片		三都(江西铜鼓)	0	iau	35	阴平	
腳	铜桂片		三都(江西铜鼓)	tɕ	iɔk	1	阴入	
腸	铜桂片		三都(江西铜鼓)	tʂʰ	ɔŋ	13	阳平	
腿	铜桂片		三都(江西铜鼓)	tʰ	ɛi	21	上声	
膂	铜桂片		三都(江西铜鼓)	l	i	35	阴平	
膽	铜桂片		三都(江西铜鼓)	t	an	21	上声	
膿	铜桂片		三都(江西铜鼓)	n	əŋ	13	阳平	
臈	铜桂片		三都(江西铜鼓)	l	at	5	阳入	
臊	铜桂片		三都(江西铜鼓)	s	au	35	阴平	
臘	铜桂片		三都(江西铜鼓)	l	at	5	阳入	
自	铜桂片		三都(江西铜鼓)	tsʰ	ɿ	53	去声	
臭	铜桂片		三都(江西铜鼓)	tsʰ	u	53	去声	
臺	铜桂片		三都(江西铜鼓)	tʰ	ɔi	13	阳平	
舂	铜桂片		三都(江西铜鼓)	tʂ	əŋ	35	阴平	
舅	铜桂片		三都(江西铜鼓)	tɕʰ	iu	35	阴平	
興	铜桂片		三都(江西铜鼓)	ɕ	in	35	阴平	兴旺
舊	铜桂片		三都(江西铜鼓)	tɕʰ	iu	53	去声	
舌	铜桂片		三都(江西铜鼓)	ʂ	ɛt	51		
舞	铜桂片		三都(江西铜鼓)	v	u	21	上声	
舩	铜桂片		三都(江西铜鼓)	ʂ	ɔn	13	阳平	
航	铜桂片		三都(江西铜鼓)	h	ɔŋ	13	阳平	
舰	铜桂片		三都(江西铜鼓)	k	an	53	去声	
船	铜桂片		三都(江西铜鼓)	ʂ	ɔn	13	阳平	
艦	铜桂片		三都(江西铜鼓)	k	an	53	去声	
色	铜桂片		三都(江西铜鼓)	s	ɛk	1	阴入	
艸	铜桂片		三都(江西铜鼓)	tsʰ	au	21	上声	
节	铜桂片		三都(江西铜鼓)	ts	iɛt	1	阴入	
芋	铜桂片		三都(江西铜鼓)	0	i	53	去声	
芧	铜桂片		三都(江西铜鼓)	tʂʰ	u	35	阴平	
花	铜桂片		三都(江西铜鼓)	f	a	35	阴平	
芽	铜桂片		三都(江西铜鼓)	ŋ	a	13	阳平	
苋	铜桂片		三都(江西铜鼓)	h	an	53	去声	
苏	铜桂片		三都(江西铜鼓)	s	ɿ	35	阴平	
苗	铜桂片		三都(江西铜鼓)	m	iau	13	阳平	
苦	铜桂片		三都(江西铜鼓)	kʰ	u	21	上声	
苧	铜桂片		三都(江西铜鼓)	tʂʰ	u	35	阴平	
茮	铜桂片		三都(江西铜鼓)	ts	iau	35	阴平	
茶	铜桂片		三都(江西铜鼓)	tsʰ	a	13	阳平	
草	铜桂片		三都(江西铜鼓)	tsʰ	au	21	上声	
荒	铜桂片		三都(江西铜鼓)	f	ɔŋ	35	阴平	
荡	铜桂片		三都(江西铜鼓)	tʰ	ɔŋ	53	去声	
荣	铜桂片		三都(江西铜鼓)	0	iəŋ	13	阳平	
莫	铜桂片		三都(江西铜鼓)	m	ɔk	1	阴入	
莲	铜桂片		三都(江西铜鼓)	l	iɛn	13	阳平	
菄	铜桂片		三都(江西铜鼓)	t	əŋ	35	阴平	
菊	铜桂片		三都(江西铜鼓)	tɕ/tɕʰ	iuk/iuk	1/1	阴平/阴平	文读<br>白读
菌	铜桂片		三都(江西铜鼓)	tɕʰ	in	35	阴平	
菜	铜桂片		三都(江西铜鼓)	tsʰ	ɔi	53	去声	
華	铜桂片		三都(江西铜鼓)	f	a	35	阴平	
营	铜桂片		三都(江西铜鼓)	0	in	13	阳平	
萧	铜桂片		三都(江西铜鼓)	s	iau	35	阴平	
萬	铜桂片		三都(江西铜鼓)	v	an	53	去声	
落	铜桂片		三都(江西铜鼓)	l	ɔk	5	阳入	
葉	铜桂片		三都(江西铜鼓)	0	iɛt	1	阴入	
葬	铜桂片		三都(江西铜鼓)	ts	ɔŋ	53	去声	
葱	铜桂片		三都(江西铜鼓)	tsʰ	əŋ	35	阴平	
葵	铜桂片		三都(江西铜鼓)	kʰ	ui	13	阳平	
蒙	铜桂片		三都(江西铜鼓)	m	əŋ	13	阳平	
蒸	铜桂片		三都(江西铜鼓)	tʂ	ən	35	阴平	
蓋	铜桂片		三都(江西铜鼓)	k	ɔi	53	去声	
蓮	铜桂片		三都(江西铜鼓)	l	iɛn	13	阳平	
蔗	铜桂片		三都(江西铜鼓)	tʂ	a	53	去声	
蔘	铜桂片		三都(江西铜鼓)	s	ɛn	35	阴平	人参
蔡	铜桂片		三都(江西铜鼓)	tsʰ	ai	53	去声	
蔥	铜桂片		三都(江西铜鼓)	tsʰ	əŋ	35	阴平	
蕅	铜桂片		三都(江西铜鼓)	ŋ	ɛu	21	上声	
蕩	铜桂片		三都(江西铜鼓)	tʰ	ɔŋ	53	去声	
蕭	铜桂片		三都(江西铜鼓)	s	iau	35	阴平	
薄	铜桂片		三都(江西铜鼓)	pʰ	ɔk	5	阳入	
薑	铜桂片		三都(江西铜鼓)	tɕ	iɔŋ	35	阴平	生姜
薛	铜桂片		三都(江西铜鼓)	s	iɛt	1	阴入	
藁	铜桂片		三都(江西铜鼓)	k	au	21	上声	
藕	铜桂片		三都(江西铜鼓)	ŋ	ɛu	21	上声	
藤	铜桂片		三都(江西铜鼓)	tʰ	ɛn	13	阳平	
藳	铜桂片		三都(江西铜鼓)	k	au	21	上声	
蘇	铜桂片		三都(江西铜鼓)	s	ɿ	35	阴平	
蘭	铜桂片		三都(江西铜鼓)	l	an	13	阳平	
虎	铜桂片		三都(江西铜鼓)	f	u	21	上声	
虛	铜桂片		三都(江西铜鼓)	ɕ	i	35	阴平	
虣	铜桂片		三都(江西铜鼓)	pʰ	au	53	去声	
虧	铜桂片		三都(江西铜鼓)	kʰ	ui	35	阴平	
虵	铜桂片		三都(江西铜鼓)	ʂ	a	13	阳平	
虾	铜桂片		三都(江西铜鼓)	h	a	35	阴平	
蚊	铜桂片		三都(江西铜鼓)	m	ən	35	阴平	
蛀	铜桂片		三都(江西铜鼓)	tʂ	u	53	去声	
蛮	铜桂片		三都(江西铜鼓)	m	an	13	阳平	野蛮
蜜	铜桂片		三都(江西铜鼓)	m	it	5	阳入	
蝇	铜桂片		三都(江西铜鼓)	0	in	13	阳平	
蝦	铜桂片		三都(江西铜鼓)	h	a	35	阴平	
螺	铜桂片		三都(江西铜鼓)	l	ɔ	13	阳平	
蟁	铜桂片		三都(江西铜鼓)	m	ən	35	阴平	
蟲	铜桂片		三都(江西铜鼓)	tʂʰ	əŋ	13	阳平	
蟹	铜桂片		三都(江西铜鼓)	h	ai	35	阴平	
蠅	铜桂片		三都(江西铜鼓)	0	in	13	阳平	
蠟	铜桂片		三都(江西铜鼓)	l	at	5	阳入	
蠭	铜桂片		三都(江西铜鼓)	f	əŋ	35	阴平	
蠶	铜桂片		三都(江西铜鼓)	tsʰ	an	13	阳平	
蠻	铜桂片		三都(江西铜鼓)	m	an	13	阳平	野蛮
血	铜桂片		三都(江西铜鼓)	ɕ	iɛt	1	阴入	
衆	铜桂片		三都(江西铜鼓)	tʂ	əŋ	53	去声	
衇	铜桂片		三都(江西铜鼓)	m	ɛk	1	阴入	
行	铜桂片		三都(江西铜鼓)	h	ɔŋ	13	阳平	银行
衔	铜桂片		三都(江西铜鼓)	h	an	13	阳平	
衖	铜桂片		三都(江西铜鼓)	h	ɔŋ	53	去声	
街	铜桂片		三都(江西铜鼓)	k	ai	35	阴平	
衛	铜桂片		三都(江西铜鼓)	v	ɛi	53	去声	
衝	铜桂片		三都(江西铜鼓)	tʂʰ	əŋ	35	阴平	
衞	铜桂片		三都(江西铜鼓)	v	ɛi	53	去声	
衟	铜桂片		三都(江西铜鼓)	tʰ	au	53	去声	
衣	铜桂片		三都(江西铜鼓)	0	i	35	阴平	
补	铜桂片		三都(江西铜鼓)	p	u	21	上声	
表	铜桂片		三都(江西铜鼓)	p	iau	21	上声	
衫	铜桂片		三都(江西铜鼓)	s	an	35	阴平	
袋	铜桂片		三都(江西铜鼓)	tʰ	ɔi	53	去声	
袍	铜桂片		三都(江西铜鼓)	pʰ	au	13	阳平	
袖	铜桂片		三都(江西铜鼓)	tsʰ	iu	53	去声	
被	铜桂片		三都(江西铜鼓)	pʰ	i	53	去声	被子
裂	铜桂片		三都(江西铜鼓)	l	iɛt	5	阳入	
装	铜桂片		三都(江西铜鼓)	ts	ɔŋ	35	阴平	
裏	铜桂片		三都(江西铜鼓)	l	i	21	上声	里面
裙	铜桂片		三都(江西铜鼓)	tɕʰ	in	13	阳平	
補	铜桂片		三都(江西铜鼓)	p	u	21	上声	
裝	铜桂片		三都(江西铜鼓)	ts	ɔŋ	35	阴平	
裠	铜桂片		三都(江西铜鼓)	tɕʰ	in	13	阳平	
襖	铜桂片		三都(江西铜鼓)	0	au	21	上声	
襪	铜桂片		三都(江西铜鼓)	m	at	1	阴入	
西	铜桂片		三都(江西铜鼓)	s	i	35	阴平	
見	铜桂片		三都(江西铜鼓)	tɕ	iɛn	53	去声	
規	铜桂片		三都(江西铜鼓)	k	ui	35	阴平	
親	铜桂片		三都(江西铜鼓)	tsʰ	in	35	阴平	
见	铜桂片		三都(江西铜鼓)	tɕ	iɛn	53	去声	
规	铜桂片		三都(江西铜鼓)	k	ui	35	阴平	
觕	铜桂片		三都(江西铜鼓)	tsʰ	ɿ	35	阴平	
言	铜桂片		三都(江西铜鼓)	n	iɛn	13	阳平	
討	铜桂片		三都(江西铜鼓)	tʰ	au	21	上声	
訓	铜桂片		三都(江西铜鼓)	ɕ	in	53	去声	
記	铜桂片		三都(江西铜鼓)	tɕ	i	53	去声	
設	铜桂片		三都(江西铜鼓)	ʂ	ɛt			
許	铜桂片		三都(江西铜鼓)	ɕ	i	21	上声	
試	铜桂片		三都(江西铜鼓)	ʂ	ʅ	53	去声	
詧	铜桂片		三都(江西铜鼓)	tsʰ	at	1	阴入	
詩	铜桂片		三都(江西铜鼓)	ʂ	ʅ	35	阴平	
話	铜桂片		三都(江西铜鼓)	f/v	a/a	53/53	去声/去声	文读<br>白读
該	铜桂片		三都(江西铜鼓)	k	ɔi	35	阴平	
認	铜桂片		三都(江西铜鼓)	n	in	53	去声	
語	铜桂片		三都(江西铜鼓)	n	i	21	上声	
說	铜桂片		三都(江西铜鼓)	ʂ	ɔt	1	阴入	小说
請	铜桂片		三都(江西铜鼓)	tsʰ	iaŋ	21	上声	
謀	铜桂片		三都(江西铜鼓)	m	ɛu	13	阳平	
謝	铜桂片		三都(江西铜鼓)	s/tsʰ	ia/ia	53/53	去声/去声	文读<br>白读
證	铜桂片		三都(江西铜鼓)	tʂ	ən	53	去声	
議	铜桂片		三都(江西铜鼓)	n	i	53	去声	
譱	铜桂片		三都(江西铜鼓)	ʂ	ɛn	53	去声	
讀	铜桂片		三都(江西铜鼓)	tʰ	uk	5	阳入	
變	铜桂片		三都(江西铜鼓)	p	iɛn	53	去声	
讎	铜桂片		三都(江西铜鼓)	tʂʰ	u	13	阳平	
讓	铜桂片		三都(江西铜鼓)	n	iɔŋ	53	去声	
认	铜桂片		三都(江西铜鼓)	n	in	53	去声	
讨	铜桂片		三都(江西铜鼓)	tʰ	au	21	上声	
让	铜桂片		三都(江西铜鼓)	n	iɔŋ	53	去声	
训	铜桂片		三都(江西铜鼓)	ɕ	in	53	去声	
议	铜桂片		三都(江西铜鼓)	n	i	53	去声	
记	铜桂片		三都(江西铜鼓)	tɕ	i	53	去声	
许	铜桂片		三都(江西铜鼓)	ɕ	i	21	上声	
设	铜桂片		三都(江西铜鼓)	ʂ	ɛt			
证	铜桂片		三都(江西铜鼓)	tʂ	ən	53	去声	
试	铜桂片		三都(江西铜鼓)	ʂ	ʅ	53	去声	
诗	铜桂片		三都(江西铜鼓)	ʂ	ʅ	35	阴平	
话	铜桂片		三都(江西铜鼓)	f/v	a/a	53/53	去声/去声	文读<br>白读
该	铜桂片		三都(江西铜鼓)	k	ɔi	35	阴平	
请	铜桂片		三都(江西铜鼓)	tsʰ	iaŋ	21	上声	
读	铜桂片		三都(江西铜鼓)	tʰ	uk	5	阳入	
谋	铜桂片		三都(江西铜鼓)	m	ɛu	13	阳平	
谢	铜桂片		三都(江西铜鼓)	s/tsʰ	ia/ia	53/53	去声/去声	文读<br>白读
谷	铜桂片		三都(江西铜鼓)	k	uk	1	阴入	
豆	铜桂片		三都(江西铜鼓)	tʰ	ɛu	53	去声	
豎	铜桂片		三都(江西铜鼓)	ʂ	u	53	去声	
豬	铜桂片		三都(江西铜鼓)	tʂ	u	35	阴平	
豹	铜桂片		三都(江西铜鼓)	p	au	53	去声	
貝	铜桂片		三都(江西铜鼓)	p	i	53	去声	
財	铜桂片		三都(江西铜鼓)	tsʰ	ɔi	13	阳平	
貧	铜桂片		三都(江西铜鼓)	pʰ	in	13	阳平	
貨	铜桂片		三都(江西铜鼓)	f	ɔ	53	去声	
貪	铜桂片		三都(江西铜鼓)	tʰ	an	35	阴平	
貴	铜桂片		三都(江西铜鼓)	k	ui	53	去声	
貶	铜桂片		三都(江西铜鼓)	p	iɛn	21	上声	
買	铜桂片		三都(江西铜鼓)	m	ai	35	阴平	
費	铜桂片		三都(江西铜鼓)	f	ɛi	53	去声	
貼	铜桂片		三都(江西铜鼓)	tʰ	iɛt	1	阴入	
賀	铜桂片		三都(江西铜鼓)	h	ɔ	53	去声	
資	铜桂片		三都(江西铜鼓)	ts	ɿ	35	阴平	
賒	铜桂片		三都(江西铜鼓)	ʂ	a	35	阴平	
賓	铜桂片		三都(江西铜鼓)	p	in	35	阴平	
賔	铜桂片		三都(江西铜鼓)	p	in	35	阴平	
賖	铜桂片		三都(江西铜鼓)	ʂ	a	35	阴平	
賛	铜桂片		三都(江西铜鼓)	ts	an	53	去声	
賣	铜桂片		三都(江西铜鼓)	m	ai	53	去声	
賤	铜桂片		三都(江西铜鼓)	tsʰ	iɛn	53	去声	
贊	铜桂片		三都(江西铜鼓)	ts	an	53	去声	
贏	铜桂片		三都(江西铜鼓)	0	iaŋ	13	阳平	
贝	铜桂片		三都(江西铜鼓)	p	i	53	去声	
财	铜桂片		三都(江西铜鼓)	tsʰ	ɔi	13	阳平	
贪	铜桂片		三都(江西铜鼓)	tʰ	an	35	阴平	
贫	铜桂片		三都(江西铜鼓)	pʰ	in	13	阳平	
贬	铜桂片		三都(江西铜鼓)	p	iɛn	21	上声	
贱	铜桂片		三都(江西铜鼓)	tsʰ	iɛn	53	去声	
贴	铜桂片		三都(江西铜鼓)	tʰ	iɛt	1	阴入	
贵	铜桂片		三都(江西铜鼓)	k	ui	53	去声	
费	铜桂片		三都(江西铜鼓)	f	ɛi	53	去声	
贺	铜桂片		三都(江西铜鼓)	h	ɔ	53	去声	
资	铜桂片		三都(江西铜鼓)	ts	ɿ	35	阴平	
赌	铜桂片		三都(江西铜鼓)	t	u	21	上声	
赞	铜桂片		三都(江西铜鼓)	ts	an	53	去声	
赢	铜桂片		三都(江西铜鼓)	0	iaŋ	13	阳平	
走	铜桂片		三都(江西铜鼓)	ts	ɛu	21	上声	
赵	铜桂片		三都(江西铜鼓)	tʂʰ	au	53	去声	
起	铜桂片		三都(江西铜鼓)	ɕ	i	21	上声	
超	铜桂片		三都(江西铜鼓)	tʂʰ	au	35	阴平	
趙	铜桂片		三都(江西铜鼓)	tʂʰ	au	53	去声	
足	铜桂片		三都(江西铜鼓)	ts	iuk	1	阴入	
路	铜桂片		三都(江西铜鼓)	l	u	53	去声	
踢	铜桂片		三都(江西铜鼓)	tʰ	it	1	阴入	
身	铜桂片		三都(江西铜鼓)	ʂ	ən	35	阴平	
軆	铜桂片		三都(江西铜鼓)	tʰ	i	21	上声	
車	铜桂片		三都(江西铜鼓)	tɕ	i	35	阴平	车马炮
軍	铜桂片		三都(江西铜鼓)	tɕ	in	35	阴平	
軟	铜桂片		三都(江西铜鼓)	n	yɛn	35	阴平	
輔	铜桂片		三都(江西铜鼓)	f	u	21	上声	
輕	铜桂片		三都(江西铜鼓)	tɕʰ	iaŋ	35	阴平	
輭	铜桂片		三都(江西铜鼓)	n	yɛn	35	阴平	
輷	铜桂片		三都(江西铜鼓)	f	əŋ	35	阴平	
輸	铜桂片		三都(江西铜鼓)	ʂ	u	35	阴平	
轉	铜桂片		三都(江西铜鼓)	tʂ	ɔn	21	上声	转身
轟	铜桂片		三都(江西铜鼓)	f	əŋ	35	阴平	
车	铜桂片		三都(江西铜鼓)	tɕ	i	35	阴平	车马炮
转	铜桂片		三都(江西铜鼓)	tʂ	ɔn	21	上声	转身
软	铜桂片		三都(江西铜鼓)	n	yɛn	35	阴平	
轰	铜桂片		三都(江西铜鼓)	f	əŋ	35	阴平	
轻	铜桂片		三都(江西铜鼓)	tɕʰ	iaŋ	35	阴平	
辅	铜桂片		三都(江西铜鼓)	f	u	21	上声	
输	铜桂片		三都(江西铜鼓)	ʂ	u	35	阴平	
辠	铜桂片		三都(江西铜鼓)	tsʰ	ɛi	53	去声	
辢	铜桂片		三都(江西铜鼓)	l	at	5	阳入	
辣	铜桂片		三都(江西铜鼓)	l	at	5	阳入	
辦	铜桂片		三都(江西铜鼓)	pʰ	an	53	去声	
辩	铜桂片		三都(江西铜鼓)	pʰ	iɛn	53	去声	
辫	铜桂片		三都(江西铜鼓)	pʰ	iɛn	53	去声	
辮	铜桂片		三都(江西铜鼓)	pʰ	iɛn	53	去声	
辯	铜桂片		三都(江西铜鼓)	pʰ	iɛn	53	去声	
辱	铜桂片		三都(江西铜鼓)	l	uʔ	5	阳入	
農	铜桂片		三都(江西铜鼓)	n	əŋ	13	阳平	
辳	铜桂片		三都(江西铜鼓)	n	əŋ	13	阳平	
边	铜桂片		三都(江西铜鼓)	p	iɛn	35	阴平	
过	铜桂片		三都(江西铜鼓)	k	ɔ	53	去声	
迎	铜桂片		三都(江西铜鼓)	n	in	13	阳平	
近	铜桂片		三都(江西铜鼓)	tɕʰ	in	35	阴平	
还	铜桂片		三都(江西铜鼓)	v	an	13	阳平	归还
进	铜桂片		三都(江西铜鼓)	ts	in	53	去声	
远	铜桂片		三都(江西铜鼓)	0	iɛn	21	上声	
连	铜桂片		三都(江西铜鼓)	l	iɛn	13	阳平	
迟	铜桂片		三都(江西铜鼓)	tʂʰ	ʅ	13	阳平	
追	铜桂片		三都(江西铜鼓)	tʂ	ɛi	35	阴平	
退	铜桂片		三都(江西铜鼓)	tʰ	ɛi	53	去声	
送	铜桂片		三都(江西铜鼓)	s	əŋ	53	去声	
逆	铜桂片		三都(江西铜鼓)	n	iak	5	阳入	
通	铜桂片		三都(江西铜鼓)	tʰ	əŋ	35	阴平	
造	铜桂片		三都(江西铜鼓)	tsʰ	au	53	去声	
連	铜桂片		三都(江西铜鼓)	l	iɛn	13	阳平	
進	铜桂片		三都(江西铜鼓)	ts	in	53	去声	
逼	铜桂片		三都(江西铜鼓)	p	it	1	阴入	
運	铜桂片		三都(江西铜鼓)	0	in	53	去声	
遍	铜桂片		三都(江西铜鼓)	pʰ	iɛn	53	去声	
過	铜桂片		三都(江西铜鼓)	k	ɔ	53	去声	
道	铜桂片		三都(江西铜鼓)	tʰ	au	53	去声	
達	铜桂片		三都(江西铜鼓)	tʰ	at	5	阳入	
遟	铜桂片		三都(江西铜鼓)	tʂʰ	ʅ	13	阳平	
遠	铜桂片		三都(江西铜鼓)	0	iɛn	21	上声	
遮	铜桂片		三都(江西铜鼓)	tʂ	a	35	阴平	
遲	铜桂片		三都(江西铜鼓)	tʂʰ	ʅ	13	阳平	
遵	铜桂片		三都(江西铜鼓)	ts	ən	35	阴平	
遷	铜桂片		三都(江西铜鼓)	tsʰ	iɛn	35	阴平	
還	铜桂片		三都(江西铜鼓)	v	an	13	阳平	归还
邊	铜桂片		三都(江西铜鼓)	p	iɛn	35	阴平	
邥	铜桂片		三都(江西铜鼓)	ʂ	ən	21	上声	
郎	铜桂片		三都(江西铜鼓)	l	ɔŋ	13	阳平	
部	铜桂片		三都(江西铜鼓)	pʰ	u	53	去声	
郭	铜桂片		三都(江西铜鼓)	k	ɔk	1	阴入	
都	铜桂片		三都(江西铜鼓)	t	u	35	阴平	
鄉	铜桂片		三都(江西铜鼓)	ɕ	iɔŋ	35	阴平	
配	铜桂片		三都(江西铜鼓)	pʰ	i	53	去声	
酱	铜桂片		三都(江西铜鼓)	ts	iɔŋ	53	去声	
酸	铜桂片		三都(江西铜鼓)	s	ɔn	35	阴平	
醉	铜桂片		三都(江西铜鼓)	ts	ɛi	53	去声	
醋	铜桂片		三都(江西铜鼓)	tsʰ	ɿ	53	去声	
醎	铜桂片		三都(江西铜鼓)	h	an	13	阳平	
醩	铜桂片		三都(江西铜鼓)	ts	au	35	阴平	
醫	铜桂片		三都(江西铜鼓)	0	i	35	阴平	
醬	铜桂片		三都(江西铜鼓)	ts	iɔŋ	53	去声	
釉	铜桂片		三都(江西铜鼓)	0	iu	13	阳平	
重	铜桂片		三都(江西铜鼓)	tʂʰ	əŋ	35	阴平	轻重
野	铜桂片		三都(江西铜鼓)	0	ia	35	阴平	
釘	铜桂片		三都(江西铜鼓)	t	iaŋ	35	阴平	铁钉
針	铜桂片		三都(江西铜鼓)	tʂ	ən	35	阴平	
釣	铜桂片		三都(江西铜鼓)	t	iau	53	去声	
鈔	铜桂片		三都(江西铜鼓)	tsʰ	au	35	阴平	
鉏	铜桂片		三都(江西铜鼓)	tsʰ	ɿ	13	阳平	
鉗	铜桂片		三都(江西铜鼓)	tɕʰ	iɛn	13	阳平	
銀	铜桂片		三都(江西铜鼓)	n	in	13	阳平	
銃	铜桂片		三都(江西铜鼓)	tʂʰ	əŋ	53	去声	
銅	铜桂片		三都(江西铜鼓)	tʰ	əŋ	13	阳平	
銜	铜桂片		三都(江西铜鼓)	h	an	13	阳平	
鋤	铜桂片		三都(江西铜鼓)	tsʰ	ɿ	13	阳平	
鋸	铜桂片		三都(江西铜鼓)	k	ɛ	53	去声	
鋼	铜桂片		三都(江西铜鼓)	k	ɔŋ	35	阴平	
錘	铜桂片		三都(江西铜鼓)	tʂʰ	ɛ	13	阳平	
錦	铜桂片		三都(江西铜鼓)	tɕ	in	21	上声	
錫	铜桂片		三都(江西铜鼓)	s	iak	1	阴入	
鍊	铜桂片		三都(江西铜鼓)	l	iɛn	53	去声	
鍼	铜桂片		三都(江西铜鼓)	tʂ	ən	35	阴平	
鎌	铜桂片		三都(江西铜鼓)	l	iɛn	13	阳平	
鎖	铜桂片		三都(江西铜鼓)	s	ɔ	21	上声	
鎜	铜桂片		三都(江西铜鼓)	pʰ	an	13	阳平	
鎮	铜桂片		三都(江西铜鼓)	tʂ	ən	53	去声	
鏟	铜桂片		三都(江西铜鼓)	tsʰ	an	21	上声	
鏡	铜桂片		三都(江西铜鼓)	tɕ	iaŋ	53	去声	
鐘	铜桂片		三都(江西铜鼓)	tʂ	əŋ	35	阴平	
鐮	铜桂片		三都(江西铜鼓)	l	iɛn	13	阳平	
鐵	铜桂片		三都(江西铜鼓)	tʰ	iɛt	1	阴入	
鑛	铜桂片		三都(江西铜鼓)	kʰ	ɔŋ	53	去声	
鑼	铜桂片		三都(江西铜鼓)	l	ɔ	13	阳平	
鑿	铜桂片		三都(江西铜鼓)	tsʰ	ɔk	5	阳入	
针	铜桂片		三都(江西铜鼓)	tʂ	ən	35	阴平	
钉	铜桂片		三都(江西铜鼓)	t	iaŋ	35	阴平	铁钉
钓	铜桂片		三都(江西铜鼓)	t	iau	53	去声	
钞	铜桂片		三都(江西铜鼓)	tsʰ	au	35	阴平	
钢	铜桂片		三都(江西铜鼓)	k	ɔŋ	35	阴平	
钳	铜桂片		三都(江西铜鼓)	tɕʰ	iɛn	13	阳平	
铁	铜桂片		三都(江西铜鼓)	tʰ	iɛt	1	阴入	
铜	铜桂片		三都(江西铜鼓)	tʰ	əŋ	13	阳平	
铲	铜桂片		三都(江西铜鼓)	tsʰ	an	21	上声	
铳	铜桂片		三都(江西铜鼓)	tʂʰ	əŋ	53	去声	
银	铜桂片		三都(江西铜鼓)	n	in	13	阳平	
锁	铜桂片		三都(江西铜鼓)	s	ɔ	21	上声	
锄	铜桂片		三都(江西铜鼓)	tsʰ	ɿ	13	阳平	
锡	铜桂片		三都(江西铜鼓)	s	iak	1	阴入	
锣	铜桂片		三都(江西铜鼓)	l	ɔ	13	阳平	
锤	铜桂片		三都(江西铜鼓)	tʂʰ	ɛ	13	阳平	
锦	铜桂片		三都(江西铜鼓)	tɕ	in	21	上声	
锯	铜桂片		三都(江西铜鼓)	k	ɛ	53	去声	
镇	铜桂片		三都(江西铜鼓)	tʂ	ən	53	去声	
镜	铜桂片		三都(江西铜鼓)	tɕ	iaŋ	53	去声	
镰	铜桂片		三都(江西铜鼓)	l	iɛn	13	阳平	
長	铜桂片		三都(江西铜鼓)	tʂʰ	ɔŋ	13	阳平	长短
长	铜桂片		三都(江西铜鼓)	tʂʰ	ɔŋ	13	阳平	长短
門	铜桂片		三都(江西铜鼓)	m	ən	13	阳平	
閂	铜桂片		三都(江西铜鼓)	s	ɔn	35	阴平	
閃	铜桂片		三都(江西铜鼓)	ʂ	ɛn	21	上声	
閇	铜桂片		三都(江西铜鼓)	p	i	53	去声	
閉	铜桂片		三都(江西铜鼓)	p	i	53	去声	
開	铜桂片		三都(江西铜鼓)	kʰ	ɔi	35	阴平	
閑	铜桂片		三都(江西铜鼓)	h	an	13	阳平	
間	铜桂片		三都(江西铜鼓)	k	an	35	阴平	中间
閙	铜桂片		三都(江西铜鼓)	n	au	53	去声	
関	铜桂片		三都(江西铜鼓)	k	uan	35	阴平	
闊	铜桂片		三都(江西铜鼓)	kʰ	uat	1	阴入	
關	铜桂片		三都(江西铜鼓)	k	uan	35	阴平	
门	铜桂片		三都(江西铜鼓)	m	ən	13	阳平	
闪	铜桂片		三都(江西铜鼓)	ʂ	ɛn	21	上声	
闭	铜桂片		三都(江西铜鼓)	p	i	53	去声	
问	铜桂片		三都(江西铜鼓)	v	ən	53	去声	
闲	铜桂片		三都(江西铜鼓)	h	an	13	阳平	
闹	铜桂片		三都(江西铜鼓)	n	au	53	去声	
阄	铜桂片		三都(江西铜鼓)	k	ɛu	35	阴平	
阔	铜桂片		三都(江西铜鼓)	kʰ	uat	1	阴入	
队	铜桂片		三都(江西铜鼓)	t	ɛi	53	去声	
阬	铜桂片		三都(江西铜鼓)	h	aŋ	35	阴平	
阴	铜桂片		三都(江西铜鼓)	0	in	35	阴平	
阶	铜桂片		三都(江西铜鼓)	k	ai	35	阴平	
阾	铜桂片		三都(江西铜鼓)	l	iaŋ	35	阴平	
陈	铜桂片		三都(江西铜鼓)	tʂʰ	ən	13	阳平	
限	铜桂片		三都(江西铜鼓)	h	an	53	去声	
除	铜桂片		三都(江西铜鼓)	tʂʰ	u	13	阳平	
险	铜桂片		三都(江西铜鼓)	ɕ	iɛn	21	上声	
陰	铜桂片		三都(江西铜鼓)	0	in	35	阴平	
陳	铜桂片		三都(江西铜鼓)	tʂʰ	ən	13	阳平	
隊	铜桂片		三都(江西铜鼓)	t	ɛi	53	去声	
階	铜桂片		三都(江西铜鼓)	k	ai	35	阴平	
随	铜桂片		三都(江西铜鼓)	s	ɛi	13	阳平	
隔	铜桂片		三都(江西铜鼓)	k	ak	1	阴入	
隨	铜桂片		三都(江西铜鼓)	s	ɛi	13	阳平	
險	铜桂片		三都(江西铜鼓)	ɕ	iɛn	21	上声	
隻	铜桂片		三都(江西铜鼓)	tʂ	ak	1	阴入	一只鸡
难	铜桂片		三都(江西铜鼓)	n	an	13	阳平	难易
集	铜桂片		三都(江西铜鼓)	tsʰ	it	5	阳入	
雙	铜桂片		三都(江西铜鼓)	s	əŋ	35	阴平	
雜	铜桂片		三都(江西铜鼓)	tsʰ	at	5	阳入	
雞	铜桂片		三都(江西铜鼓)	k	ɛ	35	阴平	
雠	铜桂片		三都(江西铜鼓)	tʂʰ	u	13	阳平	
難	铜桂片		三都(江西铜鼓)	n	an	13	阳平	难易
雨	铜桂片		三都(江西铜鼓)	0	i	21	上声	
雪	铜桂片		三都(江西铜鼓)	s	iɛt	1	阴入	
雲	铜桂片		三都(江西铜鼓)	0	in	13	阳平	
雷	铜桂片		三都(江西铜鼓)	l	ɛ	13	阳平	
電	铜桂片		三都(江西铜鼓)	tʰ	iɛn	53	去声	
雾	铜桂片		三都(江西铜鼓)	v	u	53	去声	
霛	铜桂片		三都(江西铜鼓)	l	in	13	阳平	
霜	铜桂片		三都(江西铜鼓)	s	ɔŋ	35	阴平	
霧	铜桂片		三都(江西铜鼓)	v	u	53	去声	
霸	铜桂片		三都(江西铜鼓)	p	a	53	去声	
靈	铜桂片		三都(江西铜鼓)	l	in	13	阳平	
青	铜桂片		三都(江西铜鼓)	tsʰ/tsʰ	iaŋ/in	35/35	阴平/阴平	白读<br>文读
靜	铜桂片		三都(江西铜鼓)	tsʰ	in	53	去声	
靠	铜桂片		三都(江西铜鼓)	kʰ	au	53	去声	
面	铜桂片		三都(江西铜鼓)	m	iɛn	53	去声	面上
靴	铜桂片		三都(江西铜鼓)	ɕ	iɔ	13	阳平	
鞋	铜桂片		三都(江西铜鼓)	h	ai	13	阳平	
鞕	铜桂片		三都(江西铜鼓)	p	aŋ	53	去声	
鞭	铜桂片		三都(江西铜鼓)	p	iɛn	35	阴平	
鞵	铜桂片		三都(江西铜鼓)	h	ai	13	阳平	
韈	铜桂片		三都(江西铜鼓)	m	at	1	阴入	
韤	铜桂片		三都(江西铜鼓)	m	at	1	阴入	
響	铜桂片		三都(江西铜鼓)	ɕ	iɔŋ	21	上声	
順	铜桂片		三都(江西铜鼓)	ʂ	ən	53	去声	
須	铜桂片		三都(江西铜鼓)	s	i	35	阴平	胡须
頑	铜桂片		三都(江西铜鼓)	ŋ	an	13	阳平	
頓	铜桂片		三都(江西铜鼓)	t	ən	53	去声	
領	铜桂片		三都(江西铜鼓)	l/l	iaŋ/in	35/21	阴平/上声	白读<br>文读
頟	铜桂片		三都(江西铜鼓)	n	iak	1	阴入	
頭	铜桂片		三都(江西铜鼓)	tʰ	ɛu	13	阳平	
題	铜桂片		三都(江西铜鼓)	tʰ	i	13	阳平	
額	铜桂片		三都(江西铜鼓)	n	iak	1	阴入	
顏	铜桂片		三都(江西铜鼓)	ŋ	an	13	阳平	
顛	铜桂片		三都(江西铜鼓)	t	iɛn	35	阴平	
類	铜桂片		三都(江西铜鼓)	l	i	53	去声	
顺	铜桂片		三都(江西铜鼓)	ʂ	ən	53	去声	
须	铜桂片		三都(江西铜鼓)	s	i	35	阴平	胡须
顽	铜桂片		三都(江西铜鼓)	ŋ	an	13	阳平	
顿	铜桂片		三都(江西铜鼓)	t	ən	53	去声	
领	铜桂片		三都(江西铜鼓)	l/l	iaŋ/in	35/21	阴平/上声	白读<br>文读
题	铜桂片		三都(江西铜鼓)	tʰ	i	13	阳平	
颜	铜桂片		三都(江西铜鼓)	ŋ	an	13	阳平	
额	铜桂片		三都(江西铜鼓)	n	iak	1	阴入	
颠	铜桂片		三都(江西铜鼓)	t	iɛn	35	阴平	
風	铜桂片		三都(江西铜鼓)	f	əŋ	35	阴平	
飌	铜桂片		三都(江西铜鼓)	f	əŋ	35	阴平	
风	铜桂片		三都(江西铜鼓)	f	əŋ	35	阴平	
飛	铜桂片		三都(江西铜鼓)	f	i	35	阴平	
飜	铜桂片		三都(江西铜鼓)	pʰ	an	35	阴平	
食	铜桂片		三都(江西铜鼓)	ʂ	ət	5	阳入	
飤	铜桂片		三都(江西铜鼓)	tsʰ	ɿ	13	阳平	
飼	铜桂片		三都(江西铜鼓)	tsʰ	ɿ	13	阳平	
飽	铜桂片		三都(江西铜鼓)	p	au	21	上声	
餅	铜桂片		三都(江西铜鼓)	p	iaŋ	21	上声	
餐	铜桂片		三都(江西铜鼓)	tsʰ	an	35	阴平	
餓	铜桂片		三都(江西铜鼓)	ŋ	ɔ	53	去声	
饒	铜桂片		三都(江西铜鼓)	n	iau	13	阳平	
饱	铜桂片		三都(江西铜鼓)	p	au	21	上声	
饲	铜桂片		三都(江西铜鼓)	tsʰ	ɿ	13	阳平	
饶	铜桂片		三都(江西铜鼓)	n	iau	13	阳平	
饼	铜桂片		三都(江西铜鼓)	p	iaŋ	21	上声	
饿	铜桂片		三都(江西铜鼓)	ŋ	ɔ	53	去声	
香	铜桂片		三都(江西铜鼓)	ɕ	iɔŋ	35	阴平	
馬	铜桂片		三都(江西铜鼓)	m	a	35	阴平	
駝	铜桂片		三都(江西铜鼓)	tʰ	ɔ	13	阳平	
騎	铜桂片		三都(江西铜鼓)	tɕʰ	i	13	阳平	
驕	铜桂片		三都(江西铜鼓)	tɕ	iau	35	阴平	
驗	铜桂片		三都(江西铜鼓)	n	iɛn	53	去声	
马	铜桂片		三都(江西铜鼓)	m	a	35	阴平	
驼	铜桂片		三都(江西铜鼓)	tʰ	ɔ	13	阳平	
骄	铜桂片		三都(江西铜鼓)	tɕ	iau	35	阴平	
验	铜桂片		三都(江西铜鼓)	n	iɛn	53	去声	
骑	铜桂片		三都(江西铜鼓)	tɕʰ	i	13	阳平	
骨	铜桂片		三都(江西铜鼓)	k	ut	1	阴入	
骽	铜桂片		三都(江西铜鼓)	tʰ	ɛi	21	上声	
高	铜桂片		三都(江西铜鼓)	k	au	35	阴平	
鬆	铜桂片		三都(江西铜鼓)	s	əŋ	35	阴平	松紧
鬚	铜桂片		三都(江西铜鼓)	s	i	35	阴平	胡须
鬥	铜桂片		三都(江西铜鼓)	t	ɛu	53	去声	斗争
鬧	铜桂片		三都(江西铜鼓)	n	au	53	去声	
鬮	铜桂片		三都(江西铜鼓)	k	ɛu	35	阴平	
魏	铜桂片		三都(江西铜鼓)	ŋ/v	ɛ/i	53/53	去声/去声	白读<br>文读
鳥	铜桂片		三都(江西铜鼓)	t	iau	35	阴平	
鳳	铜桂片		三都(江西铜鼓)	f	əŋ	53	去声	
鴨	铜桂片		三都(江西铜鼓)	0	at	1	阴入	
鴿	铜桂片		三都(江西铜鼓)	k	ɔt	1	阴入	
鷄	铜桂片		三都(江西铜鼓)	k	ɛ	35	阴平	
鷰	铜桂片		三都(江西铜鼓)	0	iɛn	53	去声	
鸡	铜桂片		三都(江西铜鼓)	k	ɛ	35	阴平	
鸽	铜桂片		三都(江西铜鼓)	k	ɔt	1	阴入	
鹅	铜桂片		三都(江西铜鼓)	ŋ	ɔ	13	阳平	
鹹	铜桂片		三都(江西铜鼓)	h	an	13	阳平	
鹽	铜桂片		三都(江西铜鼓)	0	iɛn	13	阳平	
麁	铜桂片		三都(江西铜鼓)	tsʰ	ɿ	35	阴平	
麐	铜桂片		三都(江西铜鼓)	l	in	13	阳平	
麓	铜桂片		三都(江西铜鼓)	l	uk	5	阳入	
麟	铜桂片		三都(江西铜鼓)	l	in	13	阳平	
麤	铜桂片		三都(江西铜鼓)	tsʰ	ɿ	35	阴平	
麥	铜桂片		三都(江西铜鼓)	m	ak	5	阳入	
麦	铜桂片		三都(江西铜鼓)	m	ak	5	阳入	
麪	铜桂片		三都(江西铜鼓)	m	iɛn	53	去声	面条
麵	铜桂片		三都(江西铜鼓)	m	iɛn	53	去声	面条
麻	铜桂片		三都(江西铜鼓)	m	a	13	阳平	
黃	铜桂片		三都(江西铜鼓)	v	ɔŋ	13	阳平	
黄	铜桂片		三都(江西铜鼓)	v	ɔŋ	13	阳平	
黏	铜桂片		三都(江西铜鼓)	n	iɛn	13	阳平	黏性
點	铜桂片		三都(江西铜鼓)	t	iɛn	21	上声	
黨	铜桂片		三都(江西铜鼓)	t	ɔŋ	21	上声	
黴	铜桂片		三都(江西铜鼓)	m	i	13	阳平	
鼓	铜桂片		三都(江西铜鼓)	k	u	21	上声	
鼠	铜桂片		三都(江西铜鼓)	tʂʰ	u	21	上声	
鼻	铜桂片		三都(江西铜鼓)	pʰ	i	53	去声	
齊	铜桂片		三都(江西铜鼓)	tsʰ	ɛ	13	阳平	
齐	铜桂片		三都(江西铜鼓)	tsʰ	ɛ	13	阳平	
齒	铜桂片		三都(江西铜鼓)	tʂʰ	ʅ	21	上声	
齩	铜桂片		三都(江西铜鼓)	ŋ	au	21	上声	
齿	铜桂片		三都(江西铜鼓)	tʂʰ	ʅ	21	上声	
龍	铜桂片		三都(江西铜鼓)	l	əŋ	13	阳平	
龙	铜桂片		三都(江西铜鼓)	l	əŋ	13	阳平	
龜	铜桂片		三都(江西铜鼓)	k	ui	35	阴平	
