IPA	調號	調類	單字	来源：新田县志(1978-2003)
tsɿ	1	35	□[(女阴)]	
tsɿ	2	13	迟=池瓷辞[～客]祠糍[～粑]慈	
tsɿ	3	55	紫只[～要]旨指子[结～]纸=姊=[～丈：姐夫]趾滓	
tsɿ	5	33	志痣=置[～家]当致至[夏～]	
tsɿ	6	21	自字牸[牛～：母牛]寺[龙会～：地名]巳□[pal3～石果：荸荠]	
tsʰɿ	1	35	□[有粘性的：～泥]	
tsʰɿ	3	55	□[理睬：不～他]	
tsʰɿ	5	33	次砌	
sɿ	1	35	撕私师狮尸=[～身]司[官～]丝斯[～文]□[伸开：～起巴掌]	
sɿ	2	13	时=	
sɿ	3	55	死屎史始使[～口]市[知～坪：地名]	
sɿ	5	33	四肆试思[意～]伺[～香：燃香祭祀]豉[豆～]鸶[白鹭～]	
sɿ	6	21	事莳[～田]	
pi	1	35	蓖[~麻]碑椑[~柿:柿子。集韵:宾弥切。木名，实似柿面青。]蜱[~婆:臭虫。集韵:宾弥切，蜱蛸，蟷蠰卵。]坝[~头:水坝]	
pi	2	13	皮迷[~心]脾琵枇眉霉[~豆腐]匹糜[~羹:粥]	
pi	3	55	米比	
pi	5	33	贝闭痱[痧~子]滗[~汤]	
pi	6	21	吠[狗~]鼻篦[~梳]泯[(小口吃东西)]沕[ʨye33~子:潜泳]	
pʰi	1	35	批披㓟[削:~笔《集韵》:攀糜切，刀析也。]□[页:-~书]	
pʰi	3	55	被[一床~]秕[~谷]	
pʰi	5	33	屁	
fi	1	35	飞□[辣~:非常辣]	
fi	2	13	肥	
fi	5	33	废肺费	
ti	1	35	低	
ti	2	13	题提泥尼[~姑]蹄	
ti	3	55	底抵	
ti	5	33	帝[皇~]	
ti	6	21	第[~一]地[天~]	
tʰi	1	35	梯	
tʰi	3	55	体	
tʰi	5	33	弟[兄~]替递锑	
ni	1	35	□[搔人发痒:~人]	
ni	3	55	你	
li	1	35	□[ion33~婆婆:蜻蜓]	
li	2	13	犁离[~别]厘狸	
li	3	55	礼李=[姓~]里理鲤	
li	6	21	厉利痢吏泪离[~开半寸]	
ʨi	1	35	鸡知[~事;懂事]支栀饥箕基[开~祖公]脂芝机更[半夜三~]	
ʨi	2	13	齐骑迟-棋旗祁[~阳县]期[到~]	
ʨi	3	55	挤几纪[年~]纸-姊-[~妹]	
ʨi	5	33	祭[~祖]计继[过~]寄季剂[一~药]记□[~时:现在]痣-	
ʨʰi	1	35	溪欺汽=[~车]黢[黑~;非常黑]	
ʨʰi	3	55	启倚[(站立)]起=[一~]	
ʨʰi	5	33	契[税~]器气=[天~]	
ȵi	5	33	蚁[伙~:蚂蚁]	
ȵi	6	21	义[~气]议[商~]	
ɕi	1	35	西犀[~牛]诗稀尸-	
ɕi	2	13	时-	
ɕi	3	55	洗是起-[~屋]喜系[(在)]	
ɕi	5	33	气-[出~]汽-[~水]世势戏细[~舅:小舅]	
ɕi	6	21	莳-[~田]	
Ǿi	1	35	衣依裔[后~]	
Ǿi	2	13	移姨疑	
Ǿi	3	55	椅以	
Ǿi	5	33	意瞖[眼睛起了~]宜[便~]	
Ǿi	6	21	易艺	
pu	1	35	晡[今~:今天]	
pu	2	13	蒲[~扇]菩模[~样]仆[~到眠:趴着睡]扑[~过去]□[(用手端物)]	
pu	3	55	补斧	
pu	5	33	布	
pu	6	21	步菢[(孵)]	
pʰu	1	35	铺[~床]□[(萝卜因老而起筋、空心)]□[(打)]	
pʰu	3	55	普谱	
pʰu	5	33	铺[~子]	
pʰu	6	21	□[(喷吐)]	
fu	1	35	敷呼肤[~色]夫[屠~]	
fu	2	13	胡=[姓~]湖[江~]狐壶符[画~]扶葫[~芦]瓜芙	
fu	3	55	府腐[豆~]苦-[~味]	
fu	5	33	付幅赋咐富副	
fu	6	21	护[~佑]虎[老~]	
tu	2	13	徒屠[~夫]涂图	
tu	3	55	堵赌□[扯:~出来弩弹棉花的弓:一把~]努[~嘴巴]	
tu	6	21	□[~田:常年不干的水田]	
tʰu	3	55	肚	
tʰu	5	33	吐兔	
nu	3	55	女	
lu	2	13	芦[葫~瓜]炉驴□[杂乱:头发~]	
lu	3	55	鲁[~里~像:鲁莽的样子]	
lu	6	21	路露鹭	
tsu	1	35	租猪朱[~家:地名]硃珠车[~马炮]	
tsu	2	13	除锄厨[~师傅]橱[~柜]	
tsu	3	55	祖组阻煮主-[~家]	
tsu	5	33	做	
tsu	6	21	住箸[筷~:筷子]	
tsʰu	1	35	粗初	
tsʰu	3	55	苧[~麻]楚礎[~石]柱	
tsʰu	5	33	醋	
tsʰu	6	21	助	
su	1	35	梳疏[生~]书输	
su	3	55	竖[~起来]数[(动词)]	
su	5	33	素诉塑[~像]数[(名词)]漱	
su	6	21	薯树	
ku	1	35	姑孤箍	
ku	3	55	古估[~轻重]股鼓	
ku	5	33	故锯[名词:一把~]顾雇	
kʰu	3	55	苦=[辛~]	
kʰu	5	33	裤胯[~子:猪腿靠身体部分]	
Ǿu	1	35	乌污□[~la5:米、面粉和水搅成的糊状物]	
Ǿu	2	13	吴蜈梧鱼鬍[~子]无[~害:无妨]糊[~了]	
Ǿu	3	55	五伍武舞雨午[端~]	
Ǿu	5	33	握[把~]	
Ǿu	6	21	误雾	
ʨy	1	35	追锥	
ʨy	2	13	槌锤徐[~家铺:地名]	
ʨy	3	55	举矩[规~]主=[~意]	
ʨy	5	33	蛀醉据[字~]	
ʨʰy	1	35	蛆催吹	
ʨʰy	3	55	取罪[得~]处[~暑]杵	
ʨʰy	5	33	脆处[好~]淬[~点水]	
ɕy	1	35	墟虚须[~~,须状物]嘘需	
ɕy	3	55	许水鼠暑[处~]	
ɕy	5	33	碎岁税	
Ǿy	2	13	余[(姓)]馀如愚	
Ǿy	6	21	遇喻[比~]裕[富~]玉	
pa	1	35	巴[~掌]疤芭揹	
pa	2	13	爬琶杷麻痳[~风]趴钯耙䗫[~蝈:蛤蟆]	
pa	3	55	把[一~锁]马码蚂[~蝗]	
pa	5	33	百柏伯[~父]	
pa	6	21	白伯[~~:曾祖父]麦脉魄[魂~]	
pʰa	3	55	□[(响纸)]	
pʰa	5	33	怕帕	
pʰa	6	21	啪[打:~-巴掌]	
ta	1	35	□[~~:走路(儿语)]	
ta	3	55	打	
ta	6	21	大	
na	2	13	哪	
la	5	33	□[粒:一~扣子]□[sa33~母:刚生小孩的妇女]	
la	1	35	渣遮差[~不多]	
tsa	2	13	茶搽查	
tsa	3	55	扎=~捆~]酢[~肉，腌肉]	
tsa	5	33	榨[~油]炸[~石]蔗眨摘隻[一~鸡]炙[~火:烤火]诈	
tsa	6	21	宅择[选~:~青菜]	
tsʰa	1	35	叉杈车[汽~]□[骂:~人]	
tsʰa	3	55	扯	
tsʰa	5	33	岔拆尺坼	
sa	1	35	沙纱赊杉衫痧	
sa	2	13	蛇	
sa	3	55	洒[~水]捨[施~]社[~日]	
sa	5	33	厦舍[邻~]赤[打~脚]撒萨□[~菜:即芥菜]□[收拾:~碗]□[~心:锯末]□[肋~骨:肋骨]□[~la33母:刚生小孩的妇女]	
sa	6	21	射石	
ka	1	35	家加痂嘉傢枷	
ka	2	13	□[~~:蛋]	
ka	3	55	假-[真~]□[(我)]□[树桠:树~子]	
ka	5	33	架嫁价隔	
kʰa	1	35	揢[(抓)]	
kʰa	3	55	卡	
kʰa	5	33	客	
xa	1	35	蝦[鱼~]𨉣[(弯腰)]	
xa	3	55	下[~来]	
xa	5	33	嚇□[(都,全部)]	
xa	6	21	夏[立~]□[(鱼骨卡在喉)]	
Ǿa	1	35	丫[~头]□[~ʨʰie33:喷嚏]□[(张开)]	
Ǿa	2	13	牙芽衙鸦[老~塘:地名]	
Ǿa	3	55	哑	
Ǿa	5	33	鸭押压轭[牛~]	
Ǿa	6	21	二贰额	
pia	3	55	□[摸:~夜路]	
pia	5	33	壁	
pia	6	21	避[~开]	
pʰia	3	55	□[(足往外跛)]	
pʰia	5	33	劈僻	
tia	5	33	滴	
tia	6	21	笛	
tʰia	5	33	踢	
lia	1	35	𨈓[小:~树]	
lia	2	13	□[(走路不稳)]	
lia	3	55	□[(舔)]	
lia	6	21	历-[~书]栗-[~树]□[踩:~一脚]	
ʨia	1	35	姐[~~:姊]	
ʨia	2	13	茄[~瓜:茄子]斜	
ʨia	3	55	姐[(母亲)]揭[~开]假=[放~]	
ʨia	5	33	借绩脊[背~]	
ʨia	6	21	谢[(姓)]褯[(小孩尿布)]席[上~]□[跨:~一步]	
ʨʰia	1	35	□[:~公:亲家公]□[~~:钹]	
ʨʰia	5	33	昨[~晡:昨天]	
ȵia	6	21	□[~ke:什么]	
ɕia	1	35	些-[一点点:过去~]	
ɕia	3	55	写	
ɕia	5	33	泻锡[~壶]惜[俭~]	
Ǿia	1	35	黏[(亲昵撒娇)]	
Ǿia	2	13	爷[~~父亲]黏[(贴)]	
Ǿia	3	55	惹野	
Ǿia	6	21	夜也	
kua	1	35	瓜	
kua	3	55	寡剐	
kua	5	33	箍[(抱)]卦[打~]	
kʰua	3	55	垮□[(攥)]	
kʰua	5	33	跨	
kʰua	6	21	咵[打~~:闲聊]	
xua	1	35	花	
xua	2	13	华划[~拳]	
xua	5	33	化	
xua	6	21	画话[(名词)]划[~线]	
Ǿua	1	35	娃=弟	
Ǿua	2	13	娃[~~:祖母]	
Ǿua	3	55	瓦	
Ǿua	6	21	话[动词:说]	
ʨya	1	35	抓	
ʨya	2	13	瘸[手残疾:~子]	
ɕya	1	35	靴	
ɕya	3	55	耍[(捉弄)]	
ɕya	5	33	缩	
ɕya	6	21	刷	
Ǿya	1	35	搲[抓挠:~痒]	
Ǿya	6	21	□[~头:痕迹]	
po	1	35	波菠啵[(吻)]	
po	2	13	婆磨[~刀]	
po	5	33	簸钵不-[不愿意:~去]卜[萝~]	
po	6	21	磨[~石]帽	
pʰo	1	35	坡	
pʰo	3	55	扑[~克]	
pʰo	5	33	破	
to	1	35	多媠[~婆:外祖母]	
to	2	13	驼台抬苔挪[搓揉:~衣]砣[秤~]头-[木~]	
to	3	55	朵躲垛	
to	5	33	剁带[~子]啄	
to	6	21	糯[~米]袋[斗~;口袋]耐[~烦]奈[~何]夺豆[~子]□[窝~:坑]痘	
tʰo	1	35	拖胎	
tʰo	3	55	待[~客]妥	
tʰo	5	33	太脱	
no	1	35	南男难[~易]农[~夫汉]	
lo	1	35	□[翻动使物体表面粘上东西，~辣椒粉]	
lo	2	13	罗锣箩螺脶骆[(姓)]	
lo	3	55	□[~崽:小孩]	
lo	6	21	赖-[~死]	
tso	1	35	栽灾[~鸡:瘟死的鸡]	
tso	2	13	裁[~衣]才-[肚~]财	
tso	3	55	左□[(他)]	
tso	5	33	再[~来]	
tso	6	21	昨	
tsʰo	1	35	搓腮鳃	
tsʰo	3	55	坐彩[~竹:抬嫁妆用的竹竿]在[~行:懂事，聪明]	
tsʰo	5	33	锉菜撮	
tsʰo	1	35	蓑梭莎[~草:田里的一种杂草]三	
so	3	55	锁	
so	5	33	□[藏:~开]	
ko	1	35	歌哥锅过[~错]	
ko	3	55	改果牯[牛~]裹	
ko	5	33	盖过[~来]个[用作词尾表人:大人~]	
ko	6	21	牯[狮~:狮子]	
kʰo	1	35	科□[松出，裤~下来了]□[~年:明年]	
kʰo	3	55	可	
kʰo	5	33	课	
kʰo	6	21	□[陷入:~入水里面]	
xo	1	35	开窠[狗~:狗窝]和[~面灰]	
xo	2	13	河何[奈~]荷[~花]和=[~气]□[~日晡:后天]	
xo	3	55	亥[~时]火夥贺伙	
xo	5	33	货喝[吆~]哭荷[薄~]祸[~事]瞌[眼~:睡觉]	
xo	6	21	害合=[场~]	
Ǿo	1	35	窝屙	
Ǿo	2	13	鹅禾蛾和-[~尚]	
Ǿo	3	55	肉	
Ǿo	5	33	爱	
Ǿo	6	21	饿恶芋[~子]袜[水~:袜子]	
nio	6	21	弱	
Ǿio	5	33	哟	
Ǿio	6	21	乐=[~大晚：地名]岳[~文：人名]	
pe	3	55	美[丰~塘:地名]	
pe	5	33	八末剥北擘[~开]拨[~算盘子]	
pe	6	21	墨默木不=[~去]密蜜[~糖]没[有~有]	
pʰe	5	33	泼拍	
fe	5	33	法[道~]发[~财]去覆[反~]	
fe	6	21	罚佛[~堂]服伏[~天]	
fe	5	33	答搭得德	
fe	6	21	读毒特跌	
tʰe	5	33	踏沓忒塔=[宝~]托[~付]	
le	1	35	□[发腻:你不要~了]	
le	6	21	腊蜡猎辣捋[~衣袖]肋勒鹿乐-[野~:地名]簕[(花木的刺)]	
tse	5	33	翅摺扎[~衣]袖侧[~边]测[~一~]织窄蚱[~蜢]责[~怪]	
tse	6	21	炸[油~]直蛰[惊~]值[~得]侄及[来不~]	
tsʰe	5	33	插擦策册	
se	5	33	涩湿杀失[~教]塞色识式虱[~婆:虱子]	
se	6	21	泄实十拾食=[粮~]	
ke	2	13	锯[动词，~断]	
ke	3	55	□[那:~头]	
ke	5	33	夹挟[~菜]割甲[手指~]葛[~藤]格合[十~一升]角[牛~]	
ke	6	21	□[这:~头]□[的:我~]	
kʰe	5	33	掐恰[~晡:刚好]刻各[~人]	
xe	1	35	□[揍:~他一顿]	
xe	5	33	瞎黑	
xe	6	21	和[~面]灰合[～起来]下[打一～]	
Ǿe	1	35	□[(坛子)]	
Ǿe	3	55	矮耳	
Ǿe	5	33	隘	
Ǿe	6	21	□[用力夹：手被门～了一下。]	
pie	1	35	班[上～]扳[～倒]□[(瘸)]	
pie	2	13	排埋牌平坪评[～理]	
pie	3	55	摆买板版	
pie	5	33	拜鳖憋笔逼柄[镰刀～]巴-[嘴～]扮[打～]	
pie	6	21	稗[～草]卖篾病败	
pʰie	3	55	髀[鸡～：鸡腿。《集韵》：“部礼切。股也。”]□[(只用一头担东西)]□[(头向上昂)]	
pʰie	5	33	派襻撇	
mie	2	13	蛮	
mie	3	55	晚[排行最小的：～舅]蜢[蚱～。《广韵》：莫辛切。]	
mie	5	33	晚[乐大～：地名]	
mie	6	21	慢灭	
fie	1	35	翻	
fie	2	13	烦	
fie	3	55	反	
fie	6	21	饭	
tie	2	13	桃[毛～]	
tie	3	55	鸟脑[～壳]□[～巴：尾巴]	
tie	6	21	□[另外：～人]	
tʰie	5	33	贴帖铁塔-[宝～]	
nie	1	35	□[拈，用手指取物]捏	
lie	2	13	梨[鹅～]□[失：～钱]□[缝：～衣]栗=[板～]	
lie	3	55	冷李-[～子]	
lie	6	21	赖-癞笠烈裂舌立[～秋]律[一～]力六陆绿历=[～年]柳-[五～塘：地名]□[烫：～人]	
ʨie	1	35	斋稽街间-[中～]肩[～板]争□[扎：～裤带]羹[糜～：粥]	
ʨie	2	13	豺	
ʨie	3	55	解减盏碱[～水]	
ʨie	5	33	界届积[疳～]戒接急揭节结鲫谷-[晒～]吉	
ʨie	6	21	寨截疾[痛：手～]□[(碗柜)]	
ʨʰie	1	35	差[出～]揩坑铛[(锅)]□[～泥：用双手挖泥]	
ʨʰie	3	55	籽～子铲～草皮齿口砍：～樵	
ʨʰie	5	33	切七漆撑衬吃[～亏]柿[椑～：柿子]	
ȵie	3	55	眼	
ȵie	6	21	硬业□[要：～不～]	
ɕie	1	35	筛山生牲甥[外～]	
ɕie	2	13	鞋行[出～]桁[～条]	
ɕie	3	55	省[湖南～]□[耕：～田]□[花费：～钱]	
ɕie	5	33	晒歇熄宿些=[一～]息膝惜=[可～]索	
ɕie	6	21	匣[扯～：抽屉]习	
Ǿie	5	33	揖噎壹一	
Ǿie	6	21	热[闹～]孽[造～]日[～子]食[吃：～饭]□[内：屋～]	
kue	1	35	关乖	
kue	3	55	楞拐口女阴梗[青菜～子]	
kue	5	33	怪褂挂刮骨国惯谷=[～雨]	
kue	6	21	蝈	
kʰue	1	35	□[～～：圆圈]	
kʰue	5	33	块快筷[～箸]阔	
xue	6	21	活坏=[好～]	
Ǿue	1	35	弯[转～]湾[社～：地名]□[掏：～出来]歪-[～心]	
Ǿue	2	13	顽[～皮]还-[～钱]横[～岭：地名]	
Ǿue	3	55	歪=[斜：～树]□[舀：～水]	
Ǿue	5	33	挖哕[打干～]	
Ǿue	6	21	滑万外-[另～]坏[气～人]	
ʨye	1	35	□[鱼～：鱼篓]	
ʨye	3	55	嘴	
ʨye	5	33	竹烛[蜡～]	
ʨye	6	21	轿绝局浊□[塞：～紧瓶口]	
ʨʰye	3	55	□[歪；～嘴巴]□[～头：蔬菜名]□[淋：～雨]	
ʨʰye	5	33	缺屈畜[～牲]□[溺：～死]	
ɕye	5	33	吸雪血出叔[～公：叔外祖父]戌	
ɕye	6	21	术[技～]勺[水～]熟续赎	
Ǿye	5	33	约[～日子]抈[折：～断。《集韵》：“鱼厥切，说文折也。”]	
Ǿye	6	21	入月越	
tai	1	35	□[有能力：他好～]	
tai	5	33	戴	
tʰai	3	55	□[体积大：～树]	
lai	2	13	来	
lai	3	55	奶=	
tsai	1	35	□[这里：到～来]	
tsai	2	13	才=[等下～来]	
tsai	3	55	崽□[叠音作词缀，表小称：刀～～]	
tsai	5	33	载[装~]	
tsʰai	6	21	□[看：这领衣～不得]	
kai	1	35	该[～数：欠钱]	
kai	2	13	□[词缀用于老后表程度：老～～]	
kai	3	55	□[坏：他好～]	
xai	1	35	咍[玩：～一下。《集韵》：“呼来切，说文嗤笑也。”]	
xai	2	13	□[懂事，有能力：这小孩好～]	
xai	3	55	海	
Ǿai	2	13	捱[～打]挨[～时候]呆	
Ǿai	6	21	碍	
tuei	1	35	堆	
tuei	3	55	兌[(全部买下)]	
tuei	5	33	对兑碓	
tʰuei	1	35	推	
tʰuei	5	33	退蜕褪	
nuei	6	21	内[～行]	
luei	1	35	□[凸起物：～头]	
luei	2	13	雷擂[～棰]	
luei	3	55	累垒	
luei	6	21	□[突然冒出：～出来]	
tsuei	2	13	随	
tsuei	5	33	最	
kuei	1	35	规龟归	
kuei	2	13	葵	
kuei	3	55	鬼诡[～诈]	
kuei	5	33	句桂贵	
kuei	6	21	柜	
kʰuei	1	35	亏	
kʰuei	3	55	跪	
kʰuei	5	33	扣-[～子]	
xuei	1	35	灰	
xuei	2	13	回	
xuei	3	55	悔毁	
xuei	5	33	□[(用手泼水)]	
xuei	6	21	会=[～面]	
Ǿuei	1	35	煨[～红薯]秽[～桶：粪桶]	
Ǿuei	2	13	危桅微违围	
Ǿuei	3	55	□[折：～断]委	
Ǿuei	6	21	会-[～不～]为位味外=[~甥]未[～时]	
pau	3	55	否□[没有。～得：没有]	
pʰau	1	35	□[大而松软：包子～]	
pʰau	3	55	殕[～花：食上的白霉]	
tau	1	35	兜逗	
tau	2	13	头-[日～]投[～胎]	
tau	3	55	斗[一～米]陡捣[～棰]□[用力踢：～一脚]	
tau	5	33	斗牛[～仗]昼[食～：吃中饭]	
tau	6	21	闹豆=[～腐]□[(用毒物使生物致死：～鱼)]	
tʰau	1	35	偷□[～屋：堂屋]	
tʰau	3	55	敨[～气：歇气]	
tʰau	5	33	透	
lau	2	13	楼	
lau	3	55	□[扒动：～一下]	
lau	6	21	漏□[带：～崽]	
tsau	1	35	□[(蹲)]□[干燥：～花生]	
tsau	2	13	砠[(石山)]	
tsau	3	55	爪走枣=	
tsau	5	33	皱绉	
tsau	6	21	□[从：～今年起]□[照顾、将就：扫屋时～到衣服，不要搞龌龊了]	
tsʰau	1	35	抄搊[(用手提物)]篘[(用来沥去酒糟以便取酒的器具)]	
tsʰau	3	55	炒	
tsʰau	5	33	凑	
sau	1	35	搜馊	
sau	5	33	瘦嗽□[推：~一下]	
kau	1	35	勾钩阄[拈～]□[(篮子)]	
kau	3	55	狗搞	
kau	5	33	够觉[睡(儿语)：眠～～]构-[～～：冰]	
kʰau	1	35	扣=[～门]□[节、截：一～甘蔗]	
kʰau	3	55	□烤=[～烟]	
kʰau	5	33	敲	
kʰau	6	21	□[(对面对相看)]	
ŋau	3	55	藕	
xau	1	35	抠□[往口里扒：～饭]	
xau	2	13	侯喉猴壕毫	
xau	3	55	□[(有)]□[～日晡：大后天]后-[～生]	
xau	5	33	□[(抬头向上)]	
xau	6	21	候后=[～辈]	
Ǿau	1	35	欧	
Ǿau	3	55	吼呕	
Ǿau	5	33	沤怄屋	
Ǿau	6	21	噢	
piau	1	35	包胞	
piau	2	13	茅刨[～皮]	
piau	3	55	饱錶卯[～时]	
piau	5	33	爆豹	
piau	6	21	鉋雹	
pʰiau	1	35	抛脬泡[～在水里]	
pʰiau	3	55	□[躁动：猪～楼]	
pʰiau	5	33	炮票泡[水～]	
miau	2	13	猫	
miau	6	21	瞄	
liau	1	35	□[蔫：树叶～了]	
liau	2	13	撩□[(从水中捞东西：～鱼)]	
liau	3	55	燎□[～巴：焦锅]□[大声斥责：～一顿]	
liau	6	21	落	
ʨiau	1	35	交胶教[～书]茭[～笋]	
ʨiau	3	55	绞狡铰饺搅缴	
ʨiau	5	33	教[失～]酵窖构=[(结冰)]	
ʨiau	6	21	撬	
ʨʰiau	3	55	巧□[～子：睾丸]	
ʨʰiau	6	21	翘	
ɕiau	1	35	□[搅拌：～糠]	
ɕiau	5	33	孝[～子]	
ɕiau	6	21	学[上～]	
Ǿiau	1	35	□[弯，～树]□[(为人不直爽，犹疑多：他好～)]	
Ǿiau	3	55	咬	
Ǿiau	6	21	□[踩：～一脚]	
pəu	1	35	杯□[熬煮：~肉]□[喂食：～猪]	
pəu	2	13	陪赔梅[杨～]媒[～人]袍毛煤[～丝：火烟熏成的黑色悬物]浮[～水]	
pəu	3	55	保宝母[～～：婶子]	
pəu	5	33	辈背报□[缸～：缸]	
pəu	6	21	妹[姊～]茂[～家：地名]薄佩[捆扎：～汗帕]	
pʰəu	1	35	坯[泥～]	
pʰəu	3	55	妇	
pʰəu	5	33	配	
məu	3	55	亩	
təu	1	35	刀	
təu	2	13	淘陶[～岭：地名]绹	
təu	3	55	倒[～水]	
təu	5	33	到倒[～转]道=[遍：几～]	
təu	6	21	庹[(两臂伸长的长度)]	
tʰəu	3	55	讨道-[～法]	
tʰəu	5	33	套托[～上去]	
tʰəu	6	21	盗	
ləu	1	35	捞[获得：～到]	
ləu	2	13	劳牢痨[饿～鬼]	
ləu	3	55	老佬	
tsəu	1	35	糟龊[龌～]遭	
tsəu	2	13	曹漕槽嘈	
tsəu	3	55	早	
tsəu	5	33	灶作澡[～身：洗澡]蚤[狗～：跳蚤]	
tsəu	6	21	凿躁	
tsʰəu	1	35	操	
tsʰəu	3	55	草造[～化]	
tsʰəu	5	33	错糙[～米]躁	
səu	1	35	骚臊	
səu	3	55	嫂	
səu	5	33	扫	
kəu	1	35	高膏[～药]	
kəu	5	33	告	
kʰəu	3	55	考烤-	
kʰəu	5	33	靠	
xəu	1	35	篙[竹～]薅蒿[茼～]	
xəu	3	55	好	
xəu	6	21	号[～数]	
Ǿəu	1	35	龌	
Ǿəu	2	13	厫[～仓：谷仓]	
piəu	1	35	膘[～油]标镖[保～]飚[(液体急剧喷出)]	
piəu	2	13	苗瓢	
piəu	3	55	表婊	
piəu	6	21	庙	
pʰiəu	1	35	飘	
tiəu	1	35	刁叼雕	
tiəu	2	13	条调[～色]跳[～上～下]	
tiəu	3	55	屌	
tiəu	5	33	钓吊调[～开]丢	
tiəu	6	21	尿	
tiəu	1	35	挑[～拣]	
tiəu	3	55	斢[(调换)]	
tiəu	5	33	跳[～皮]	
niəu	3	55	扭	
liəu	1	35	溜[～走了]	
liəu	2	13	刘留榴流	
liəu	3	55	了柳=[～树]	
liəu	6	21	料尥[打～脚]溜[滑～]廖[～宅晚：地名]	
ʨiəu	1	35	焦椒蕉朝[三～]招[～郎]娇周州浇[湿～]	
ʨiəu	2	13	樵朝[唐～]潮[涨～]桥荞求	
ʨiəu	3	55	酒九肘[猪～子]久韭纠	
ʨiəu	5	33	照脚救究[～竟]䦆[～头：锄头]着[～衣]角[丑～，一～钱]□[拧：～干]	
ʨiəu	6	21	就袖嚼着[眠～：睡着]	
ʨʰiəu	1	35	锹秋抽丘缲[～衣]鳅	
ʨʰiəu	3	55	丑[～时]醜舅	
ʨʰiəu	5	33	臭瞧旧[～年：去年]	
ɕiəu	1	35	消宵硝肖烧箫修收销	
ɕiəu	2	13	仇	
ɕiəu	3	55	手晓守少[多～]小	
ɕiəu	5	33	笑秀兽[野～]少[年～]绣	
ɕiəu	6	21	寿□[人工培植、养殖的。与“野生”相对：～鸭]	
Ǿiəu	1	35	腰□[慢性子，做事不爽快]邀幽[凉～：很凉]	
Ǿiəu	2	13	摇窑牛油游	
Ǿiəu	3	55	友酉[～时]	
Ǿiəu	5	33	要幼[细：～线]	
Ǿiəu	6	21	药又右祜[保～]箬[～po33：叶子]	
pan	1	35	边兵崩冰[～糖]	
pan	2	13	便[～宜]朋=[打～伙]	
pan	3	55	□[腌：～肉]	
pan	5	33	变	
pan	6	21	便[方～]	
pʰan	1	35	偏□[返回：～来]	
pʰan	3	55	蚌[～螺]	
man	1	35	□[(拿)]	
man	2	13	棉明名	
man	3	55	面[里～]免[～得]□[(词缀表亮的程度：光～)]	
man	5	33	□[～～：饭(儿语)]	
man	6	21	面麺命	
tan	1	35	灯颠	
tan	2	13	甜田藤填[～空]□[(跟)]	
tan	3	55	点-[～脑壳]典等	
tan	5	33	凳钉[动词：～书]	
tan	6	21	垫邓定殿佃填[～钱]掂[～轻重]	
tʰan	1	35	天添	
tʰan	3	55	簟□[～ko21：坑，凼]	
tʰan	5	33	听	
nan	2	13	年能宁脓燃鲇[～鱼]	
nan	3	55	捺碾	
nan	6	21	念	
lan	2	13	连怜莲灵零鲢镰	
lan	3	55	领岭	
lan	6	21	另恋□[煮：～豆子]	
tsan	1	35	尖煎精正[～月]□[盛：～饭]曾[(姓)]	
tsan	2	13	钱前情曾[不～]	
tsan	3	55	剪井整	
tsan	5	33	占箭颤[打～]正[～直]甑	
tsan	6	21	贱净郑	
tsʰan	1	35	迁千青清签搀	
tsʰan	3	55	浅请	
san	1	35	仙鲜先腥声伸[～腰]	
san	2	13	成城	
san	3	55	嗓鳝[～鱼]	
san	5	33	线扇[蒲～]性姓□[(铁锈)]膳[早～]	
kan	1	35	根惊经[念～]□[(醒)]□[(吞)]	
kan	2	13	钳[铁～]□[(砸)]	
kan	3	55	颈捡	
kan	5	33	见梗=[手～子]敬[～神]更[～加]□[冷：～水]	
kan	6	21	□[按：～紧]	
kʰan	1	35	轻谦[～虚]	
kʰan	3	55	□[(盖)]	
kʰan	5	33	欠□[碰：~肿了]	
ŋan	2	13	岩	
ŋan	3	55	□[小河上筑的堤：～口田]	
xan	1	35	牵	
xan	2	13	含咸鹹衔形[猫～：山名]刑嫌降[～伏]	
xan	3	55	肯	
xan	6	21	现[～钱]	
Ǿan	1	35	阉烟胭醃恩[报～]	
Ǿan	2	13	盐贤[七～山：地名]赢仁[～塘：地名]阎[～王]	
Ǿan	3	55	□[抵：石子在鞋里～脚]	
Ǿan	5	33	厌应[答～]嚥[～气：怄气]	
pian	3	55	扁匾	
pʰian	3	55	片=[红薯～～]	
tian	3	55	点=[大一～]	
tʰian	3	55	舔腆	
Ǿian	3	55	染演	
luan	2	13	圞	
kuan	2	13	拳权鬈蜷□[(绕)]	
kuan	3	55	捲赶=[～出去]	
kuan	5	33	□[(翻动使沾上东西)]	
kuan	6	21	滚-[打～]□[跌、掉：～脑毛]	
kʰuan	5	33	劝倾-[～了一盆水]	
kʰuan	6	21	哐	
xuan	1	35	兄	
xuan	3	55	缓	
xuan	6	21	县	
Ǿuan	1	35	冤[喊～]□[(想得到)]	
Ǿuan	2	13	完丸缘元[～宵]源袁园原文[斯～]王[阎～]	
Ǿuan	3	55	远永	
Ǿuan	5	33	愿	
ʨyan	1	35	专砖	
ʨyan	2	13	全传	
ʨyan	3	55	转[～手]	
ʨyan	5	33	转[～圈圈]	
ʨyan	6	21	旋	
ʨʰyan	1	35	穿	
ʨʰyan	5	33	串	
ɕyan	1	35	闩栓冲	
ɕyan	2	13	船椽[～皮：椽子]	
ɕyan	3	55	癣选	
ɕyan	5	33	□[挑选：～菜秧]	
Ǿyan	3	55	软	
pən	1	35	分-[～开]	
pən	2	13	盆彭湓[溢。《集韵》：“蒲奔切,一曰水溢也。”]朋=[～友]篷蓬	
pən	3	55	本	
pən	5	33	放=	
pən	6	21	份凭[靠、倚：～到壁]凤-[上～：地名]	
pʰən	1	35	蜂	
pʰən	3	55	捧奉[～厨]	
pʰən	5	33	喷[香～]	
mən	2	13	门	
mən	3	55	蚊懵满=[小～]蠓	
mən	6	21	闷问梦	
fən	1	35	纷风枫疯丰封分=[一～钱]锋[利～]	
fən	2	13	坟	
fən	3	55	粉	
fən	6	21	凤=[大～：地名]	
tən	1	35	东冬端[～午]	
tən	2	13	同铜桐筒童茼[～蒿]	
tən	3	55	□[(木、石墩)]□[挡：～了一下]	
tən	5	33	顿[一～饭]冻[～人]□[～脚：脚跺地]□[竖立：～了一根棍]	
tən	6	21	洞[(成片的田)]峒	
tʰən	1	35	通	
tʰən	3	55	桶统捅[～心：杀猪时用于通开皮肉的通条]	
tʰən	5	33	□[等待：～一刻]	
nən	6	21	嫩	
lən	1	35	聋	
lən	2	13	轮笼咙喉[～骨]	
lən	6	21	论[不～]	
tsən	1	35	棕宗	
tsən	2	13	存橙层旬	
tsən	3	55	总□[(节约)]□[朽：木头～了]	
tsən	5	33	粽	
tsən	6	21	□[打：～了一拳]	
tsʰən	1	35	聪葱	
tsʰən	3	55	搡[推：～起走]	
tsʰən	5	33	寸	
sən	1	35	孙鬆□[～～：植物长出的嫩芽]	
sən	2	13	□[丑：生得～]	
sən	3	55	损	
sən	5	33	送宋	
Ǿən	3	55	狠[～心]	
pin	1	35	辫编[～草索]	
pin	2	13	瓶	
pin	3	55	饼併[～凑]	
pʰin	1	35	拼	
pʰin	3	55	品	
pʰin	5	33	片-[篾～]□[抖动：吓得起～]	
min	2	13	眠	
min	3	55	抿	
tin	1	35	钉[(名词)]丁疗	
tin	2	13	停亭	
tin	3	55	顶鼎	
tin	5	33	镇□[掷：～石头]	
tʰin	1	35	□[词缀，用于“亮”后表程度]	
tʰin	3	55	挺	
lin	2	13	淋临龙鳞邻磷珑虫[起了～]	
lin	3	55	陇垅	
lin	6	21	楝[苦～树]	
ʨin	1	35	簪针斟金襟真巾筋蒸砧睛[眼～]今[～年]	
ʨin	2	13	澄寻沉琴陈秦橙尘芹乘松[～树]	
ʨin	3	55	枕紧仅景[～致]尽[～先：～他先坐]□[厚：～书]	
ʨin	5	33	浸禁中射～镜竟究～荐引～：帮人介绍职业的人劲	
ʨin	6	21	阵[打～：打战]澄[～清]澄[动词，过滤：～米汤]	
ʨʰin	1	35	亲称郴	
ʨʰin	3	55	近□[鸡～头：鸡肫]□[往下看：～一下]尽[完：瞧～了]	
ʨʰin	5	33	秤趁[～早]□[(往上够东西)]□[～ke21晡：前天]	
nin	2	13	人	
ɕin	1	35	心深辛新身升星兴[～旺]芯申	
ɕin	2	13	辰神晨□[垫：～高点]	
ɕin	3	55	笋□[(不正经)]	
ɕin	5	33	信兴[～头]囟[～门]	
ɕin	6	21	剩	
Ǿin	1	35	音阴荫鹰	
Ǿin	2	13	银盈沿滕[～头：田埂]寅[～时]螾□[软体动物的爬行：～起走]	
Ǿin	3	55	忍引隐影	
Ǿin	5	33	印映	
Ǿin	6	21	认任	
kuən	1	35	公蚣工功	
kuən	3	55	滚[～水]	
kuən	5	33	棍	
kʰuən	3	55	捆	
kʰuen	5	33	空[~屋]困	
xuen	1	35	空[～缺]	
xuen	2	13	魂红洪	
xuen	3	55	□[搅动：～水]	
xuen	6	21	蕻[菜花心。《广韵》：胡共切，草菜心长。]巷	
Ǿuen	1	35	温瘟	
Ǿuen	2	13	蚊闻	
Ǿuen	3	55	稳	
Ǿuen	6	21	□[(悬空晃动)]	
ʨyn	1	35	均[～匀]军[～师]中[～间]钟供[～饭]终[送～]□[(吮)]	
ʨyn	2	13	裙穷重[～阳节]	
ʨyn	3	55	准準肿种[谷～]	
ʨyn	5	33	众郡圳[水~]	
ʨʰyn	1	35	春椿充	
ʨʰyn	3	55	蠢菌重[轻～]	
ʨʰyn	5	33	铳	
ɕyn	1	35	熏	
ɕyn	2	13	雄	
ɕyn	3	55	恐-[(怕)]	
ɕyn	6	21	顺□[(帮忙、支持：～下他]	
Ǿyn	1	35	昏晕[～车]	
Ǿyn	2	13	匀云融浓绒[～毛]熔	
Ǿyn	3	55	允	
Ǿyn	5	33	熨	
Ǿyn	6	21	润闰运韵用孕[有～]	
poŋ	1	35	帮搬	
poŋ	2	13	旁[～边]棚盘朋-	
poŋ	5	33	半放-	
pʰoŋ	3	55	伴	
pʰoŋ	5	33	胖□[一大群：一～鸭]	
moŋ	2	13	瞒芒[～种]茫[白～～]	
moŋ	3	55	满-[水～了]蟒网	
foŋ	1	35	妨[无～]方	
foŋ	2	13	房防	
foŋ	3	55	纺	
toŋ	1	35	耽单担[动词：～担子]当[～面]	
toŋ	2	13	潭谭谈痰坛[法～]弹[～棉花]团堂唐糖塘	
toŋ	3	55	胆掸短挡□[(扔)]	
toŋ	5	33	担[名词：～子：量词：一～当～]作档裆[满～裤]旦[～角]石[一～谷]□[拉扶：～起他]	
toŋ	6	21	段[一～路]弹[～子]	
tʰoŋ	1	35	滩摊汤□[～哺：明天]	
tʰoŋ	3	55	毯淡坦断躺荡	
tʰoŋ	5	33	探炭烫[～酒]趟□[(听任不管：～他去)]	
noŋ	3	55	暖	
noŋ	5	33	哝	
noŋ	6	21	难[受～]□[吵嚷：～仗]	
loŋ	2	13	蓝兰拦栏郎	
loŋ	3	55	懒卵	
loŋ	6	21	乱□[(抖)]	
tsoŋ	1	35	张庄[～屋]装章樟妆	
tsoŋ	2	13	长[一尺～]场仗[打～：打架]床蚕	
tsoŋ	3	55	长[～高]涨钻掌	
tsoŋ	5	33	帐胀壮葬[送～]	
tsoŋ	6	21	赚状撞	
tsʰoŋ	1	35	餐仓昌[～文：人名]	
tsʰoŋ	3	55	丈	
tsʰoŋ	5	33	唱倡[提～]掺[～水]	
soŋ	1	35	酸桑霜商伤双疮	
soŋ	2	13	常尝裳	
soŋ	3	55	伞散上[～去]	
soŋ	5	33	算蒜丧[～事]	
soŋ	6	21	尚[和～]上[～面]	
koŋ	1	35	甘柑疳[～积]干[～湿]肝官冈刚[～强]观[～音菩萨]岗[小～：地名]缸钢[名词：～铁]光江-[～边]竿	
koŋ	2	13	□[(用火苗烤)]	
koŋ	3	55	秆敢管[～得紧]广赶-[～快]	
koŋ	5	33	灌观杠杆扫～：扫帚虹问一～屋钢动词：～锄头	
kʰoŋ	3	55	□[(晃动)]恐=[～怕：揣测语气词]	
kʰoŋ	5	33	坎[(台阶)]	
kʰoŋ	6	21	倾[猛地全倒掉：～出去]	
xoŋ	1	35	欢糠荒慌宽[~松，与紧相对]	
xoŋ	2	13	寒行[～业]杭皇蝗[蚂～]隍[城～庙]	
xoŋ	3	55	谎哄	
xoŋ	5	33	烘	
xoŋ	6	21	汉[农夫～]汗陷焊	
Ǿoŋ	1	35	庵[～堂]安蕹[～菜]□[(放置)]□[(表被动)：～狗咬了]□[给：书～他]□[用：～笔写]	
Ǿoŋ	2	13	黄	
Ǿoŋ	3	55	碗	
Ǿoŋ	5	33	暗按案	
Ǿoŋ	6	21	换岸[～上]	
nioŋ	2	13	娘	
lioŋ	2	13	良凉粮量[动词：~棉布]梁虫=[~婆]肠粱	
lioŋ	3	55	两[斤~]两[~个]	
lioŋ	6	21	亮量[气~]辆晾谅	
ʨioŋ	1	35	姜浆将[~就]今-[~䀯]江=[~湖]	
ʨioŋ	2	13	墙强[~大]	
ʨioŋ	3	55	蒋桨讲	
ʨioŋ	5	33	酱降=[霜~]强[倔~]灒溅	
ʨioŋ	6	21	匠[木~]	
ʨʰioŋ	1	35	枪框[火炉~]	
ʨʰioŋ	3	55	抢象[~牯:大象]戕[~眼睛：刺眼]	
ʨʰioŋ	5	33	戗[(斜)]	
ɕioŋ	1	35	箱厢[~壁：门前的照壁]湘[~包纸：当地一种土纸]镶[~牙]香乡	
ɕioŋ	3	55	想响	
ɕioŋ	5	33	向相嗅[(鼻子闻)]	
Ǿioŋ	1	35	秧	
Ǿioŋ	2	13	羊洋[~火：火柴]烊[稀糊状：饭煮~了;又动词：雪~了]杨[~柳塘：地名]阳[高~下：地名]疡萤[~火母母：萤火虫]	
Ǿioŋ	3	55	痒养	
Ǿioŋ	6	21	酿让样	
