正體	省写	/IPA/	[IPA]	注释
知	知	tsɿ˥	tsɿᵊ˦˥	
支	支	tsɿ˥	tsɿᵊ˦˥	
枝	枝	tsɿ˥	tsɿᵊ˦˥	
肢	肢	tsɿ˥	tsɿᵊ˦˥	
吱	吱	tsɿ˥	tsɿᵊ˦˥	
資	资	tsɿ˥	tsɿᵊ˦˥	
姿	姿	tsɿ˥	tsɿᵊ˦˥	
咨	咨	tsɿ˥	tsɿᵊ˦˥	
諮	谘	tsɿ˥	tsɿᵊ˦˥	
孜	孜	tsɿ˥	tsɿᵊ˦˥	
滋	滋	tsɿ˥	tsɿᵊ˦˥	
嗞	嗞	tsɿ˥	tsɿᵊ˦˥	
茲	茲	tsɿ˥	tsɿᵊ˦˥	
輜	辎	tsɿ˥	tsɿᵊ˦˥	
錙	锱	tsɿ˥	tsɿᵊ˦˥	
之	之	tsɿ˥	tsɿᵊ˦˥	
芝	芝	tsɿ˥	tsɿᵊ˦˥	
隻	只	tsɿ˥	tsɿᵊ˦˥	
氏	氏	tsɿ˥	tsɿᵊ˦˥	大月~
撕	撕	tsɿ˥	tsɿᵊ˦˥	白读
脂	脂	tsɿ˥	tsɿᵊ˦˥	
酯	酯	tsɿ˥	tsɿᵊ˦˥	
這	这	tsɿ˥	tsɿᵊ˦˥	白读
摯	挚	tsɿ˨˩	tsɿᵊ˨˩	
執	执	tsɿ˨˩	tsɿᵊ˨˩	
侄	侄	tsɿ˨˩	tsɿᵊ˨˩	
姪	姪	tsɿ˨˩	tsɿᵊ˨˩	
質	质	tsɿ˨˩	tsɿᵊ˨˩	
炙	炙	tsɿ˨˩	tsɿᵊ˨˩	
直	直	tsɿ˨˩	tsɿᵊ˨˩	
值	值	tsɿ˨˩	tsɿᵊ˨˩	
殖	殖	tsɿ˨˩	tsɿᵊ˨˩	
植	植	tsɿ˨˩	tsɿᵊ˨˩	
置	置	tsɿ˨˩	tsɿᵊ˨˩	位~
窒	窒	tsɿ˨˩	tsɿᵊ˨˩	
只	只	tsɿ˨˩	tsɿᵊ˨˩	~差
織	织	tsɿ˨˩	tsɿᵊ˨˩	
熾	炽	tsɿ˨˩	tsɿᵊ˨˩	
職	职	tsɿ˨˩	tsɿᵊ˨˩	
擲	掷	tsɿ˨˩	tsɿᵊ˨˩	
陟	陟	tsɿ˨˩	tsɿᵊ˨˩	
指	指	tsɿ˨˩	tsɿᵊ˨˩	~头；~甲
紙	纸	tsɿ˦˨	tsɿᵊ˦˧	
只	只	tsɿ˦˨	tsɿᵊ˦˧	
幟	帜	tsɿ˦˨	tsɿᵊ˦˧	
旨	旨	tsɿ˦˨	tsɿᵊ˦˧	
指	指	tsɿ˦˨	tsɿᵊ˦˧	
滓	滓	tsɿ˦˨	tsɿᵊ˦˧	
止	止	tsɿ˦˨	tsɿᵊ˦˧	
趾	趾	tsɿ˦˨	tsɿᵊ˦˧	
址	址	tsɿ˦˨	tsɿᵊ˦˧	
祉	祉	tsɿ˦˨	tsɿᵊ˦˧	
子	子	tsɿ˦˨	tsɿᵊ˦˧	
仔	仔	tsɿ˦˨	tsɿᵊ˦˧	
梓	梓	tsɿ˦˨	tsɿᵊ˦˧	
紫	紫	tsɿ˦˨	tsɿᵊ˦˧	
姊	姊	tsɿ˦˨	tsɿᵊ˦˧	
制	制	tsɿ˩˧	tsɿᵊ˨˦	
製	制	tsɿ˩˧	tsɿᵊ˨˦	
摯	挚	tsɿ˩˧	tsɿᵊ˨˦	
蟄	蛰	tsɿ˩˧	tsɿᵊ˨˦	
智	智	tsɿ˩˧	tsɿᵊ˨˦	
雉	雉	tsɿ˩˧	tsɿᵊ˨˦	
稚	稚	tsɿ˩˧	tsɿᵊ˨˦	
至	至	tsɿ˩˧	tsɿᵊ˨˦	
致	致	tsɿ˩˧	tsɿᵊ˨˦	
窒	窒	tsɿ˩˧	tsɿᵊ˨˦	
痔	痔	tsɿ˩˧	tsɿᵊ˨˦	
治	治	tsɿ˩˧	tsɿᵊ˨˦	
字	字	tsɿ˩˧	tsɿᵊ˨˦	
志	志	tsɿ˩˧	tsɿᵊ˨˦	
痣	痣	tsɿ˩˧	tsɿᵊ˨˦	
置	置	tsɿ˩˧	tsɿᵊ˨˦	
自	自	tsɿ˩˧	tsɿᵊ˨˦	
翅	翅	tsɿ˩˧	tsɿᵊ˨˦	~拐
恣	恣	tsɿ˩˧	tsɿᵊ˨˦	
牸	牸	tsɿ˩˧	tsɿᵊ˨˦	
豸	豸	tsɿ˩˧	tsɿᵊ˨˦	
巳	巳	tsɿ˩˧	tsɿᵊ˨˦	
差	差	tsʰɿ˥	tsʰɿᵊ˦˥	参~
齜	龇	tsʰɿ˥	tsʰɿᵊ˦˥	
呲	呲	tsʰɿ˥	tsʰɿᵊ˦˥	
癡	痴	tsʰɿ˥	tsʰɿᵊ˦˥	
嗤	嗤	tsʰɿ˥	tsʰɿᵊ˦˥	
摛	摛	tsʰɿ˥	tsʰɿᵊ˦˥	
攡	攡	tsʰɿ˥	tsʰɿᵊ˦˥	
肢	肢	tsʰɿ˥	tsʰɿᵊ˦˥	夹~孔
齒	齿	tsʰɿ˥	tsʰɿᵊ˦˥	牙~
雌	雌	tsʰɿ˨˩	tsʰɿᵊ˨˩	
疵	疵	tsʰɿ˨˩	tsʰɿᵊ˨˩	
池	池	tsʰɿ˨˩	tsʰɿᵊ˨˩	
馳	驰	tsʰɿ˨˩	tsʰɿᵊ˨˩	
茨	茨	tsʰɿ˨˩	tsʰɿᵊ˨˩	
瓷	瓷	tsʰɿ˨˩	tsʰɿᵊ˨˩	
餈	餈	tsʰɿ˨˩	tsʰɿᵊ˨˩	
粢	粢	tsʰɿ˨˩	tsʰɿᵊ˨˩	
遲	迟	tsʰɿ˨˩	tsʰɿᵊ˨˩	
持	持	tsʰɿ˨˩	tsʰɿᵊ˨˩	
慈	慈	tsʰɿ˨˩	tsʰɿᵊ˨˩	
磁	磁	tsʰɿ˨˩	tsʰɿᵊ˨˩	
糍	糍	tsʰɿ˨˩	tsʰɿᵊ˨˩	
辭	辞	tsʰɿ˨˩	tsʰɿᵊ˨˩	
詞	词	tsʰɿ˨˩	tsʰɿᵊ˨˩	
祠	祠	tsʰɿ˨˩	tsʰɿᵊ˨˩	
秩	秩	tsʰɿ˨˩	tsʰɿᵊ˨˩	
赤	赤	tsʰɿ˨˩	tsʰɿᵊ˨˩	
斥	斥	tsʰɿ˨˩	tsʰɿᵊ˨˩	
尺	尺	tsʰɿ˨˩	tsʰɿᵊ˨˩	
齒	齿	tsʰɿ˨˩	tsʰɿᵊ˨˩	咬牙切~
吃	吃	tsʰɿ˨˩	tsʰɿᵊ˨˩	
喫	吃	tsʰɿ˨˩	tsʰɿᵊ˨˩	
叱	叱	tsʰɿ˨˩	tsʰɿᵊ˨˩	
此	此	tsʰɿ˦˨	tsʰɿᵊ˦˧	
齒	齿	tsʰɿ˦˨	tsʰɿᵊ˦˧	
恥	恥	tsʰɿ˦˨	tsʰɿᵊ˦˧	
侈	侈	tsʰɿ˦˨	tsʰɿᵊ˦˧	
刺	刺	tsʰɿ˩˧	tsʰɿᵊ˨˦	
賜	赐	tsʰɿ˩˧	tsʰɿᵊ˨˦	
滯	滞	tsʰɿ˩˧	tsʰɿᵊ˨˦	
掣	掣	tsʰɿ˩˧	tsʰɿᵊ˨˦	
翅	翅	tsʰɿ˩˧	tsʰɿᵊ˨˦	~膀
次	次	tsʰɿ˩˧	tsʰɿᵊ˨˦	
秩	秩	tsʰɿ˩˧	tsʰɿᵊ˨˦	~序
伺	伺	tsʰɿ˩˧	tsʰɿᵊ˨˦	
斯	斯	sɿ˥	sɿᵊ˦˥	
撕	撕	sɿ˥	sɿᵊ˦˥	文读
廝	厮	sɿ˥	sɿᵊ˦˥	
施	施	sɿ˥	sɿᵊ˦˥	
尸	尸	sɿ˥	sɿᵊ˦˥	
屍	屍	sɿ˥	sɿᵊ˦˥	
師	师	sɿ˥	sɿᵊ˦˥	
獅	狮	sɿ˥	sɿᵊ˦˥	
詩	诗	sɿ˥	sɿᵊ˦˥	
司	司	sɿ˥	sɿᵊ˦˥	
絲	丝	sɿ˥	sɿᵊ˦˥	
私	私	sɿ˥	sɿᵊ˦˥	
厶	厶	sɿ˥	sɿᵊ˦˥	
思	思	sɿ˥	sɿᵊ˦˥	
石	石	sɿ˥	sɿᵊ˦˥	霉~烂冚
匙	匙	sɿ˥	sɿᵊ˦˥	钥~
匙	匙	sɿ˨˩	sɿᵊ˨˩	
時	时	sɿ˨˩	sɿᵊ˨˩	
濕	湿	sɿ˨˩	sɿᵊ˨˩	
十	十	sɿ˨˩	sɿᵊ˨˩	
什	什	sɿ˨˩	sɿᵊ˨˩	
拾	拾	sɿ˨˩	sɿᵊ˨˩	
實	实	sɿ˨˩	sɿᵊ˨˩	
失	失	sɿ˨˩	sɿᵊ˨˩	
室	室	sɿ˨˩	sɿᵊ˨˩	
食	食	sɿ˨˩	sɿᵊ˨˩	
蝕	蚀	sɿ˨˩	sɿᵊ˨˩	
噬	噬	sɿ˨˩	sɿᵊ˨˩	
識	识	sɿ˨˩	sɿᵊ˨˩	
適	适	sɿ˨˩	sɿᵊ˨˩	
釋	释	sɿ˨˩	sɿᵊ˨˩	
石	石	sɿ˨˩	sɿᵊ˨˩	
式	式	sɿ˨˩	sɿᵊ˨˩	~子；各~各样
軾	轼	sɿ˨˩	sɿᵊ˨˩	
拭	拭	sɿ˨˩	sɿᵊ˨˩	
使	使	sɿ˦˨	sɿᵊ˦˧	
史	史	sɿ˦˨	sɿᵊ˦˧	
始	始	sɿ˦˨	sɿᵊ˦˧	
屎	屎	sɿ˦˨	sɿᵊ˦˧	
死	死	sɿ˦˨	sɿᵊ˦˧	
矢	矢	sɿ˦˨	sɿᵊ˦˧	
鼠	鼠	sɿ˦˨	sɿᵊ˦˧	兔眉~眼
世	世	sɿ˩˧	sɿᵊ˨˦	
勢	势	sɿ˩˧	sɿᵊ˨˦	
誓	誓	sɿ˩˧	sɿᵊ˨˦	
逝	逝	sɿ˩˧	sɿᵊ˨˦	
似	似	sɿ˩˧	sɿᵊ˨˦	
姒	姒	sɿ˩˧	sɿᵊ˨˦	
祀	祀	sɿ˩˧	sɿᵊ˨˦	
適	适	sɿ˩˧	sɿᵊ˨˦	合~；惯~，指溺爱小孩
士	士	sɿ˩˧	sɿᵊ˨˦	
仕	仕	sɿ˩˧	sɿᵊ˨˦	
市	市	sɿ˩˧	sɿᵊ˨˦	
柿	柿	sɿ˩˧	sɿᵊ˨˦	
豉	豉	sɿ˩˧	sɿᵊ˨˦	
是	是	sɿ˩˧	sɿᵊ˨˦	
俟	俟	sɿ˩˧	sɿᵊ˨˦	
寺	寺	sɿ˩˧	sɿᵊ˨˦	
侍	侍	sɿ˩˧	sɿᵊ˨˦	
恃	恃	sɿ˩˧	sɿᵊ˨˦	
飼	饲	sɿ˩˧	sɿᵊ˨˦	
祠	祠	sɿ˩˧	sɿᵊ˨˦	阳明~
飾	饰	sɿ˩˧	sɿᵊ˨˦	
事	事	sɿ˩˧	sɿᵊ˨˦	
式	式	sɿ˩˧	sɿᵊ˨˦	
試	试	sɿ˩˧	sɿᵊ˨˦	
駟	驷	sɿ˩˧	sɿᵊ˨˦	
四	四	sɿ˩˧	sɿᵊ˨˦	
肆	肆	sɿ˩˧	sɿᵊ˨˦	
亖	亖	sɿ˩˧	sɿᵊ˨˦	
示	示	sɿ˩˧	sɿᵊ˨˦	
氏	氏	sɿ˩˧	sɿᵊ˨˦	
嗜	嗜	sɿ˩˧	sɿᵊ˨˦	
日	日	zɿ˨˩	zɿᵊ˨˩	
入	入	zɿ˨˩	zɿᵊ˨˩	性交，粗语
㒲	㒲	zɿ˨˩	zɿᵊ˨˩	性交，粗语
肏	肏	zɿ˨˩	zɿᵊ˨˩	性交，粗语
尿	尿	sʮ˥	sʮ˦˥	催尿声
噓	嘘	sʮ˥	sʮ˦˥	语气词，提醒他人保持安静
啐	啐	tsʰʮ˦˨	tsʰʮ˦˧	语气词，撵走人或动物
嗶	哔	pi˥	pi˦˥	拉丁字母B
筆	笔	pi˨˩	pi˨˩	
潷	滗	pi˨˩	pi˨˩	
畢	毕	pi˨˩	pi˨˩	
蓽	荜	pi˨˩	pi˨˩	
篳	筚	pi˨˩	pi˨˩	
嗶	哔	pi˨˩	pi˨˩	
毗	毗	pi˨˩	pi˨˩	~那，即织金
鉍	铋	pi˨˩	pi˨˩	
䖩	䖩	pi˨˩	pi˨˩	
怭	怭	pi˨˩	pi˨˩	
必	必	pi˨˩	pi˨˩	
鼻	鼻	pi˨˩	pi˨˩	
逼	逼	pi˨˩	pi˨˩	
璧	璧	pi˨˩	pi˨˩	
壁	壁	pi˨˩	pi˨˩	
碧	碧	pi˨˩	pi˨˩	
比	比	pi˦˨	pi˦˧	
閉	闭	pi˩˧	pi˨˦	
箄	箅	pi˩˧	pi˨˦	
蓖	蓖	pi˩˧	pi˨˦	
弊	弊	pi˩˧	pi˨˦	
幣	币	pi˩˧	pi˨˦	文读
斃	毙	pi˩˧	pi˨˦	
避	避	pi˩˧	pi˨˦	
備	备	pi˩˧	pi˨˦	
憊	惫	pi˩˧	pi˨˦	
被	被	pi˩˧	pi˨˦	
鼻	鼻	pi˩˧	pi˨˦	鼻~，儿语，鼻涕
濞	濞	pi˩˧	pi˨˦	
𤻖	𤻖	pi˩˧	pi˨˦	
磇	磇	pʰi˥	pʰi˦˥	
砒	砒	pʰi˥	pʰi˦˥	
屄	屄	pʰi˥	pʰi˦˥	
毴	毴	pʰi˥	pʰi˦˥	
𣭈	𣭈	pʰi˥	pʰi˦˥	
䏘	䏘	pʰi˥	pʰi˦˥	
牝	牝	pʰi˥	pʰi˦˥	
匹	匹	pʰi˨˩	pʰi˨˩	
䏘	䏘	pʰi˨˩	pʰi˨˩	
弼	弼	pʰi˨˩	pʰi˨˩	
皮	皮	pʰi˨˩	pʰi˨˩	
疲	疲	pʰi˨˩	pʰi˨˩	
陂	陂	pʰi˨˩	pʰi˨˩	黄~
脾	脾	pʰi˨˩	pʰi˨˩	
啤	啤	pʰi˨˩	pʰi˨˩	
痺	痺	pʰi˨˩	pʰi˨˩	
痹	痹	pʰi˨˩	pʰi˨˩	
毗	毗	pʰi˨˩	pʰi˨˩	
毘	毘	pʰi˨˩	pʰi˨˩	
枇	枇	pʰi˨˩	pʰi˨˩	
琵	琵	pʰi˨˩	pʰi˨˩	
芘	芘	pʰi˨˩	pʰi˨˩	花草名，锦葵；化学名
辟	辟	pʰi˨˩	pʰi˨˩	
僻	僻	pʰi˨˩	pʰi˨˩	
擗	擗	pʰi˨˩	pʰi˨˩	
𢹐	𢹐	pʰi˨˩	pʰi˨˩	
劈	劈	pʰi˨˩	pʰi˨˩	
孹	孹	pʰi˨˩	pʰi˨˩	
霹	霹	pʰi˨˩	pʰi˨˩	
闢	辟	pʰi˨˩	pʰi˨˩	
癖	癖	pʰi˨˩	pʰi˨˩	
鄙	鄙	pʰi˦˨	pʰi˦˧	
否	否	pʰi˦˨	pʰi˦˧	臧~；~极泰来
痞	痞	pʰi˦˨	pʰi˦˧	
譬	譬	pʰi˦˨	pʰi˦˧	~如
彼	彼	pʰi˦˨	pʰi˦˧	
媲	媲	pʰi˦˨	pʰi˦˧	
毗	毗	pʰi˦˨	pʰi˦˧	
吡	吡	pʰi˦˨	pʰi˦˧	
庇	庇	pʰi˦˨	pʰi˦˧	
匕	匕	pʰi˦˨	pʰi˦˧	
圮	圮	pʰi˦˨	pʰi˦˧	
紕	纰	pʰi˩˧	pʰi˨˦	
庇	庇	pʰi˩˧	pʰi˨˦	~护
屁	屁	pʰi˩˧	pʰi˨˦	
芘	芘	pʰi˩˧	pʰi˨˦	庇护
片	片	pʰi˩˧	pʰi˨˦	鸦~烟；鸦~花
丕	丕	pʰi˩˧	pʰi˨˦	构词法“……~剌沙”
咪	咪	mi˥	mᵇi˦˥	
瞇	眯	mi˥	mᵇi˦˥	
蜜	蜜	mi˥	mᵇi˦˥	甜~~
梅	梅	mi˥	mᵇi˦˥	杨~
妹	妹	mi˥	mᵇi˦˥	白读
微	微	mi˥	mᵇi˦˥	小~~点
奶	奶	mi˥	mᵇi˦˥	乳房
蔤	蔤	mi˨˩	mᵇi˨˩	
密	密	mi˨˩	mᵇi˨˩	
蜜	蜜	mi˨˩	mᵇi˨˩	
迷	迷	mi˨˩	mᵇi˨˩	
醚	醚	mi˨˩	mᵇi˨˩	
彌	弥	mi˨˩	mᵇi˨˩	
瀰	㳽	mi˨˩	mᵇi˨˩	
靡	靡	mi˨˩	mᵇi˨˩	
糜	糜	mi˨˩	mᵇi˨˩	
眉	眉	mi˨˩	mᵇi˨˩	~毛；脑~心，指双眉之间；憨~憨眼；装疯眉翘
汨	汨	mi˨˩	mᵇi˨˩	
泌	泌	mi˨˩	mᵇi˨˩	
秘	秘	mi˨˩	mᵇi˨˩	神~
覓	觅	mi˨˩	mᵇi˨˩	
米	米	mi˦˨	mᵇi˦˧	
迷	迷	mi˩˧	mᵇi˨˦	猫猫~，童谣音；一~头，表示一饮而尽
謎	谜	mi˩˧	mᵇi˨˦	
咪	咪	mi˩˧	mᵇi˨˦	猫猫~，“躲猫猫”游戏中计时结束的口语信号，模仿猫叫
昧	昧	mi˩˧	mᵇi˨˦	
沕	沕	mi˩˧	mᵇi˨˦	~头；~子
底	底	ti˥	ti˦˥	即“的”
低	低	ti˥	ti˦˥	
的	的	ti˥	ti˦˥	文读
點	点	ti˥	ti˦˥	~~个；一~点
滴	滴	ti˥	ti˦˥	~~，拟声词
的	的	ti˨˩	ti˨˩	目~；~确
滴	滴	ti˨˩	ti˨˩	
嫡	嫡	ti˨˩	ti˨˩	
笛	笛	ti˨˩	ti˨˩	
迪	迪	ti˨˩	ti˨˩	
敵	敌	ti˨˩	ti˨˩	
踢	踢	ti˨˩	ti˨˩	~脚扳手
狄	狄	ti˨˩	ti˨˩	
滌	涤	ti˨˩	ti˨˩	
扚	扚	ti˨˩	ti˨˩	文读
迭	迭	ti˨˩	ti˨˩	~忙、~住，指赶忙、抓紧
底	底	ti˦˨	ti˦˧	
抵	抵	ti˦˨	ti˦˧	
弟	弟	ti˩˧	ti˨˦	
第	第	ti˩˧	ti˨˦	
涕	涕	ti˩˧	ti˨˦	
悌	悌	ti˩˧	ti˨˦	
遞	递	ti˩˧	ti˨˦	
帝	帝	ti˩˧	ti˨˦	
隸	隶	ti˩˧	ti˨˦	
逮	逮	ti˩˧	ti˨˦	文读
螮	䗖	ti˩˧	ti˨˦	
地	地	ti˩˧	ti˨˦	
滴	滴	ti˩˧	ti˨˦	娇~~
剔	剔	tʰi˥	tʰi˦˥	白读
梯	梯	tʰi˥	tʰi˦˥	
銻	锑	tʰi˥	tʰi˦˥	
堤	堤	tʰi˨˩	tʰi˨˩	
提	提	tʰi˨˩	tʰi˨˩	
醍	醍	tʰi˨˩	tʰi˨˩	
題	题	tʰi˨˩	tʰi˨˩	
蹄	蹄	tʰi˨˩	tʰi˨˩	
啼	啼	tʰi˨˩	tʰi˨˩	
踢	踢	tʰi˨˩	tʰi˨˩	
惕	惕	tʰi˨˩	tʰi˨˩	
剔	剔	tʰi˨˩	tʰi˨˩	文读
體	体	tʰi˦˨	tʰi˦˧	
替	替	tʰi˩˧	tʰi˨˦	
剃	剃	tʰi˩˧	tʰi˨˦	
嚏	嚏	tʰi˩˧	tʰi˨˦	
戻	戻	tʰi˩˧	tʰi˨˦	
躧	躧	ni˥	nᵈi˦˥	踩着物品磨擦以粉碎破坏；利用路面积水或凸起蹭掉鞋底异物
跜	跜	ni˥	nᵈi˦˥	蠕动
抳	抳	ni˥	nᵈi˦˥	研磨
里	里	ni˥	nᵈi˦˥	即“哩”
哩	哩	ni˥	nᵈi˦˥	叽~咕噜
栗	栗	ni˥	nᵈi˦˥	毛~
黎	黎	ni˨˩	nᵈi˨˩	
犁	犁	ni˨˩	nᵈi˨˩	
梨	梨	ni˨˩	nᵈi˨˩	
離	离	ni˨˩	nᵈi˨˩	
璃	璃	ni˨˩	nᵈi˨˩	
灕	漓	ni˨˩	nᵈi˨˩	
籬	篱	ni˨˩	nᵈi˨˩	
尼	尼	ni˨˩	nᵈi˨˩	
呢	呢	ni˨˩	nᵈi˨˩	直贡~
泥	泥	ni˨˩	nᵈi˨˩	
妮	妮	ni˨˩	nᵈi˨˩	
暱	昵	ni˨˩	nᵈi˨˩	
匿	匿	ni˨˩	nᵈi˨˩	
釐	厘	ni˨˩	nᵈi˨˩	
狸	狸	ni˨˩	nᵈi˨˩	
喱	喱	ni˨˩	nᵈi˨˩	
立	立	ni˨˩	nᵈi˨˩	
粒	粒	ni˨˩	nᵈi˨˩	
栗	栗	ni˨˩	nᵈi˨˩	
礫	砾	ni˨˩	nᵈi˨˩	
䃯	䃯	ni˨˩	nᵈi˨˩	
葎	葎	ni˨˩	nᵈi˨˩	
箻	箻	ni˨˩	nᵈi˨˩	
律	律	ni˨˩	nᵈi˨˩	
聿	聿	ni˨˩	nᵈi˨˩	
力	力	ni˨˩	nᵈi˨˩	
率	率	ni˨˩	nᵈi˨˩	
曆	历	ni˨˩	nᵈi˨˩	
歷	历	ni˨˩	nᵈi˨˩	
瀝	沥	ni˨˩	nᵈi˨˩	
靂	雳	ni˨˩	nᵈi˨˩	
溺	溺	ni˨˩	nᵈi˨˩	
宜	宜	ni˨˩	nᵈi˨˩	
誼	谊	ni˨˩	nᵈi˨˩	白读
疑	疑	ni˨˩	nᵈi˨˩	
逆	逆	ni˨˩	nᵈi˨˩	
倪	倪	ni˨˩	nᵈi˨˩	
掜	掜	ni˨˩	nᵈi˨˩	
婗	婗	ni˨˩	nᵈi˨˩	
霓	霓	ni˨˩	nᵈi˨˩	
凝	凝	ni˨˩	nᵈi˨˩	~定，指发呆走神
儀	仪	ni˨˩	nᵈi˨˩	白读
旎	旎	ni˦˨	nᵈi˦˧	
女	女	ni˦˨	nᵈi˦˧	
旅	旅	ni˦˨	nᵈi˦˧	
膂	膂	ni˦˨	nᵈi˦˧	
禮	礼	ni˦˨	nᵈi˦˧	
履	履	ni˦˨	nᵈi˦˧	
你	你	ni˦˨	nᵈi˦˧	
李	李	ni˦˨	nᵈi˦˧	
理	理	ni˦˨	nᵈi˦˧	
鯉	鲤	ni˦˨	nᵈi˦˧	
俚	俚	ni˦˨	nᵈi˦˧	
娌	娌	ni˦˨	nᵈi˦˧	
哩	哩	ni˦˨	nᵈi˦˧	
裏	里	ni˦˨	nᵈi˦˧	
裡	裡	ni˦˨	nᵈi˦˧	
擬	拟	ni˦˨	nᵈi˦˧	
麗	丽	ni˩˧	nᵈi˨˦	
荔	荔	ni˩˧	nᵈi˨˦	
膩	腻	ni˩˧	nᵈi˨˦	
溺	溺	ni˩˧	nᵈi˨˦	~巴子，指唾沫星子；屙~，指小便
利	利	ni˩˧	nᵈi˨˦	
痢	痢	ni˩˧	nᵈi˨˦	
例	例	ni˩˧	nᵈi˨˦	
詈	詈	ni˩˧	nᵈi˨˦	
吏	吏	ni˩˧	nᵈi˨˦	
戾	戾	ni˩˧	nᵈi˨˦	
唳	唳	ni˩˧	nᵈi˨˦	
蒞	莅	ni˩˧	nᵈi˨˦	
離	离	ni˩˧	nᵈi˨˦	~开；~婚
義	义	ni˩˧	nᵈi˨˦	~气
議	议	ni˩˧	nᵈi˨˦	白读
蟻	蚁	ni˩˧	nᵈi˨˦	蚂~子
藝	艺	ni˩˧	nᵈi˨˦	手~
宜	宜	ni˩˧	nᵈi˨˦	便~，指方便
居	居	tɕi˥	tɕi˦˥	
車	车	tɕi˥	tɕi˦˥	象棋用语
拘	拘	tɕi˥	tɕi˦˥	
驹	驹	tɕi˥	tɕi˦˥	
呴	呴	tɕi˥	tɕi˦˥	叫~，即口哨
俱	俱	tɕi˥	tɕi˦˥	
狙	狙	tɕi˥	tɕi˦˥	
沮	沮	tɕi˥	tɕi˦˥	
苴	苴	tɕi˥	tɕi˦˥	
且	且	tɕi˥	tɕi˦˥	~兰，即今黄平
雞	鸡	tɕi˥	tɕi˦˥	
鷄	鸡	tɕi˥	tɕi˦˥	即“㞓”
稽	稽	tɕi˥	tɕi˦˥	
羈	羁	tɕi˥	tɕi˦˥	
基	基	tɕi˥	tɕi˦˥	
姬	姬	tɕi˥	tɕi˦˥	
機	机	tɕi˥	tɕi˦˥	
譏	讥	tɕi˥	tɕi˦˥	
幾	几	tɕi˥	tɕi˦˥	
飢	饥	tɕi˥	tɕi˦˥	
肌	肌	tɕi˥	tɕi˦˥	
几	几	tɕi˥	tɕi˦˥	
唧	唧	tɕi˥	tɕi˦˥	
擠	挤	tɕi˥	tɕi˦˥	衣物尺码过小；强行穿尺码过小的衣物
臍	脐	tɕi˥	tɕi˦˥	肚~眼
薺	荠	tɕi˥	tɕi˦˥	荸~
奇	奇	tɕi˥	tɕi˦˥	
畸	畸	tɕi˥	tɕi˦˥	
膝	膝	tɕi˥	tɕi˦˥	乞~脑壳
錐	锥	tɕi˥	tɕi˦˥	~人，指戳、刺的动作
雎	雎	tɕi˥	tɕi˦˥	
𩐒	𩐒	tɕi˥	tɕi˦˥	
䪡	䪡	tɕi˥	tɕi˦˥	
㞓	㞓	tɕi˥	tɕi˦˥	男阴，粗语
季	季	tɕi˥	tɕi˦˥	四~豆
吉	吉	tɕi˥	tɕi˦˥	小宅~
緝	缉	tɕi˨˩	tɕi˨˩	
輯	辑	tɕi˨˩	tɕi˨˩	
集	集	tɕi˨˩	tɕi˨˩	
級	级	tɕi˨˩	tɕi˨˩	
圾	圾	tɕi˨˩	tɕi˨˩	
吸	吸	tɕi˨˩	tɕi˨˩	
及	及	tɕi˨˩	tɕi˨˩	
疾	疾	tɕi˨˩	tɕi˨˩	
給	给	tɕi˨˩	tɕi˨˩	文读
吉	吉	tɕi˨˩	tɕi˨˩	
桔	桔	tɕi˨˩	tɕi˨˩	
拮	拮	tɕi˨˩	tɕi˨˩	
佶	佶	tɕi˨˩	tɕi˨˩	
狤	狤	tɕi˨˩	tɕi˨˩	
即	即	tɕi˨˩	tɕi˨˩	
鯽	鲫	tɕi˨˩	tɕi˨˩	
棘	棘	tɕi˨˩	tɕi˨˩	
亟	亟	tɕi˨˩	tɕi˨˩	
極	极	tɕi˨˩	tɕi˨˩	
積	积	tɕi˨˩	tɕi˨˩	
稷	稷	tɕi˨˩	tɕi˨˩	
跡	迹	tɕi˨˩	tɕi˨˩	
脊	脊	tɕi˨˩	tɕi˨˩	
籍	籍	tɕi˨˩	tɕi˨˩	
藉	藉	tɕi˨˩	tɕi˨˩	
藉	借	tɕi˨˩	tɕi˨˩	
戟	戟	tɕi˨˩	tɕi˨˩	
屐	屐	tɕi˨˩	tɕi˨˩	
績	绩	tɕi˨˩	tɕi˨˩	
寂	寂	tɕi˨˩	tɕi˨˩	
擊	击	tɕi˨˩	tɕi˨˩	
激	激	tɕi˨˩	tɕi˨˩	
己	己	tɕi˨˩	tɕi˨˩	妲~
杞	杞	tɕi˨˩	tɕi˨˩	枸~
紀	纪	tɕi˨˩	tɕi˨˩	年~
舉	举	tɕi˦˨	tɕi˦˧	
矩	矩	tɕi˦˨	tɕi˦˧	
枸	枸	tɕi˦˨	tɕi˦˧	~橼酸
莒	莒	tɕi˦˨	tɕi˦˧	
擠	挤	tɕi˦˨	tɕi˦˧	
幾	几	tɕi˦˨	tɕi˦˧	
己	己	tɕi˦˨	tɕi˦˧	
紀	纪	tɕi˦˨	tɕi˦˧	
麂	麂	tɕi˦˨	tɕi˦˧	
據	据	tɕi˩˧	tɕi˨˦	
鋸	锯	tɕi˩˧	tɕi˨˦	
踞	踞	tɕi˩˧	tɕi˨˦	
巨	巨	tɕi˩˧	tɕi˨˦	
拒	拒	tɕi˩˧	tɕi˨˦	
距	距	tɕi˩˧	tɕi˨˦	
柜	柜	tɕi˩˧	tɕi˨˦	~柳
句	句	tɕi˩˧	tɕi˨˦	
聚	聚	tɕi˩˧	tɕi˨˦	
懼	惧	tɕi˩˧	tɕi˨˦	
濟	济	tɕi˩˧	tɕi˨˦	
薺	荠	tɕi˩˧	tɕi˨˦	
計	计	tɕi˩˧	tɕi˨˦	
記	记	tɕi˩˧	tɕi˨˦	
紀	纪	tɕi˩˧	tɕi˨˦	~念
忌	忌	tɕi˩˧	tɕi˨˦	
繼	继	tɕi˩˧	tɕi˨˦	
嫉	嫉	tɕi˩˧	tɕi˨˦	
祭	祭	tɕi˩˧	tɕi˨˦	
際	际	tɕi˩˧	tɕi˨˦	
技	技	tɕi˩˧	tɕi˨˦	
妓	妓	tɕi˩˧	tɕi˨˦	
既	既	tɕi˩˧	tɕi˨˦	
暨	暨	tɕi˩˧	tɕi˨˦	
具	具	tɕi˩˧	tɕi˨˦	
俱	俱	tɕi˩˧	tɕi˨˦	家~
季	季	tɕi˩˧	tɕi˨˦	
系	系	tɕi˩˧	tɕi˨˦	~裤带
髻	髻	tɕi˩˧	tɕi˨˦	
蛐	蛐	tɕʰi˥	tɕʰi˦˥	灶~~，即蟋蟀
伹	伹	tɕʰi˥	tɕʰi˦˥	
蛆	蛆	tɕʰi˥	tɕʰi˦˥	
欺	欺	tɕʰi˥	tɕʰi˦˥	
期	期	tɕʰi˥	tɕʰi˦˥	
奚	奚	tɕʰi˥	tɕʰi˦˥	
溪	溪	tɕʰi˥	tɕʰi˦˥	
蹊	蹊	tɕʰi˥	tɕʰi˦˥	
區	区	tɕʰi˥	tɕʰi˦˥	
驅	驱	tɕʰi˥	tɕʰi˦˥	
軀	躯	tɕʰi˥	tɕʰi˦˥	
趨	趋	tɕʰi˥	tɕʰi˦˥	
妻	妻	tɕʰi˥	tɕʰi˦˥	
淒	凄	tɕʰi˥	tɕʰi˦˥	
棲	栖	tɕʰi˥	tɕʰi˦˥	
渠	渠	tɕʰi˨˩	tɕʰi˨˩	
磲	磲	tɕʰi˨˩	tɕʰi˨˩	
瞿	瞿	tɕʰi˨˩	tɕʰi˨˩	
衢	衢	tɕʰi˨˩	tɕʰi˨˩	
齊	齐	tɕʰi˨˩	tɕʰi˨˩	
臍	脐	tɕʰi˨˩	tɕʰi˨˩	
奇	奇	tɕʰi˨˩	tɕʰi˨˩	
騎	骑	tɕʰi˨˩	tɕʰi˨˩	
歧	歧	tɕʰi˨˩	tɕʰi˨˩	
祁	祁	tɕʰi˨˩	tɕʰi˨˩	
祈	祈	tɕʰi˨˩	tɕʰi˨˩	
俟	俟	tɕʰi˨˩	tɕʰi˨˩	万~，少数民族复姓
其	其	tɕʰi˨˩	tɕʰi˨˩	
棋	棋	tɕʰi˨˩	tɕʰi˨˩	
旗	旗	tɕʰi˨˩	tɕʰi˨˩	
淇	淇	tɕʰi˨˩	tɕʰi˨˩	
鰭	鳍	tɕʰi˨˩	tɕʰi˨˩	
七	七	tɕʰi˨˩	tɕʰi˨˩	
柒	柒	tɕʰi˨˩	tɕʰi˨˩	
㭍	㭍	tɕʰi˨˩	tɕʰi˨˩	
剌	剌	tɕʰi˨˩	tɕʰi˨˩	文读，即“刺”
桼	桼	tɕʰi˨˩	tɕʰi˨˩	
漆	漆	tɕʰi˨˩	tɕʰi˨˩	
膝	膝	tɕʰi˨˩	tɕʰi˨˩	
䰍	䰍	tɕʰi˨˩	tɕʰi˨˩	
乞	乞	tɕʰi˨˩	tɕʰi˨˩	
迄	迄	tɕʰi˨˩	tɕʰi˨˩	
訖	讫	tɕʰi˨˩	tɕʰi˨˩	
契	契	tɕʰi˨˩	tɕʰi˨˩	~丹
戚	戚	tɕʰi˨˩	tɕʰi˨˩	
嘁	嘁	tɕʰi˨˩	tɕʰi˨˩	
績	绩	tɕʰi˨˩	tɕʰi˨˩	~麻
錘	锤	tɕʰi˨˩	tɕʰi˨˩	~~捶，划拳游戏用语
捶	捶	tɕʰi˨˩	tɕʰi˨˩	锤锤~，划拳游戏用语
取	取	tɕʰi˦˨	tɕʰi˦˧	
娶	娶	tɕʰi˦˨	tɕʰi˦˧	
啟	启	tɕʰi˦˨	tɕʰi˦˧	
啓	启	tɕʰi˦˨	tɕʰi˦˧	
綺	绮	tɕʰi˦˨	tɕʰi˦˧	
起	起	tɕʰi˦˨	tɕʰi˦˧	
岂	岂	tɕʰi˦˨	tɕʰi˦˧	
杞	杞	tɕʰi˦˨	tɕʰi˦˧	
啐	啐	tɕʰi˦˨	tɕʰi˦˧	语气词，表示不服气
去	去	tɕʰi˩˧	tɕʰi˨˦	文读
趣	趣	tɕʰi˩˧	tɕʰi˨˦	
覷	觑	tɕʰi˩˧	tɕʰi˨˦	
契	契	tɕʰi˩˧	tɕʰi˨˦	
鍥	锲	tɕʰi˩˧	tɕʰi˨˦	
楔	楔	tɕʰi˩˧	tɕʰi˨˦	
砌	砌	tɕʰi˩˧	tɕʰi˨˦	
企	企	tɕʰi˩˧	tɕʰi˨˦	
器	器	tɕʰi˩˧	tɕʰi˨˦	
棄	弃	tɕʰi˩˧	tɕʰi˨˦	
虛	虚	ɕi˥	ɕi˦˥	
噓	嘘	ɕi˥	ɕi˦˥	
胥	胥	ɕi˥	ɕi˦˥	
諝	谞	ɕi˥	ɕi˦˥	
須	须	ɕi˥	ɕi˦˥	
鬚	须	ɕi˥	ɕi˦˥	
需	需	ɕi˥	ɕi˦˥	文读
奚	奚	ɕi˥	ɕi˦˥	姓氏
兮	兮	ɕi˥	ɕi˦˥	
诶	诶	ɕi˥	ɕi˦˥	
犀	犀	ɕi˥	ɕi˦˥	
西	西	ɕi˥	ɕi˦˥	
硒	硒	ɕi˥	ɕi˦˥	
醯	醯	ɕi˥	ɕi˦˥	醋；酰
羲	羲	ɕi˥	ɕi˦˥	
犧	牺	ɕi˥	ɕi˦˥	
曦	曦	ɕi˥	ɕi˦˥	
𨵤	𨵤	ɕi˥	ɕi˦˥	~缝
巂	巂	ɕi˥	ɕi˦˥	
雟	雟	ɕi˥	ɕi˦˥	
希	希	ɕi˥	ɕi˦˥	
稀	稀	ɕi˥	ɕi˦˥	
熙	熙	ɕi˥	ɕi˦˥	
嬉	嬉	ɕi˥	ɕi˦˥	
禧	禧	ɕi˥	ɕi˦˥	
熹	熹	ɕi˥	ɕi˦˥	
尿	尿	ɕi˥	ɕi˦˥	~~，指小便
雖	虽	ɕi˥	ɕi˦˥	~然
綏	绥	ɕi˥	ɕi˦˥	
浽	浽	ɕi˥	ɕi˦˥	
荽	荽	ɕi˥	ɕi˦˥	
窸	窸	ɕi˥	ɕi˦˥	
膝	膝	ɕi˥	ɕi˦˥	乞~头
些	些	ɕi˥	ɕi˦˥	晚~家；黑~家
悉	悉	ɕi˨˩	ɕi˨˩	
蟋	蟋	ɕi˨˩	ɕi˨˩	
昔	昔	ɕi˨˩	ɕi˨˩	
惜	惜	ɕi˨˩	ɕi˨˩	
夕	夕	ɕi˨˩	ɕi˨˩	
汐	汐	ɕi˨˩	ɕi˨˩	
席	席	ɕi˨˩	ɕi˨˩	
吸	吸	ɕi˨˩	ɕi˨˩	~铁石；~鼻子
習	习	ɕi˨˩	ɕi˨˩	
泣	泣	ɕi˨˩	ɕi˨˩	
襲	袭	ɕi˨˩	ɕi˨˩	
息	息	ɕi˨˩	ɕi˨˩	
熄	熄	ɕi˨˩	ɕi˨˩	
媳	媳	ɕi˨˩	ɕi˨˩	
隙	隙	ɕi˨˩	ɕi˨˩	
錫	锡	ɕi˨˩	ɕi˨˩	
恤	恤	ɕi˨˩	ɕi˨˩	
洫	洫	ɕi˨˩	ɕi˨˩	
析	析	ɕi˨˩	ɕi˨˩	
晰	晰	ɕi˨˩	ɕi˨˩	
蜥	蜥	ɕi˨˩	ɕi˨˩	
檄	檄	ɕi˨˩	ɕi˨˩	
徐	徐	ɕi˨˩	ɕi˨˩	
許	许	ɕi˦˨	ɕi˦˧	
洗	洗	ɕi˦˨	ɕi˦˧	
璽	玺	ɕi˦˨	ɕi˦˧	
徙	徙	ɕi˦˨	ɕi˦˧	
湑	湑	ɕi˦˨	ɕi˦˧	
醑	醑	ɕi˦˨	ɕi˦˧	
胥	胥	ɕi˦˨	ɕi˦˧	姓氏
栩	栩	ɕi˦˨	ɕi˦˧	
詡	诩	ɕi˦˨	ɕi˦˧	
喜	喜	ɕi˦˨	ɕi˦˧	
囍	囍	ɕi˦˨	ɕi˦˧	
序	序	ɕi˩˧	ɕi˨˦	
敘	叙	ɕi˩˧	ɕi˨˦	
緒	绪	ɕi˩˧	ɕi˨˦	
絮	絮	ɕi˩˧	ɕi˨˦	
系	系	ɕi˩˧	ɕi˨˦	
細	细	ɕi˩˧	ɕi˨˦	
婿	婿	ɕi˩˧	ɕi˨˦	
戲	戏	ɕi˩˧	ɕi˨˦	
嚱	嚱	ɕi˩˧	ɕi˨˦	
隧	隧	ɕi˩˧	ɕi˨˦	~洞
嘰	叽	ki˥	ki˦˥	
嘰	叽	kʰi˥	kʰi˦˥	~~咕咕
迲	迲	kʰi˩˧	kʰi˨˦	文读
嘻	嘻	xi˥	xi˦˥	文读
淤	淤	ʑi˥	ʑi˦˥	
伊	伊	ʑi˥	ʑi˦˥	
咿	咿	ʑi˥	ʑi˦˥	
醫	医	ʑi˥	ʑi˦˥	
衣	衣	ʑi˥	ʑi˦˥	
依	依	ʑi˥	ʑi˦˥	
裔	裔	ʑi˥	ʑi˦˥	
椅	椅	ʑi˥	ʑi˦˥	桌~板凳
倚	倚	ʑi˥	ʑi˦˥	
旖	旖	ʑi˥	ʑi˦˥	
禕	祎	ʑi˥	ʑi˦˥	
吁	吁	ʑi˥	ʑi˦˥	
迂	迂	ʑi˥	ʑi˦˥	
芋	芋	ʑi˥	ʑi˦˥	魔~豆腐
咿	咿	ʑi˥	ʑi˦˥	
咦	咦	ʑi˥	ʑi˦˥	
夷	夷	ʑi˥	ʑi˦˥	老百~，即傣族
餘	余	ʑi˨˩	ʑi˨˩	
魚	鱼	ʑi˨˩	ʑi˨˩	
漁	渔	ʑi˨˩	ʑi˨˩	
吁	吁	ʑi˨˩	ʑi˨˩	喝倒彩的声音
於	于	ʑi˨˩	ʑi˨˩	
盂	盂	ʑi˨˩	ʑi˨˩	
榆	榆	ʑi˨˩	ʑi˨˩	
俞	俞	ʑi˨˩	ʑi˨˩	
愉	愉	ʑi˨˩	ʑi˨˩	
渝	渝	ʑi˨˩	ʑi˨˩	
愈	愈	ʑi˨˩	ʑi˨˩	
逾	逾	ʑi˨˩	ʑi˨˩	
愚	愚	ʑi˨˩	ʑi˨˩	
隅	隅	ʑi˨˩	ʑi˨˩	
禺	禺	ʑi˨˩	ʑi˨˩	
虞	虞	ʑi˨˩	ʑi˨˩	
娛	娱	ʑi˨˩	ʑi˨˩	
移	移	ʑi˨˩	ʑi˨˩	
夷	夷	ʑi˨˩	ʑi˨˩	
姨	姨	ʑi˨˩	ʑi˨˩	
懿	懿	ʑi˨˩	ʑi˨˩	
誼	谊	ʑi˨˩	ʑi˨˩	文读
邑	邑	ʑi˨˩	ʑi˨˩	
揖	揖	ʑi˨˩	ʑi˨˩	
怡	怡	ʑi˨˩	ʑi˨˩	
貽	贻	ʑi˨˩	ʑi˨˩	
沂	沂	ʑi˨˩	ʑi˨˩	
螘	螘	ʑi˨˩	ʑi˨˩	
儀	仪	ʑi˨˩	ʑi˨˩	文读
乙	乙	ʑi˨˩	ʑi˨˩	
屹	屹	ʑi˨˩	ʑi˨˩	
一	一	ʑi˨˩	ʑi˨˩	
壹	壹	ʑi˨˩	ʑi˨˩	
益	益	ʑi˨˩	ʑi˨˩	
溢	溢	ʑi˨˩	ʑi˨˩	
亦	亦	ʑi˨˩	ʑi˨˩	
譯	译	ʑi˨˩	ʑi˨˩	
易	易	ʑi˨˩	ʑi˨˩	姓氏；表示交换或改变
蜴	蜴	ʑi˨˩	ʑi˨˩	
液	液	ʑi˨˩	ʑi˨˩	
腋	腋	ʑi˨˩	ʑi˨˩	
掖	掖	ʑi˨˩	ʑi˨˩	
逸	逸	ʑi˨˩	ʑi˨˩	
抑	抑	ʑi˨˩	ʑi˨˩	
遺	遗	ʑi˨˩	ʑi˨˩	
彝	彝	ʑi˨˩	ʑi˨˩	
頤	颐	ʑi˨˩	ʑi˨˩	
翼	翼	ʑi˨˩	ʑi˨˩	羽~
玉	玉	ʑi˨˩	ʑi˨˩	文读
鈺	钰	ʑi˨˩	ʑi˨˩	
昱	昱	ʑi˨˩	ʑi˨˩	
煜	煜	ʑi˨˩	ʑi˨˩	
翊	翊	ʑi˨˩	ʑi˨˩	
翌	翌	ʑi˨˩	ʑi˨˩	
役	役	ʑi˨˩	ʑi˨˩	徭~
疫	疫	ʑi˨˩	ʑi˨˩	鼠~
與	与	ʑi˦˨	ʑi˦˧	
語	语	ʑi˦˨	ʑi˦˧	
雨	雨	ʑi˦˨	ʑi˦˧	
宇	宇	ʑi˦˨	ʑi˦˧	
禹	禹	ʑi˦˨	ʑi˦˧	
羽	羽	ʑi˦˨	ʑi˦˧	
予	予	ʑi˦˨	ʑi˦˧	
妤	妤	ʑi˦˨	ʑi˦˧	
椅	椅	ʑi˦˨	ʑi˦˧	
以	以	ʑi˦˨	ʑi˦˧	
已	已	ʑi˦˨	ʑi˦˧	
矣	矣	ʑi˦˨	ʑi˦˧	
蟻	蚁	ʑi˦˨	ʑi˦˧	
翼	翼	ʑi˩˧	ʑi˨˦	
冀	冀	ʑi˩˧	ʑi˨˦	
骥	骥	ʑi˩˧	ʑi˨˦	
譽	誉	ʑi˩˧	ʑi˨˦	
預	预	ʑi˩˧	ʑi˨˦	
豫	豫	ʑi˩˧	ʑi˨˦	
禦	御	ʑi˩˧	ʑi˨˦	
籲	吁	ʑi˩˧	ʑi˨˦	
芋	芋	ʑi˩˧	ʑi˨˦	
喻	喻	ʑi˩˧	ʑi˨˦	
裕	裕	ʑi˩˧	ʑi˨˦	
鋊	鋊	ʑi˩˧	ʑi˨˦	光滑发亮
遇	遇	ʑi˩˧	ʑi˨˦	
寓	寓	ʑi˩˧	ʑi˨˦	
瞖	瞖	ʑi˩˧	ʑi˨˦	
藝	艺	ʑi˩˧	ʑi˨˦	
義	义	ʑi˩˧	ʑi˨˦	
議	议	ʑi˩˧	ʑi˨˦	文读
毅	毅	ʑi˩˧	ʑi˨˦	
詣	诣	ʑi˩˧	ʑi˨˦	
刈	刈	ʑi˩˧	ʑi˨˦	
易	易	ʑi˩˧	ʑi˨˦	表示简单
肄	肄	ʑi˩˧	ʑi˨˦	
意	意	ʑi˩˧	ʑi˨˦	
憶	忆	ʑi˩˧	ʑi˨˦	
億	亿	ʑi˩˧	ʑi˨˦	
噫	噫	ʑi˩˧	ʑi˨˦	
弋	弋	ʑi˩˧	ʑi˨˦	
曳	曳	ʑi˩˧	ʑi˨˦	
羿	羿	ʑi˩˧	ʑi˨˦	
玉	玉	ʑi˩˧	ʑi˨˦	白读
尉	尉	ʑi˩˧	ʑi˨˦	姓氏
蔚	蔚	ʑi˩˧	ʑi˨˦	姓氏
慰	慰	ʑi˩˧	ʑi˨˦	劳~
喂	喂	ʑi˩˧	ʑi˨˦	白读
餵	餵	ʑi˩˧	ʑi˨˦	
吇	吇	tɕy˦˨	tɕy˦˧	拟声词，模仿鸟鸣
鈽	钸	pu˥	pu˦˥	
不	不	pu˨˩	pu˨˩	
鈈	钚	pu˨˩	pu˨˩	
補	补	pu˦˨	pu˦˧	
部	部	pu˩˧	pu˨˦	
簿	簿	pu˩˧	pu˨˦	
布	布	pu˩˧	pu˨˦	
佈	布	pu˩˧	pu˨˦	
怖	怖	pu˩˧	pu˨˦	
步	步	pu˩˧	pu˨˦	
蔔	卜	pu˩˧	pu˨˦	
捕	捕	pu˩˧	pu˨˦	文读
埠	埠	pu˩˧	pu˨˦	
鋪	铺	pʰu˥	pʰu˦˥	~盖
副	副	pʰu˥	pʰu˦˥	扑克牌量词：一~牌，即完整一套扑克牌
蒲	蒲	pʰu˨˩	pʰu˨˩	
葡	葡	pʰu˨˩	pʰu˨˩	
匍	匍	pʰu˨˩	pʰu˨˩	
菩	菩	pʰu˨˩	pʰu˨˩	
涪	涪	pʰu˨˩	pʰu˨˩	
覆	覆	pʰu˨˩	pʰu˨˩	碗口朝下放置
伏	伏	pʰu˨˩	pʰu˨˩	~起；~趴
赴	赴	pʰu˨˩	pʰu˨˩	前~后继；~汤蹈火
訃	讣	pʰu˨˩	pʰu˨˩	
仆	仆	pʰu˨˩	pʰu˨˩	
卜	卜	pʰu˨˩	pʰu˨˩	
勃	勃	pʰu˨˩	pʰu˨˩	
渤	渤	pʰu˨˩	pʰu˨˩	
悖	悖	pʰu˨˩	pʰu˨˩	
脖	脖	pʰu˨˩	pʰu˨˩	~颈
荸	荸	pʰu˨˩	pʰu˨˩	
璞	璞	pʰu˨˩	pʰu˨˩	
濮	濮	pʰu˨˩	pʰu˨˩	
樸	朴	pʰu˨˩	pʰu˨˩	
撲	扑	pʰu˨˩	pʰu˨˩	
僕	仆	pʰu˨˩	pʰu˨˩	
曝	曝	pʰu˨˩	pʰu˨˩	
瀑	瀑	pʰu˨˩	pʰu˨˩	
潽	潽	pʰu˨˩	pʰu˨˩	
譜	谱	pʰu˦˨	pʰu˦˧	
普	普	pʰu˦˨	pʰu˦˧	
浦	浦	pʰu˦˨	pʰu˦˧	
輔	辅	pʰu˦˨	pʰu˦˧	~导
捕	捕	pʰu˦˨	pʰu˦˧	白读
埔	埔	pʰu˦˨	pʰu˦˧	
脯	脯	pʰu˦˨	pʰu˦˧	
哺	哺	pʰu˦˨	pʰu˦˧	
甫	甫	pʰu˦˨	pʰu˦˧	
堡	堡	pʰu˦˨	pʰu˦˧	地名
鋪	铺	pʰu˩˧	pʰu˨˦	
模	模	mu˨˩	mᵇu˨˩	白读
木	木	mu˨˩	mᵇu˨˩	
沐	沐	mu˨˩	mᵇu˨˩	
目	目	mu˨˩	mᵇu˨˩	
穆	穆	mu˨˩	mᵇu˨˩	
蓦	蓦	mu˨˩	mᵇu˨˩	
鍪	鍪	mu˨˩	mᵇu˨˩	
繆	缪	mu˨˩	mᵇu˨˩	未雨绸~
髳	髳	mu˨˩	mᵇu˨˩	黔东苗族
謀	谋	mu˨˩	mᵇu˨˩	文读
牟	牟	mu˨˩	mᵇu˨˩	文读
眸	眸	mu˨˩	mᵇu˨˩	文读
哞	哞	mu˨˩	mᵇu˨˩	文读
睦	睦	mu˨˩	mᵇu˨˩	
牧	牧	mu˨˩	mᵇu˨˩	
沒	没	mu˨˩	mᵇu˨˩	
某	某	mu˦˨	mᵇu˦˧	文读
厶	厶	mu˦˨	mᵇu˦˧	
母	母	mu˦˨	mᵇu˦˧	
拇	拇	mu˦˨	mᵇu˦˧	
姆	姆	mu˦˨	mᵇu˦˧	
姥	姥	mu˦˨	mᵇu˦˧	文读
幕	幕	mu˩˧	mᵇu˨˦	
暮	暮	mu˩˧	mᵇu˨˦	
慕	慕	mu˩˧	mᵇu˨˦	
墓	墓	mu˩˧	mᵇu˨˦	
募	募	mu˩˧	mᵇu˨˦	
茂	茂	mu˩˧	mᵇu˨˦	白读
貿	贸	mu˩˧	mᵇu˨˦	白读
虎	虎	fu˥	fu˦˥	马马~~
謼	謼	fu˥	fu˦˥	
呼	呼	fu˥	fu˦˥	
夫	夫	fu˥	fu˦˥	
趺	趺	fu˥	fu˦˥	
呋	呋	fu˥	fu˦˥	
膚	肤	fu˥	fu˦˥	
敷	敷	fu˥	fu˦˥	
俘	俘	fu˥	fu˦˥	
孚	孚	fu˥	fu˦˥	
胡	胡	fu˨˩	fu˨˩	
鬍	胡	fu˨˩	fu˨˩	
湖	湖	fu˨˩	fu˨˩	
糊	糊	fu˨˩	fu˨˩	
煳	煳	fu˨˩	fu˨˩	~辣角
醐	醐	fu˨˩	fu˨˩	
狐	狐	fu˨˩	fu˨˩	
壺	壶	fu˨˩	fu˨˩	
符	符	fu˨˩	fu˨˩	
扶	扶	fu˨˩	fu˨˩	
芙	芙	fu˨˩	fu˨˩	
呼	呼	fu˨˩	fu˨˩	咋~，即嘱咐
乎	乎	fu˨˩	fu˨˩	
浮	浮	fu˨˩	fu˨˩	~屠
複	复	fu˨˩	fu˨˩	
復	复	fu˨˩	fu˨˩	
腹	腹	fu˨˩	fu˨˩	
覆	覆	fu˨˩	fu˨˩	
忽	忽	fu˨˩	fu˨˩	
核	核	fu˨˩	fu˨˩	~~，指果核
和	和	fu˨˩	fu˨˩	~牌，麻将用语
弗	弗	fu˨˩	fu˨˩	
佛	佛	fu˨˩	fu˨˩	
狒	狒	fu˨˩	fu˨˩	
沸	沸	fu˨˩	fu˨˩	
彿	彿	fu˨˩	fu˨˩	
斛	斛	fu˨˩	fu˨˩	
觳	觳	fu˨˩	fu˨˩	
福	福	fu˨˩	fu˨˩	
幅	幅	fu˨˩	fu˨˩	
蝠	蝠	fu˨˩	fu˨˩	
副	副	fu˨˩	fu˨˩	量词，一~
匐	匐	fu˨˩	fu˨˩	
負	负	fu˨˩	fu˨˩	欺~
服	服	fu˨˩	fu˨˩	
伏	伏	fu˨˩	fu˨˩	
洑	洑	fu˨˩	fu˨˩	
鳧	凫	fu˨˩	fu˨˩	
虎	虎	fu˦˨	fu˦˧	
唬	唬	fu˦˨	fu˦˧	
滸	浒	fu˦˨	fu˦˧	
戽	戽	fu˦˨	fu˦˧	
輔	辅	fu˦˨	fu˦˧	
撫	抚	fu˦˨	fu˦˧	
府	府	fu˦˨	fu˦˧	
腑	腑	fu˦˨	fu˦˧	
腐	腐	fu˦˨	fu˦˧	
斧	斧	fu˦˨	fu˦˧	
釜	釜	fu˦˨	fu˦˧	
否	否	fu˦˨	fu˦˧	
呼	呼	fu˦˨	fu˦˧	~~~，拟声词，形容呼啸而过
戶	户	fu˩˧	fu˨˦	
滬	沪	fu˩˧	fu˨˦	
互	互	fu˩˧	fu˨˦	
護	护	fu˩˧	fu˨˦	
付	付	fu˩˧	fu˨˦	
附	附	fu˩˧	fu˨˦	
賦	赋	fu˩˧	fu˨˦	
父	父	fu˩˧	fu˨˦	
赴	赴	fu˩˧	fu˨˦	
婦	妇	fu˩˧	fu˨˦	
負	负	fu˩˧	fu˨˦	
富	富	fu˩˧	fu˨˦	
副	副	fu˩˧	fu˨˦	
傅	傅	fu˩˧	fu˨˦	
瓠	瓠	fu˩˧	fu˨˦	
烏	乌	vu˥	vu˦˥	
塢	坞	vu˥	vu˦˥	
嗚	呜	vu˥	vu˦˥	
污	污	vu˥	vu˦˥	
巫	巫	vu˥	vu˦˥	
誣	诬	vu˥	vu˦˥	
屋	屋	vu˥	vu˦˥	祧~，即堂屋
吳	吴	vu˨˩	vu˨˩	
梧	梧	vu˨˩	vu˨˩	
無	无	vu˨˩	vu˨˩	
无	无	vu˨˩	vu˨˩	
毋	毋	vu˨˩	vu˨˩	
物	物	vu˨˩	vu˨˩	
勿	勿	vu˨˩	vu˨˩	
屋	屋	vu˨˩	vu˨˩	
兀	兀	vu˨˩	vu˨˩	
五	五	vu˦˨	vu˦˧	
伍	伍	vu˦˨	vu˦˧	
吾	吾	vu˦˨	vu˦˧	
悟	悟	vu˦˨	vu˦˧	孙~空
捂	捂	vu˦˨	vu˦˧	
午	午	vu˦˨	vu˦˧	
忤	忤	vu˦˨	vu˦˧	
武	武	vu˦˨	vu˦˧	
舞	舞	vu˦˨	vu˦˧	
侮	侮	vu˦˨	vu˦˧	
鵡	鹉	vu˦˨	vu˦˧	
悟	悟	vu˩˧	vu˨˦	
焐	焐	vu˩˧	vu˨˦	
伍	伍	vu˩˧	vu˨˦	队~
誤	误	vu˩˧	vu˨˦	
惡	恶	vu˩˧	vu˨˦	厌~；可~
務	务	vu˩˧	vu˨˦	
霧	雾	vu˩˧	vu˨˦	
戊	戊	vu˩˧	vu˨˦	
都	都	tu˥	tu˦˥	文读
嘟	嘟	tu˥	tu˦˥	
獨	独	tu˨˩	tu˨˩	
讀	读	tu˨˩	tu˨˩	
牘	牍	tu˨˩	tu˨˩	
犢	犊	tu˨˩	tu˨˩	
瀆	渎	tu˨˩	tu˨˩	
篤	笃	tu˨˩	tu˨˩	
督	督	tu˨˩	tu˨˩	
毒	毒	tu˨˩	tu˨˩	
豛	豛	tu˨˩	tu˨˩	杵
堵	堵	tu˦˨	tu˦˧	
賭	赌	tu˦˨	tu˦˧	
肚	肚	tu˦˨	tu˦˧	动物的胃
度	度	tu˩˧	tu˨˦	
渡	渡	tu˩˧	tu˨˦	
鍍	镀	tu˩˧	tu˨˦	
妬	妬	tu˩˧	tu˨˦	
蠹	蠹	tu˩˧	tu˨˦	
肚	肚	tu˩˧	tu˨˦	
徒	徒	tʰu˨˩	tʰu˨˩	
屠	屠	tʰu˨˩	tʰu˨˩	
途	途	tʰu˨˩	tʰu˨˩	
塗	涂	tʰu˨˩	tʰu˨˩	
圖	图	tʰu˨˩	tʰu˨˩	
突	突	tʰu˨˩	tʰu˨˩	
禿	秃	tʰu˨˩	tʰu˨˩	
凸	凸	tʰu˨˩	tʰu˨˩	
土	土	tʰu˦˨	tʰu˦˧	
吐	吐	tʰu˦˨	tʰu˦˧	
兔	兔	tʰu˩˧	tʰu˨˦	
露	露	lu˥	lu˦˥	白~~；黄~~；乖~~；光~~
嚕	噜	lu˥	lu˦˥	
奴	奴	lu˨˩	lu˨˩	
盧	卢	lu˨˩	lu˨˩	
爐	炉	lu˨˩	lu˨˩	
蘆	芦	lu˨˩	lu˨˩	
廬	庐	lu˨˩	lu˨˩	
驢	驴	lu˨˩	lu˨˩	
瀘	泸	lu˨˩	lu˨˩	
櫨	栌	lu˨˩	lu˨˩	
顱	颅	lu˨˩	lu˨˩	
髏	髅	lu˨˩	lu˨˩	
膢		lu˨˩	lu˨˩	
閭	闾	lu˨˩	lu˨˩	
櫚	榈	lu˨˩	lu˨˩	
䕡	䕡	lu˨˩	lu˨˩	
鹿	鹿	lu˨˩	lu˨˩	
轆	辘	lu˨˩	lu˨˩	
蔍	蔍	lu˨˩	lu˨˩	
六	六	lu˨˩	lu˨˩	
陸	陆	lu˨˩	lu˨˩	
綠	绿	lu˨˩	lu˨˩	
錄	录	lu˨˩	lu˨˩	
祿	禄	lu˨˩	lu˨˩	
䘵	䘵	lu˨˩	lu˨˩	
睩	睩	lu˨˩	lu˨˩	
椂	椂	lu˨˩	lu˨˩	
菉	菉	lu˨˩	lu˨˩	
勠	勠	lu˨˩	lu˨˩	
努	努	lu˦˨	lu˦˧	
魯	鲁	lu˦˨	lu˦˧	
櫓	橹	lu˦˨	lu˦˧	
鹵	卤	lu˦˨	lu˦˧	
滷	滷	lu˦˨	lu˦˧	
虜	虏	lu˦˨	lu˦˧	
擄	掳	lu˦˨	lu˦˧	
戮	戮	lu˦˨	lu˦˧	
怒	怒	lu˩˧	lu˨˦	
路	路	lu˩˧	lu˨˦	
蕗	蕗	lu˩˧	lu˨˦	
賂	赂	lu˩˧	lu˨˦	
露	露	lu˩˧	lu˨˦	
虂	虂	lu˩˧	lu˨˦	
租	租	tsu˥	tsu˦˥	
豬	猪	tsu˥	tsu˦˥	
瀦	潴	tsu˥	tsu˦˥	
諸	诸	tsu˥	tsu˦˥	
誅	诛	tsu˥	tsu˦˥	
蛛	蛛	tsu˥	tsu˦˥	
株	株	tsu˥	tsu˦˥	
朱	朱	tsu˥	tsu˦˥	
硃	硃	tsu˥	tsu˦˥	
珠	珠	tsu˥	tsu˦˥	
絀	绌	tsu˨˩	tsu˨˩	
竹	竹	tsu˨˩	tsu˨˩	
築	筑	tsu˨˩	tsu˨˩	
筑	筑	tsu˨˩	tsu˨˩	贵阳城别称
術	术	tsu˨˩	tsu˨˩	白~
逐	逐	tsu˨˩	tsu˨˩	
軸	轴	tsu˨˩	tsu˨˩	
妯	妯	tsu˨˩	tsu˨˩	
祝	祝	tsu˨˩	tsu˨˩	
𡎺	𡎺	tsu˨˩	tsu˨˩	
促	促	tsu˨˩	tsu˨˩	文读
蹙	蹙	tsu˨˩	tsu˨˩	
蹵	蹵	tsu˨˩	tsu˨˩	
蹴	蹴	tsu˨˩	tsu˨˩	
捽	捽	tsu˨˩	tsu˨˩	~拐杖，指抓住；捅
猝	猝	tsu˨˩	tsu˨˩	
踤	踤	tsu˨˩	tsu˨˩	~着脚，指磕到脚尖
燭	烛	tsu˨˩	tsu˨˩	
觸	触	tsu˨˩	tsu˨˩	
濁	浊	tsu˨˩	tsu˨˩	
躅	躅	tsu˨˩	tsu˨˩	
𨀵	𨀵	tsu˨˩	tsu˨˩	
逫	逫	tsu˨˩	tsu˨˩	
組	组	tsu˦˨	tsu˦˧	
祖	祖	tsu˦˨	tsu˦˧	
阻	阻	tsu˦˨	tsu˦˧	
詛	诅	tsu˦˨	tsu˦˧	
煮	煮	tsu˦˨	tsu˦˧	
主	主	tsu˦˨	tsu˦˧	
做	做	tsu˩˧	tsu˨˦	文读
著	著	tsu˩˧	tsu˨˦	
箸	箸	tsu˩˧	tsu˨˦	一~面，筷子
筯	筯	tsu˩˧	tsu˨˦	
䇡	䇡	tsu˩˧	tsu˨˦	
助	助	tsu˩˧	tsu˨˦	
鑄	铸	tsu˩˧	tsu˨˦	文读
注	注	tsu˩˧	tsu˨˦	
駐	驻	tsu˩˧	tsu˨˦	
註	註	tsu˩˧	tsu˨˦	
住	住	tsu˩˧	tsu˨˦	
柱	柱	tsu˩˧	tsu˨˦	
粗	粗	tsʰu˥	tsʰu˦˥	
芻	芻	tsʰu˥	tsʰu˦˥	
雛	雏	tsʰu˥	tsʰu˦˥	
麤	麤	tsʰu˥	tsʰu˦˥	
初	初	tsʰu˥	tsʰu˦˥	
除	除	tsʰu˨˩	tsʰu˨˩	
滁	滁	tsʰu˨˩	tsʰu˨˩	
蒢	蒢	tsʰu˨˩	tsʰu˨˩	
儲	储	tsʰu˨˩	tsʰu˨˩	
鋤	锄	tsʰu˨˩	tsʰu˨˩	
廚	厨	tsʰu˨˩	tsʰu˨˩	
出	出	tsʰu˨˩	tsʰu˨˩	
畜	畜	tsʰu˨˩	tsʰu˨˩	牲口；粗语
搐	搐	tsʰu˨˩	tsʰu˨˩	
豖	豖	tsʰu˨˩	tsʰu˨˩	
怵	怵	tsʰu˨˩	tsʰu˨˩	
徂	徂	tsʰu˨˩	tsʰu˨˩	
殂	殂	tsʰu˨˩	tsʰu˨˩	
躇	躇	tsʰu˨˩	tsʰu˨˩	
褚	褚	tsʰu˦˨	tsʰu˦˧	
楚	楚	tsʰu˦˨	tsʰu˦˧	
憷	憷	tsʰu˦˨	tsʰu˦˧	
處	处	tsʰu˦˨	tsʰu˦˧	
杵	杵	tsʰu˦˨	tsʰu˦˧	
矗	矗	tsʰu˦˨	tsʰu˦˧	
醋	醋	tsʰu˩˧	tsʰu˨˦	
處	处	tsʰu˩˧	tsʰu˨˦	
驟	骤	tsʰu˩˧	tsʰu˨˦	白读
怵	怵	tsʰu˩˧	tsʰu˨˦	~心，即恶心想吐
蘇	苏	su˥	su˦˥	
酥	酥	su˥	su˦˥	
書	书	su˥	su˦˥	
舒	舒	su˥	su˦˥	
梳	梳	su˥	su˦˥	
疏	疏	su˥	su˦˥	
蔬	蔬	su˥	su˦˥	
輸	输	su˥	su˦˥	
殊	殊	su˥	su˦˥	
樞	枢	su˥	su˦˥	
術	术	su˨˩	su˨˩	
述	述	su˨˩	su˨˩	
叔	叔	su˨˩	su˨˩	
淑	淑	su˨˩	su˨˩	
熟	熟	su˨˩	su˨˩	
蜀	蜀	su˨˩	su˨˩	
薯	薯	su˨˩	su˨˩	蕃~，即红薯
屬	属	su˨˩	su˨˩	
囑	嘱	su˨˩	su˨˩	
續	续	su˨˩	su˨˩	手~
戍	戍	su˨˩	su˨˩	
暑	暑	su˦˨	su˦˧	
鼠	鼠	su˦˨	su˦˧	
黍	黍	su˦˨	su˦˧	
薯	薯	su˦˨	su˦˧	
署	署	su˦˨	su˦˧	
曙	曙	su˦˨	su˦˧	
數	数	su˦˨	su˦˧	
墅	墅	su˦˨	su˦˧	
素	素	su˩˧	su˨˦	
愫	愫	su˩˧	su˨˦	
溸	溸	su˩˧	su˨˦	
嗉	嗉	su˩˧	su˨˦	
訴	诉	su˩˧	su˨˦	
泝	泝	su˩˧	su˨˦	
㴑	㴑	su˩˧	su˨˦	
𣳙	𣳙	su˩˧	su˨˦	
𣴔	𣴔	su˩˧	su˨˦	
𣹫	𣹫	su˩˧	su˨˦	
塑	塑	su˩˧	su˨˦	
溯	溯	su˩˧	su˨˦	
遡	遡	su˩˧	su˨˦	
漱	漱	su˩˧	su˨˦	
庶	庶	su˩˧	su˨˦	
恕	恕	su˩˧	su˨˦	
豎	竖	su˩˧	su˨˦	
樹	树	su˩˧	su˨˦	
數	数	su˩˧	su˨˦	
疏	疏	su˩˧	su˨˦	稀~；注~
擩	擩	zu˥	zu˦˥	
如	如	zu˨˩	zu˨˩	
入	入	zu˨˩	zu˨˩	
肉	肉	zu˨˩	zu˨˩	
月	月	zu˨˩	zu˨˩	大~氏
辱	辱	zu˨˩	zu˨˩	
汝	汝	zu˦˨	zu˦˧	
乳	乳	zu˦˨	zu˦˧	
儒	儒	zu˦˨	zu˦˧	
孺	孺	zu˦˨	zu˦˧	
蠕	蠕	zu˦˨	zu˦˧	
褥	褥	zu˦˨	zu˦˧	
姑	姑	ku˥	ku˦˥	
辜	辜	ku˥	ku˦˥	
孤	孤	ku˥	ku˦˥	
跔	跔	ku˥	ku˦˥	蹲
跍	跍	ku˥	ku˦˥	即“跔”
牯	牯	ku˥	ku˦˥	~子，指不懂事的小孩
轱	轱	ku˥	ku˦˥	
咕	咕	ku˥	ku˦˥	
骨	骨	ku˨˩	ku˨˩	
穀	谷	ku˨˩	ku˨˩	
𣢯	𣢯	ku˨˩	ku˨˩	大口猛饮
箍	箍	ku˨˩	ku˨˩	金~棒
古	古	ku˦˨	ku˦˧	
估	估	ku˦˨	ku˦˧	
牯	牯	ku˦˨	ku˦˧	公牛；犟脾气
鈷	钴	ku˦˨	ku˦˧	
䀇	䀇	ku˦˨	ku˦˧	
盬	盬	ku˦˨	ku˦˧	
蠱	蠱	ku˦˨	ku˦˧	
賈	贾	ku˦˨	ku˦˧	
股	股	ku˦˨	ku˦˧	
鼓	鼓	ku˦˨	ku˦˧	
淈	淈	ku˦˨	ku˦˧	涮
故	故	ku˩˧	ku˨˦	
固	固	ku˩˧	ku˨˦	
顧	顾	ku˩˧	ku˨˦	
僱	雇	ku˩˧	ku˨˦	
枯	枯	kʰu˥	kʰu˦˥	
骷	骷	kʰu˥	kʰu˦˥	
咕	咕	kʰu˥	kʰu˦˥	叽叽~~
箍	箍	kʰu˥	kʰu˦˥	
屈	屈	kʰu˥	kʰu˦˥	矮~~
窟	窟	kʰu˨˩	kʰu˨˩	
哭	哭	kʰu˨˩	kʰu˨˩	
酷	酷	kʰu˨˩	kʰu˨˩	
苦	苦	kʰu˦˨	kʰu˦˧	
庫	库	kʰu˩˧	kʰu˨˦	
褲	裤	kʰu˩˧	kʰu˨˦	
巴	巴	pa˥	pᴀ˦˥	
粑	粑	pa˥	pᴀ˦˥	
吧	吧	pa˥	pᴀ˦˥	文读
芭	芭	pa˥	pᴀ˦˥	
笆	笆	pa˥	pᴀ˦˥	
疤	疤	pa˥	pᴀ˦˥	
爬	爬	pa˥	pᴀ˦˥	白读
餑	饽	pa˥	pᴀ˦˥	
婆	婆	pa˥	pᴀ˦˥	~娑
八	八	pa˥	pᴀ˦˥	王~
扒	扒	pa˥	pᴀ˦˥	
叭	叭	pa˥	pᴀ˦˥	
八	八	pa˨˩	pᴀ˨˩	
扒	扒	pa˨˩	pᴀ˨˩	~皮
捌	捌	pa˨˩	pᴀ˨˩	
拔	拔	pa˨˩	pᴀ˨˩	
爸	爸	pa˨˩	pᴀ˨˩	
把	把	pa˦˨	pᴀ˦˧	
靶	靶	pa˦˨	pᴀ˦˧	
㞎	㞎	pa˦˨	pᴀ˦˧	粪便
罷	罢	pa˩˧	pᴀ˨˦	
霸	霸	pa˩˧	pᴀ˨˦	
欛	欛	pa˩˧	pᴀ˨˦	
𢺞	𢺞	pa˩˧	pᴀ˨˦	
把	把	pa˩˧	pᴀ˨˦	即“欛”，刀~；即“𢺞”，~单；即“耙”，木~
耙	耙	pa˩˧	pᴀ˨˦	
吧	吧	pa˩˧	pᴀ˨˦	白读
垻	坝	pa˩˧	pᴀ˨˦	
巴	巴	pʰa˥	pʰᴀ˦˥	下~；哈~狗
𤆵	𤆵	pʰa˥	pʰᴀ˦˥	软
𣲩	𣲩	pʰa˥	pʰᴀ˦˥	即“脬”
杷	杷	pʰa˥	pʰᴀ˦˥	
琶	琶	pʰa˥	pʰᴀ˦˥	
脬	脬	pʰa˥	pʰᴀ˦˥	一~尿；一~屎
泡	泡	pʰa˥	pʰᴀ˦˥	即“脬”
扒	扒	pʰa˥	pʰᴀ˦˥	一~拉，指一连串
爬	爬	pʰa˨˩	pʰᴀ˨˩	文读
鈀	钯	pʰa˨˩	pʰᴀ˨˩	
趴	趴	pʰa˨˩	pʰᴀ˨˩	文读
筏	筏	pʰa˨˩	pʰᴀ˨˩	
趴	趴	pʰa˦˨	pʰᴀ˦˧	白读
啪	啪	pʰa˦˨	pʰᴀ˦˧	文读
怕	怕	pʰa˩˧	pʰᴀ˨˦	
帕	帕	pʰa˩˧	pʰᴀ˨˦	
馬	马	ma˥	mᵇᴀ˦˥	~~虎虎
媽	妈	ma˥	mᵇᴀ˦˥	
嗎	吗	ma˥	mᵇᴀ˦˥	句尾疑问语气词
嘛	嘛	ma˥	mᵇᴀ˦˥	喇~
蟆	蟆	ma˥	mᵇᴀ˦˥	蛤~
貓	猫	ma˥	mᵇᴀ˦˥	~~咪，指东西找不着了；蒙~~，指捉迷藏
麻	麻	ma˨˩	mᵇᴀ˨˩	
嘛	嘛	ma˨˩	mᵇᴀ˨˩	
抹	抹	ma˨˩	mᵇᴀ˨˩	
沒	没	ma˨˩	mᵇᴀ˨˩	辱~
蟆	蟆	ma˨˩	mᵇᴀ˨˩	
馬	马	ma˦˨	mᵇᴀ˦˧	
碼	码	ma˦˨	mᵇᴀ˦˧	
螞	蚂	ma˦˨	mᵇᴀ˦˧	
瑪	玛	ma˦˨	mᵇᴀ˦˧	
嗎	吗	ma˦˨	mᵇᴀ˦˧	文读
罵	骂	ma˩˧	mᵇᴀ˨˦	
疺	疺	fa˥	fᴀ˦˥	~气，指土气，不时髦
髮	发	fa˥	fᴀ˦˥	头~
灋	灋	fa˨˩	fᴀ˨˩	
法	法	fa˨˩	fᴀ˨˩	
乏	乏	fa˨˩	fᴀ˨˩	
發	发	fa˨˩	fᴀ˨˩	
髮	发	fa˨˩	fᴀ˨˩	
伐	伐	fa˨˩	fᴀ˨˩	
閥	阀	fa˨˩	fᴀ˨˩	
罰	罚	fa˨˩	fᴀ˨˩	
打	打	ta˨˩	tᴀ˨˩	量词，一打即十二个
達	达	ta˨˩	tᴀ˨˩	
躂	跶	ta˨˩	tᴀ˨˩	跌
韃	鞑	ta˨˩	tᴀ˨˩	
噠	哒	ta˨˩	tᴀ˨˩	
耷	耷	ta˨˩	tᴀ˨˩	
答	答	ta˨˩	tᴀ˨˩	
搭	搭	ta˨˩	tᴀ˨˩	
嗒	嗒	ta˨˩	tᴀ˨˩	
瘩	瘩	ta˨˩	tᴀ˨˩	
妲	妲	ta˨˩	tᴀ˨˩	
靼	靼	ta˨˩	tᴀ˨˩	
炟	炟	ta˨˩	tᴀ˨˩	
打	打	ta˦˨	tᴀ˦˧	白读
大	大	ta˩˧	tᴀ˨˦	文读
他	他	tʰa˥	tʰᴀ˦˥	文读
祂	祂	tʰa˥	tʰᴀ˦˥	文读
她	她	tʰa˥	tʰᴀ˦˥	文读
牠	牠	tʰa˥	tʰᴀ˦˥	文读
㸰	㸰	tʰa˥	tʰᴀ˦˥	文读
鉈	铊	tʰa˥	tʰᴀ˦˥	
它	它	tʰa˥	tʰᴀ˦˥	文读
塔	塔	tʰa˨˩	tʰᴀ˨˩	
蹋	蹋	tʰa˨˩	tʰᴀ˨˩	
榻	榻	tʰa˨˩	tʰᴀ˨˩	
塌	塌	tʰa˨˩	tʰᴀ˨˩	
獺	獭	tʰa˨˩	tʰᴀ˨˩	
沓	沓	tʰa˨˩	tʰᴀ˨˩	
踏	踏	tʰa˨˩	tʰᴀ˨˩	
龖	龖	tʰa˨˩	tʰᴀ˨˩	
龘	龘	tʰa˨˩	tʰᴀ˨˩	
耷	耷	tʰa˦˨	tʰᴀ˦˧	~起眼皮，指闭眼不管事
垃	垃	la˥	lᴀ˦˥	
拉	拉	la˥	lᴀ˦˥	
啦	啦	la˥	lᴀ˦˥	
他	他	la˥	lᴀ˦˥	白读
祂	祂	la˥	lᴀ˦˥	白读
她	她	la˥	lᴀ˦˥	白读
牠	牠	la˥	lᴀ˦˥	白读
㸰	㸰	la˥	lᴀ˦˥	白读
它	它	la˥	lᴀ˦˥	白读
吶	呐	la˥	lᴀ˦˥	唢~
娜	娜	la˥	lᴀ˦˥	
哪	哪	la˥	lᴀ˦˥	音译
那	那	la˥	lᴀ˦˥	音译
剌	剌	la˥	lᴀ˦˥	构词法“……~沙”
旯	旯	la˥	lᴀ˦˥	
拿	拿	la˨˩	lᴀ˨˩	
南	南	la˨˩	lᴀ˨˩	~无，佛教用语
勞	劳	la˨˩	lᴀ˨˩	~慰
納	纳	la˨˩	lᴀ˨˩	
鈉	钠	la˨˩	lᴀ˨˩	
吶	呐	la˨˩	lᴀ˨˩	
哪	哪	la˨˩	lᴀ˨˩	~吒
烙	烙	la˨˩	lᴀ˨˩	油烧~
藞	藞	la˨˩	lᴀ˨˩	
臘	腊	la˨˩	lᴀ˨˩	
蠟	蜡	la˨˩	lᴀ˨˩	
邋	邋	la˨˩	lᴀ˨˩	
擸	擸	la˨˩	lᴀ˨˩	~𢶍，不修边幅的样子
捺	捺	la˨˩	lᴀ˨˩	
拉	拉	la˨˩	lᴀ˨˩	鼻涕~脓，指鼻涕喷出鼻孔
辣	辣	la˨˩	lᴀ˨˩	
喇	喇	la˨˩	lᴀ˨˩	~嘛
喇	喇	la˦˨	lᴀ˦˧	~叭
哪	哪	la˦˨	lᴀ˦˧	
啦	啦	la˦˨	lᴀ˦˧	相当于“了”
邋	邋	la˦˨	lᴀ˦˧	~糊；长~~
藞	藞	la˦˨	lᴀ˦˧	领子~
了	了	la˦˨	lᴀ˦˧	白读一
那	那	la˩˧	lᴀ˨˦	文读
查	查	tsa˥	tsᴀ˦˥	姓氏
渣	渣	tsa˥	tsᴀ˦˥	
碴	碴	tsa˥	tsᴀ˦˥	
喳	喳	tsa˥	tsᴀ˦˥	
咋	咋	tsa˥	tsᴀ˦˥	~翻翻；咋咋呼呼，指说话声音很大
咱	咱	tsa˥	tsᴀ˦˥	白读，“自家”的合音
啄	啄	tsa˥	tsᴀ˦˥	鸡~食，形容人吃饭不专注，吃一会儿停一会儿
奓	奓	tsa˥	tsᴀ˦˥	张开
䐒	䐒	tsa˥	tsᴀ˦˥	
挓	挓	tsa˥	tsᴀ˦˥	
雜	杂	tsa˨˩	tsᴀ˨˩	
眨	眨	tsa˨˩	tsᴀ˨˩	挤眉~眼
睫	睫	tsa˨˩	tsᴀ˨˩	眼~毛
閘	闸	tsa˨˩	tsᴀ˨˩	
炸	炸	tsa˨˩	tsᴀ˨˩	
咋	咋	tsa˨˩	tsᴀ˨˩	
咱	咱	tsa˨˩	tsᴀ˨˩	文读
哳	哳	tsa˨˩	tsᴀ˨˩	
劄	劄	tsa˨˩	tsᴀ˨˩	
扎	扎	tsa˨˩	tsᴀ˨˩	
剳	剳	tsa˨˩	tsᴀ˨˩	
札	札	tsa˨˩	tsᴀ˨˩	
軋	轧	tsa˨˩	tsᴀ˨˩	
茬	茬	tsa˨˩	tsᴀ˨˩	硬~，指厉害、强势
鍘	铡	tsa˨˩	tsᴀ˨˩	
𢶍	𢶍	tsa˨˩	tsᴀ˨˩	文读
砸	砸	tsa˨˩	tsᴀ˨˩	文读
咂	咂	tsa˨˩	tsᴀ˨˩	吮吸
囋	囋	tsa˨˩	tsᴀ˨˩	~起，表示力挺
眨	眨	tsa˦˨	tsᴀ˦˧	
鮓	鲊	tsa˦˨	tsᴀ˦˧	小米~；~包，即零食；~壳，即穷；麻麻~~，指很密集
詐	诈	tsa˩˧	tsᴀ˨˦	
榨	榨	tsa˩˧	tsᴀ˨˦	
楂	楂	tsa˩˧	tsᴀ˨˦	
炸	炸	tsa˩˧	tsᴀ˨˦	
咋	咋	tsa˩˧	tsᴀ˨˦	“咋个”合音
乍	乍	tsa˩˧	tsᴀ˨˦	
叉	叉	tsʰa˥	tsʰᴀ˦˥	
扠	扠	tsʰa˥	tsʰᴀ˦˥	
䟕	䟕	tsʰa˥	tsʰᴀ˦˥	
差	差	tsʰa˥	tsʰᴀ˦˥	
餷	馇	tsʰa˥	tsʰᴀ˦˥	
蹅	蹅	tsʰa˥	tsʰᴀ˦˥	
插	插	tsʰa˥	tsʰᴀ˦˥	~嘴
茶	茶	tsʰa˨˩	tsʰᴀ˨˩	
擦	擦	tsʰa˨˩	tsʰᴀ˨˩	
察	察	tsʰa˨˩	tsʰᴀ˨˩	
查	查	tsʰa˨˩	tsʰᴀ˨˩	
插	插	tsʰa˨˩	tsʰᴀ˨˩	
茬	茬	tsʰa˨˩	tsʰᴀ˨˩	
衩	衩	tsʰa˦˨	tsʰᴀ˦˧	
插	插	tsʰa˩˧	tsʰᴀ˨˦	~队
岔	岔	tsʰa˩˧	tsʰᴀ˨˦	
衩	衩	tsʰa˩˧	tsʰᴀ˨˦	開~
詫	诧	tsʰa˩˧	tsʰᴀ˨˦	
咤	咤	tsʰa˩˧	tsʰᴀ˨˦	
沙	沙	sa˥	sᴀ˦˥	
紗	纱	sa˥	sᴀ˦˥	
砂	砂	sa˥	sᴀ˦˥	
桫	桫	sa˥	sᴀ˦˥	
莎	莎	sa˥	sᴀ˦˥	
挲	挲	sa˥	sᴀ˦˥	摩挲，即纳西族
娑	娑	sa˥	sᴀ˦˥	婆~
薩	萨	sa˥	sᴀ˦˥	
杉	杉	sa˥	sᴀ˦˥	
山	山	sa˥	sᴀ˦˥	~药
殺	杀	sa˨˩	sᴀ˨˩	
剎	刹	sa˨˩	sᴀ˨˩	
煞	煞	sa˨˩	sᴀ˨˩	
卅	卅	sa˨˩	sᴀ˨˩	
靸	靸	sa˨˩	sᴀ˨˩	
趿	趿	sa˨˩	sᴀ˨˩	
颯	飒	sa˨˩	sᴀ˨˩	
䬃	䬃	sa˨˩	sᴀ˨˩	
𩗁	𩗁	sa˨˩	sᴀ˨˩	
霎	霎	sa˨˩	sᴀ˨˩	
𢶍	𢶍	sa˨˩	sᴀ˨˩	白读
撒	撒	sa˨˩	sᴀ˨˩	~尿
灑	洒	sa˨˩	sᴀ˨˩	~饭
嗄	嗄	sa˦˨	sᴀ˦˧	嗓音嘶哑
灑	洒	sa˦˨	sᴀ˦˧	
傻	傻	sa˦˨	sᴀ˦˧	文读
撒	撒	sa˦˨	sᴀ˦˧	
嗩	唢	sa˦˨	sᴀ˦˧	
捨	舍	sa˩˧	sᴀ˨˦	~丢
啥	啥	sa˩˧	sᴀ˨˦	
家	家	ka˥	kᴀ˦˥	推粑粑，请~~。~~指外婆，仅在童谣里出现。
咖	咖	ka˥	kᴀ˦˥	~喱
戛	戛	ka˨˩	kᴀ˨˩	
嘎	嘎	ka˨˩	kᴀ˨˩	
夾	夹	ka˨˩	kᴀ˨˩	白读
胳	胳	ka˨˩	kᴀ˨˩	~肢窝
激	激	ka˨˩	kᴀ˨˩	~动
尬	尬	ka˦˨	kᴀ˦˧	
朒	朒	ka˦˨	kᴀ˦˧	
噶	噶	ka˦˨	kᴀ˦˧	“该是好”的合音，向对方询问对自身观点的接受度
卡	卡	ka˦˨	kᴀ˦˧	篮球或足球比赛中的防守动作
界	界	ka˩˧	kᴀ˨˦	搭~，指谈话内容切中主题
咖	咖	kʰa˥	kʰᴀ˦˥	~啡
㮟	㮟	kʰa˥	kʰᴀ˦˥	塞
垰	垰	kʰa˥	kʰᴀ˦˥	即“旮”
旮	旮	kʰa˥	kʰᴀ˦˥	~~角角
揩	揩	kʰa˥	kʰᴀ˦˥	~油，占便宜
揢	揢	kʰa˥	kʰᴀ˦˥	~拿，指刁难
抲	抲	kʰa˥	kʰᴀ˦˥	
嵌	嵌	kʰa˥	kʰᴀ˦˥	白读
掐	掐	kʰa˨˩	kʰᴀ˨˩	白读
㐄	㐄	kʰa˨˩	kʰᴀ˨˩	跨
喀	喀	kʰa˨˩	kʰᴀ˨˩	
卡	卡	kʰa˦˨	kʰᴀ˦˧	
胩	胩	kʰa˦˨	kʰᴀ˦˧	
胯	胯	kʰa˩˧	kʰᴀ˨˦	白读
軋	轧	ŋa˥	ŋᶢᴀ˦˥	着车子~
丫	丫	ŋa˥	ŋᶢᴀ˦˥	脚~巴
砑	砑	ŋa˩˧	ŋᶢᴀ˨˦	白读
壓	压	ŋa˩˧	ŋᶢᴀ˨˦	白读
哈	哈	xa˥	xᴀ˦˥	
下	下	xa˥	xᴀ˦˥	一~~，指一会儿
薅	薅	xa˥	xᴀ˦˥	白读
𨉣	𨉣	xa˥	xᴀ˦˥	点头~腰
瘕	瘕	xa˥	xᴀ˦˥	~病，喉病
疨	疨	xa˥	xᴀ˦˥	嗓子~，即喉咙沙哑
搳	搳	xa˨˩	xᴀ˨˩	用手挠敏感部位导致瘙痒并大笑
還	还	xa˨˩	xᴀ˨˩	白读二
峽	峡	xa˨˩	xᴀ˨˩	麻~，即今麻江
奤	奤	xa˦˨	xᴀ˦˧	即“傻”
傻	傻	xa˦˨	xᴀ˦˧	白读
哈	哈	xa˦˨	xᴀ˦˧	疑问语气助词，即“好”；姓氏
下	下	xa˩˧	xᴀ˨˦	一~，指全部
咸	咸	xa˩˧	xᴀ˨˦	~时~下，即每时每刻；~是~扒，即到处都是
阿	阿	Øa˥	Øᴀ˦˥	~姨；~哥~妹
婀	婀	Øa˥	Øᴀ˦˥	
啊	啊	Øa˥	Øᴀ˦˥	文读
啊	啊	Øa˨˩	Øᴀ˨˩	动词或形容词重叠“……啊……”，表示轻微
啊	啊	Øa˦˨	Øᴀ˦˧	句尾疑问语气词，如“是不是~？”
那	那	Øa˩˧	Øᴀ˨˦	白读
岜	岜	pia˥	piᴀ˥	~沙族，一个苗族部落
吧	吧	pia˨˩	piᴀ˨˩	~嗒
癟	瘪	pia˦˨	piᴀ˦˧	白读
蹩	蹩	pʰia˨˩	pʰiᴀ˨˩	~脚，指脚骨折
蹩	蹩	pʰia˦˨	pʰiᴀ˦˧	~~脚，跛脚
劈	劈	pʰia˦˨	pʰiᴀ˦˧	~一字腿，瑜伽动作
擘	擘	pʰia˦˨	pʰiᴀ˦˧	白读
趴	趴	pʰia˦˨	pʰiᴀ˦˧	软~~，指性格懦弱或生病体虚
啪	啪	pʰia˦˨	pʰiᴀ˦˧	白读
白	白	pʰia˦˨	pʰiᴀ˦˧	~淡
敝	敝	pʰia˦˨	pʰiᴀ˦˧	旧~~；黄~~
扚	扚	tia˥	tiᴀ˦˥	白读，指勾或提
嗲	嗲	tia˦˨	tiᴀ˦˧	文读
黏	黏	nia˥	nᵈiᴀ˦˥	白读
䵙	䵙	nia˥	nᵈiᴀ˦˥	即“黏”
嗲	嗲	nia˥	nᵈiᴀ˦˥	白读
嫐	嫐	nia˥	nᵈiᴀ˦˥	黏人
家	家	nia˥	nᵈiᴀ˦˥	“人家”合音；“你家”合音
苶	苶	nia˨˩	nᵈiᴀ˨˩	~皮；~落
裂	裂	nia˨˩	nᵈiᴀ˨˩	皴~
業	业	nia˨˩	nᵈiᴀ˨˩	~障儿，指脑瘫儿
日	日	nia˨˩	nᵈiᴀ˨˩	~白
苶	苶	nia˦˨	nᵈiᴀ˦˧	~衣裳
壓	压	nia˩˧	nᵈiᴀ˨˦	~根儿
家	家	tɕia˥	tɕiᴀ˦˥	
傢	家	tɕia˥	tɕiᴀ˦˥	
稼	稼	tɕia˥	tɕiᴀ˦˥	
加	加	tɕia˥	tɕiᴀ˦˥	
枷	枷	tɕia˥	tɕiᴀ˦˥	
伽	伽	tɕia˥	tɕiᴀ˦˥	
迦	迦	tɕia˥	tɕiᴀ˦˥	
咖	咖	tɕia˥	tɕiᴀ˦˥	
嘉	嘉	tɕia˥	tɕiᴀ˦˥	
夾	夹	tɕia˥	tɕiᴀ˦˥	即“茄”，~克衫
茄	茄	tɕia˥	tɕiᴀ˦˥	~克衫
甲	甲	tɕia˥	tɕiᴀ˦˥	指~壳
夾	夹	tɕia˨˩	tɕiᴀ˨˩	文读
挾	挟	tɕia˨˩	tɕiᴀ˨˩	~持
唊	唊	tɕia˨˩	tɕiᴀ˨˩	指人轻言妄语或口音不纯
濇	濇	tɕia˨˩	tɕiᴀ˨˩	~抠、~核桃，即小气
𠎸	𠎸	tɕia˨˩	tɕiᴀ˨˩	形容人差劲或不讲义气
嗇	啬	tɕia˨˩	tɕiᴀ˨˩	形容人差劲或不讲义气；~抠，即小气
甲	甲	tɕia˨˩	tɕiᴀ˨˩	
假	假	tɕia˦˨	tɕiᴀ˦˧	
賈	贾	tɕia˦˨	tɕiᴀ˦˧	姓氏
架	架	tɕia˩˧	tɕiᴀ˨˦	
駕	驾	tɕia˩˧	tɕiᴀ˨˦	
嫁	嫁	tɕia˩˧	tɕiᴀ˨˦	
價	价	tɕia˩˧	tɕiᴀ˨˦	
恰	恰	tɕʰia˨˩	tɕʰiᴀ˨˩	
洽	洽	tɕʰia˨˩	tɕʰiᴀ˨˩	
掐	掐	tɕʰia˨˩	tɕʰiᴀ˨˩	文读
匣	匣	tɕʰia˨˩	tɕʰiᴀ˨˩	
喫	吃	tɕʰia˨˩	tɕʰiᴀ˨˩	~䏵䏵；~亏；~苦
卡	卡	tɕʰia˦˨	tɕʰiᴀ˦˧	大拇指和食指张至最大时可衡量的长度
跒	跒	tɕʰia˦˨	tɕʰiᴀ˦˧	
下	下	ɕia˥	ɕiᴀ˦˥	地~
蝦	虾	ɕia˥	ɕiᴀ˦˥	
瑕	瑕	ɕia˥	ɕiᴀ˦˥	
霞	霞	ɕia˨˩	ɕiᴀ˨˩	
暇	暇	ɕia˨˩	ɕiᴀ˨˩	
瞎	瞎	ɕia˨˩	ɕiᴀ˨˩	
辖	辖	ɕia˨˩	ɕiᴀ˨˩	
斜	斜	ɕia˨˩	ɕiᴀ˨˩	~斗门
黠	黠	ɕia˨˩	ɕiᴀ˨˩	
俠	侠	ɕia˨˩	ɕiᴀ˨˩	
狹	狭	ɕia˨˩	ɕiᴀ˨˩	
挾	挟	ɕia˨˩	ɕiᴀ˨˩	
峽	峡	ɕia˨˩	ɕiᴀ˨˩	
硤	硖	ɕia˨˩	ɕiᴀ˨˩	
嚇	吓	ɕia˨˩	ɕiᴀ˨˩	~唬
下	下	ɕia˩˧	ɕiᴀ˨˦	
夏	夏	ɕia˩˧	ɕiᴀ˨˦	
廈	厦	ɕia˩˧	ɕiᴀ˨˦	~门
鴉	鸦	ʑa˥	ʑᴀ˦˥	
呀	呀	ʑa˥	ʑᴀ˦˥	
丫	丫	ʑa˥	ʑᴀ˦˥	
椏	桠	ʑa˥	ʑᴀ˦˥	
鴨	鸭	ʑa˨˩	ʑᴀ˨˩	
押	押	ʑa˨˩	ʑᴀ˨˩	
壓	压	ʑa˨˩	ʑᴀ˨˩	~岁
衙	衙	ʑa˨˩	ʑᴀ˨˩	
牙	牙	ʑa˨˩	ʑᴀ˨˩	
伢	伢	ʑa˨˩	ʑᴀ˨˩	
蚜	蚜	ʑa˨˩	ʑᴀ˨˩	
呀	呀	ʑa˨˩	ʑᴀ˨˩	哎~
涯	涯	ʑa˨˩	ʑᴀ˨˩	
爺	爷	ʑa˨˩	ʑᴀ˨˩	老~车
啞	哑	ʑa˦˨	ʑᴀ˦˧	
鴉	鸦	ʑa˦˨	ʑᴀ˦˧	~片烟；~片花
訝	讶	ʑa˦˨	ʑᴀ˦˧	
雅	雅	ʑa˦˨	ʑᴀ˦˧	
夜	夜	ʑa˦˨	ʑᴀ˦˧	~郎
亞	亚	ʑa˦˨	ʑᴀ˦˧	东~
亞	亚	ʑa˩˧	ʑᴀ˨˦	
壓	压	ʑa˩˧	ʑᴀ˨˦	文读
砑	砑	ʑa˩˧	ʑᴀ˨˦	文读
雅	雅	ʑa˩˧	ʑᴀ˨˦	湘~村
抓	抓	tsua˥	tsuᴀ˦˥	
苴	苴	tsua˥	tsuᴀ˦˥	
蚱	蚱	tsua˥	tsuᴀ˦˥	蚂~
吒	吒	tsua˥	tsuᴀ˦˥	哪~
啄	啄	tsua˨˩	tsuᴀ˨˩	
吒	吒	tsua˨˩	tsuᴀ˨˩	
撾	挝	tsua˨˩	tsuᴀ˨˩	外~，即外加、连带
膼	膼	tsua˨˩	tsuᴀ˨˩	用脚踢
蚱	蚱	tsua˨˩	tsuᴀ˨˩	~蜢
砸	砸	tsua˨˩	tsuᴀ˨˩	~药罐；~丢
爪	爪	tsua˦˨	tsuᴀ˦˧	文读
唰	唰	tsʰua˦˨	tsʰuᴀ˦˧	
刷	刷	sua˨˩	suᴀ˨˩	
耍	耍	sua˦˨	suᴀ˦˧	
廈	厦	sua˦˨	suᴀ˦˧	
灑	洒	sua˦˨	suᴀ˦˧	潇~
挼	挼	zua˨˩	zuᴀ˨˩	搓揉
瓜	瓜	kua˥	kuᴀ˦˥	
呱	呱	kua˥	kuᴀ˦˥	
刮	刮	kua˨˩	kuᴀ˨˩	
括	括	kua˨˩	kuᴀ˨˩	
颳	颳	kua˨˩	kuᴀ˨˩	
蝈	蝈	kua˨˩	kuᴀ˨˩	
嘓	啯	kua˨˩	kuᴀ˨˩	
虢	虢	kua˨˩	kuᴀ˨˩	
剮	剐	kua˦˨	kuᴀ˦˧	扒衣服
寡	寡	kua˦˨	kuᴀ˦˧	
拐	拐	kua˦˨	kuᴀ˦˧	左~~，指左撇子；~走
卦	卦	kua˩˧	kuᴀ˨˦	
掛	挂	kua˩˧	kuᴀ˨˦	
褂	褂	kua˩˧	kuᴀ˨˦	
啩	啩	kua˩˧	kuᴀ˨˦	
夸	夸	kʰua˥	kʰuᴀ˦˥	
誇	夸	kʰua˥	kʰuᴀ˦˥	
廓	廓	kʰua˨˩	kʰuᴀ˨˩	
垮	垮	kʰua˦˨	kʰuᴀ˦˧	
掛	挂	kʰua˦˨	kʰuᴀ˦˧	~裤子
侃	侃	kʰua˦˨	kʰuᴀ˦˧	屄~卵~，形容人胡搅蛮缠
髂	髂	kʰua˩˧	kʰuᴀ˨˦	
䯊	䯊	kʰua˩˧	kʰuᴀ˨˦	
跨	跨	kʰua˩˧	kʰuᴀ˨˦	
胯	胯	kʰua˩˧	kʰuᴀ˨˦	文读
绔	绔	kʰua˩˧	kʰuᴀ˨˦	
袴	袴	kʰua˩˧	kʰuᴀ˨˦	
花	花	xua˥	xuᴀ˦˥	
化	化	xua˥	xuᴀ˦˥	叫~子
㩇	㩇	xua˥	xuᴀ˦˥	切割
華	华	xua˨˩	xuᴀ˨˩	
樺	桦	xua˨˩	xuᴀ˨˩	
劃	划	xua˨˩	xuᴀ˨˩	~船
搳	搳	xua˨˩	xuᴀ˨˩	~拳
滑	滑	xua˨˩	xuᴀ˨˩	
猾	猾	xua˨˩	xuᴀ˨˩	
嘩	哗	xua˦˨	xuᴀ˦˧	
華	华	xua˩˧	xuᴀ˨˦	姓氏；~山
畫	画	xua˩˧	xuᴀ˨˦	
劃	划	xua˩˧	xuᴀ˨˦	笔~；~分；~钱
話	话	xua˩˧	xuᴀ˨˦	
化	化	xua˩˧	xuᴀ˨˦	
杹	杹	xua˩˧	xuᴀ˨˦	
蛙	蛙	wa˥	wᴀ˦˥	
哇	哇	wa˥	wᴀ˦˥	夜~子，即猫头鹰幼崽
窪	洼	wa˥	wᴀ˦˥	山~~，即山谷
媧	娲	wa˥	wᴀ˦˥	
挖	挖	wa˥	wᴀ˦˥	
𢰸	𢰸	wa˥	wᴀ˦˥	~亡，指做事过分，毫无底线
娃	娃	wa˨˩	wᴀ˨˩	
襪	袜	wa˨˩	wᴀ˨˩	
瓦	瓦	wa˦˨	wᴀ˦˧	
𣁳	𣁳	wa˦˨	wᴀ˦˧	用瓢~
𦧌	𦧌	wa˦˨	wᴀ˦˧	即“𣁳”
搲	搲	wa˦˨	wᴀ˦˧	
㧚	㧚	wa˦˨	wᴀ˦˧	
碗	碗	wa˦˨	wᴀ˦˧	~儿糕
哇	哇	wa˦˨	wᴀ˦˧	唤牛、马停住声音
窪	洼	wa˩˧	wᴀ˨˦	
哇	哇	wa˩˧	wᴀ˨˦	婴儿啼哭声
鴰	鸹	wa˩˧	wᴀ˨˦	老~，即乌鸦
凹	凹	wa˩˧	wᴀ˨˦	
佤	佤	wa˩˧	wᴀ˨˦	
波	波	po˥	pɔ˦˥	
玻	玻	po˥	pɔ˦˥	
菠	菠	po˥	pɔ˦˥	
啵	啵	po˥	pɔ˦˥	
蕃	蕃	po˥	pɔ˦˥	吐~
鉢	钵	po˨˩	pɔ˨˩	
撥	拨	po˨˩	pɔ˨˩	
潑	泼	po˨˩	pɔ˨˩	活~
鈸	钹	po˨˩	pɔ˨˩	
脖	脖	po˨˩	pɔ˨˩	
博	博	po˨˩	pɔ˨˩	
膊	膊	po˨˩	pɔ˨˩	
縛	缚	po˨˩	pɔ˨˩	
餺	馎	po˨˩	pɔ˨˩	
薄	薄	po˨˩	pɔ˨˩	
剝	剥	po˨˩	pɔ˨˩	
駁	驳	po˨˩	pɔ˨˩	
雹	雹	po˨˩	pɔ˨˩	~子
般	般	po˨˩	pɔ˨˩	~若
簸	簸	po˦˨	pɔ˦˧	
笸	笸	po˦˨	pɔ˦˧	
播	播	po˩˧	pɔ˨˦	
薄	薄	po˩˧	pɔ˨˦	~荷
撥	拨	po˩˧	pɔ˨˦	~款
坡	坡	pʰo˥	pʰɔ˦˥	
岥	岥	pʰo˥	pʰɔ˦˥	
陂	陂	pʰo˥	pʰɔ˦˥	~陀
潑	泼	pʰo˨˩	pʰɔ˨˩	
婆	婆	pʰo˨˩	pʰɔ˨˩	
鄱	鄱	pʰo˨˩	pʰɔ˨˩	
釙	钋	pʰo˨˩	pʰɔ˨˩	
颇	颇	pʰo˦˨	pʰɔ˦˧	
剖	剖	pʰo˦˨	pʰɔ˦˧	文读
叵	叵	pʰo˦˨	pʰɔ˦˧	
破	破	pʰo˩˧	pʰɔ˨˦	
剖	剖	pʰo˩˧	pʰɔ˨˦	白读
磨	磨	mo˥	mᵇɔ˦˥	~时间
摩	摩	mo˥	mᵇɔ˦˥	
摹	摹	mo˥	mᵇɔ˦˥	
摸	摸	mo˥	mᵇɔ˦˥	
模	模	mo˥	mᵇɔ˦˥	~特
麼	么	mo˥	mᵇɔ˦˥	什~；这~
磨	磨	mo˨˩	mᵇɔ˨˩	
蘑	蘑	mo˨˩	mᵇɔ˨˩	
魔	魔	mo˨˩	mᵇɔ˨˩	
末	末	mo˨˩	mᵇɔ˨˩	
沫	沫	mo˨˩	mᵇɔ˨˩	
茉	茉	mo˨˩	mᵇɔ˨˩	
莫	莫	mo˨˩	mᵇɔ˨˩	
模	模	mo˨˩	mᵇɔ˨˩	文读
膜	膜	mo˨˩	mᵇɔ˨˩	
寞	寞	mo˨˩	mᵇɔ˨˩	
牟	牟	mo˨˩	mᵇɔ˨˩	释迦~尼
無	无	mo˨˩	mᵇɔ˨˩	南~，佛教用语
麼	么	mo˨˩	mᵇɔ˨˩	
麼	麽	mo˨˩	mᵇɔ˨˩	
麼	庅	mo˨˩	mᵇɔ˨˩	
嚒	嚒	mo˨˩	mᵇɔ˨˩	
尛	尛	mo˨˩	mᵇɔ˨˩	
抹	抹	mo˦˨	mᵇɔ˦˧	
磨	磨	mo˩˧	mᵇɔ˨˦	推~杠
多	多	to˥	tɔ˦˥	
哆	哆	to˥	tɔ˦˥	
朵	朵	to˥	tɔ˦˥	耳~
奪	夺	to˨˩	tɔ˨˩	
鐸	铎	to˨˩	tɔ˨˩	
度	度	to˨˩	tɔ˨˩	揣~
剟	剟	to˨˩	tɔ˨˩	文读，即“戳”
搠	搠	to˨˩	tɔ˨˩	即“戳”
戳	戳	to˨˩	tɔ˨˩	白读
咄	咄	to˨˩	tɔ˨˩	
矬	矬	to˨˩	tɔ˨˩	矮~~，蔑称，指矮子
朵	朵	to˦˨	tɔ˦˧	量词
躲	躲	to˦˨	tɔ˦˧	
舵	舵	to˩˧	tɔ˨˦	
馱	驮	to˩˧	tɔ˨˦	~起，指安放；一~，量词；~子，即底座
拸	拸	to˩˧	tɔ˨˦	
惰	惰	to˩˧	tɔ˨˦	
墮	堕	to˩˧	tɔ˨˦	
剁	剁	to˩˧	tɔ˨˦	
跺	跺	to˩˧	tɔ˨˦	
拖	拖	tʰo˥	tʰɔ˦˥	
馱	驮	tʰo˨˩	tʰɔ˨˩	
托	托	tʰo˨˩	tʰɔ˨˩	
託	讬	tʰo˨˩	tʰɔ˨˩	
飥	饦	tʰo˨˩	tʰɔ˨˩	
砣	砣	tʰo˨˩	tʰɔ˨˩	
陀	陀	tʰo˨˩	tʰɔ˨˩	
駝	驼	tʰo˨˩	tʰɔ˨˩	
坨	坨	tʰo˨˩	tʰɔ˨˩	
佗	佗	tʰo˨˩	tʰɔ˨˩	
脫	脱	tʰo˨˩	tʰɔ˨˩	
妥	妥	tʰo˦˨	tʰɔ˦˧	
唾	唾	tʰo˦˨	tʰɔ˦˧	
脫	脱	tʰo˦˨	tʰɔ˦˧	~肛
囉	啰	lo˥	lɔ˦˥	
落	落	lo˥	lɔ˦˥	~巴，指最后一名
摞	摞	lo˥	lɔ˦˥	一窝~，指一大堆
螺	螺	lo˥	lɔ˦˥	圆~~；~~转，指晕头转向；蛤~，即陀螺
搙	搙	lo˥	lɔ˦˥	睡~~
喏	喏	lo˥	lɔ˦˥	即“搙”
挪	挪	lo˥	lɔ˦˥	~动
咯	咯	lo˥	lɔ˦˥	~嘛，疑问句句尾，相当于“吗”
羅	罗	lo˨˩	lɔ˨˩	
鑼	锣	lo˨˩	lɔ˨˩	
籮	箩	lo˨˩	lɔ˨˩	
蘿	萝	lo˨˩	lɔ˨˩	
騾	骡	lo˨˩	lɔ˨˩	
螺	螺	lo˨˩	lɔ˨˩	
腡	脶	lo˨˩	lɔ˨˩	
洛	洛	lo˨˩	lɔ˨˩	
落	落	lo˨˩	lɔ˨˩	
駱	骆	lo˨˩	lɔ˨˩	
酪	酪	lo˨˩	lɔ˨˩	
絡	络	lo˨˩	lɔ˨˩	
烙	烙	lo˨˩	lɔ˨˩	
咯	咯	lo˨˩	lɔ˨˩	句末语气词
樂	乐	lo˨˩	lɔ˨˩	
諾	诺	lo˨˩	lɔ˨˩	~贝尔；~苏
喏	喏	lo˨˩	lɔ˨˩	
挪	挪	lo˨˩	lɔ˨˩	
儺	傩	lo˨˩	lɔ˨˩	
難	难	lo˨˩	lɔ˨˩	阿~
倮	倮	lo˦˨	lɔ˦˧	
裸	裸	lo˦˨	lɔ˦˧	
謱	謱	lo˦˨	lɔ˦˧	~謰，指说话啰嗦或做事裹搅
糯	糯	lo˩˧	lɔ˨˦	
摞	摞	lo˩˧	lɔ˨˦	
諾	诺	lo˩˧	lɔ˨˦	
做	做	tso˨˩	tsɔ˨˩	~爱
作	作	tso˨˩	tsɔ˨˩	
昨	昨	tso˨˩	tsɔ˨˩	
著	着	tso˨˩	tsɔ˨˩	文读
桌	桌	tso˨˩	tsɔ˨˩	
卓	卓	tso˨˩	tsɔ˨˩	
茁	茁	tso˨˩	tsɔ˨˩	~壮
琢	琢	tso˨˩	tsɔ˨˩	
捉	捉	tso˨˩	tsɔ˨˩	
鐲	镯	tso˨˩	tsɔ˨˩	
濯	濯	tso˨˩	tsɔ˨˩	
酌	酌	tso˨˩	tsɔ˨˩	
左	左	tso˦˨	tsɔ˦˧	
佐	佐	tso˦˨	tsɔ˦˧	
這	这	tso˦˨	tsɔ˦˧	“这个”合音
坐	坐	tso˩˧	tsɔ˨˦	
座	座	tso˩˧	tsɔ˨˦	
佐	佐	tso˩˧	tsɔ˨˦	扎~
搓	搓	tsʰo˥	tsʰɔ˦˥	
蹉	蹉	tsʰo˥	tsʰɔ˦˥	
初	初	tsʰo˥	tsʰɔ˦˥	~~，指刚开始的时候
撮	撮	tsʰo˨˩	tsʰɔ˨˩	
拙	拙	tsʰo˨˩	tsʰɔ˨˩	~笨
涰	涰	tsʰo˨˩	tsʰɔ˨˩	
啜	啜	tsʰo˨˩	tsʰɔ˨˩	
戳	戳	tsʰo˨˩	tsʰɔ˨˩	文读
綽	绰	tsʰo˨˩	tsʰɔ˨˩	
踔	踔	tsʰo˨˩	tsʰɔ˨˩	闲逛
促	促	tsʰo˨˩	tsʰɔ˨˩	白读
齪	龊	tsʰo˨˩	tsʰɔ˨˩	
踀	踀	tsʰo˨˩	tsʰɔ˨˩	
濁	浊	tsʰo˨˩	tsʰɔ˨˩	霉~，即倒霉；瞎~~
昨	昨	tsʰo˨˩	tsʰɔ˨˩	~天
鑿	凿	tsʰo˨˩	tsʰɔ˨˩	
嗾	嗾	tsʰo˦˨	tsʰɔ˦˧	~狗
挫	挫	tsʰo˦˨	tsʰɔ˦˧	~折
挫	挫	tsʰo˩˧	tsʰɔ˨˦	
銼	锉	tsʰo˩˧	tsʰɔ˨˦	
矬	矬	tsʰo˩˧	tsʰɔ˨˦	
脞	脞	tsʰo˩˧	tsʰɔ˨˦	
唑	唑	tsʰo˩˧	tsʰɔ˨˦	
錯	错	tsʰo˩˧	tsʰɔ˨˦	
措	措	tsʰo˩˧	tsʰɔ˨˦	
鑿	凿	tsʰo˩˧	tsʰɔ˨˦	~子
蓑	蓑	so˥	sɔ˦˥	
簑	簑	so˥	sɔ˦˥	
梭	梭	so˥	sɔ˦˥	
唆	唆	so˥	sɔ˦˥	
嗦	嗦	so˥	sɔ˦˥	
掇	掇	so˥	sɔ˦˥	撺~，指唆使
趖	趖	so˥	sɔ˦˥	
窣	窣	so˥	sɔ˦˥	
說	说	so˨˩	sɔ˨˩	
率	率	so˨˩	sɔ˨˩	
蟀	蟀	so˨˩	sɔ˨˩	
索	索	so˨˩	sɔ˨˩	
朔	朔	so˨˩	sɔ˨˩	
溯	溯	so˨˩	sɔ˨˩	追本~源
𣷥	𣷥	so˨˩	sɔ˨˩	
碩	硕	so˨˩	sɔ˨˩	
勺	勺	so˨˩	sɔ˨˩	
芍	芍	so˨˩	sɔ˨˩	
縮	缩	so˨˩	sɔ˨˩	
鎖	锁	so˦˨	sɔ˦˧	
瑣	琐	so˦˨	sɔ˦˧	
叒	叒	zo˨˩	zɔ˨˩	
若	若	zo˨˩	zɔ˨˩	
楉	楉	zo˨˩	zɔ˨˩	
箬	箬	zo˨˩	zɔ˨˩	
弱	弱	zo˨˩	zɔ˨˩	
篛	篛	zo˨˩	zɔ˨˩	
偌	偌	zo˦˨	zɔ˦˧	
歌	歌	ko˥	kɔ˦˥	
哥	哥	ko˥	kɔ˦˥	
牁	牁	ko˥	kɔ˦˥	
牱	牱	ko˥	kɔ˦˥	
鍋	锅	ko˥	kɔ˦˥	
戈	戈	ko˥	kɔ˦˥	
鴿	鸽	ko˨˩	kɔ˨˩	
割	割	ko˨˩	kɔ˨˩	
葛	葛	ko˨˩	kɔ˨˩	
佮	佮	ko˨˩	kɔ˨˩	相處
合	合	ko˨˩	kɔ˨˩	体积单位，一合相当于一百毫升
各	各	ko˨˩	kɔ˨˩	
閣	阁	ko˨˩	kɔ˨˩	
擱	搁	ko˨˩	kɔ˨˩	
硌	硌	ko˨˩	kɔ˨˩	
咯	咯	ko˨˩	kɔ˨˩	文读
郭	郭	ko˨˩	kɔ˨˩	
椁	椁	ko˨˩	kɔ˨˩	
槨	槨	ko˨˩	kɔ˨˩	
箇	个	ko˨˩	kɔ˨˩	~人；~旧
角	角	ko˨˩	kɔ˨˩	㮟㮟~~；三~形；牛~；~逆
覺	觉	ko˨˩	kɔ˨˩	不警不~
腳	脚	ko˨˩	kɔ˨˩	吊~楼
果	果	ko˨˩	kɔ˨˩	毛辣~，即番茄
果	果	ko˦˨	kɔ˦˧	
裹	裹	ko˦˨	kɔ˦˧	
個	个	ko˩˧	kɔ˨˦	
箇	个	ko˩˧	kɔ˨˦	
過	过	ko˩˧	kɔ˨˦	
咯	咯	ko˩˧	kɔ˨˦	鸡~~
軻	轲	kʰo˥	kʰɔ˦˥	
柯	柯	kʰo˥	kʰɔ˦˥	
苛	苛	kʰo˥	kʰɔ˦˥	
科	科	kʰo˥	kʰɔ˦˥	
棵	棵	kʰo˥	kʰɔ˦˥	
顆	颗	kʰo˥	kʰɔ˦˥	白读
窠	窠	kʰo˥	kʰɔ˦˥	
擱	搁	kʰo˥	kʰɔ˦˥	放下
毃	毃	kʰo˥	kʰɔ˦˥	白读
磕	磕	kʰo˨˩	kʰɔ˨˩	
瞌	瞌	kʰo˨˩	kʰɔ˨˩	
嗑	嗑	kʰo˨˩	kʰɔ˨˩	侃天~地
喝	喝	kʰo˨˩	kʰɔ˨˩	鬼声~气
渴	渴	kʰo˨˩	kʰɔ˨˩	
殼	壳	kʰo˨˩	kʰɔ˨˩	
確	确	kʰo˨˩	kʰɔ˨˩	~得定，表示能完成；~不定，表示不能完成
榷	榷	kʰo˨˩	kʰɔ˨˩	
搉	搉	kʰo˨˩	kʰɔ˨˩	
傕	傕	kʰo˨˩	kʰɔ˨˩	
毃	毃	kʰo˨˩	kʰɔ˨˩	文读
塙	塙	kʰo˨˩	kʰɔ˨˩	
恪	恪	kʰo˨˩	kʰɔ˨˩	
可	可	kʰo˦˨	kʰɔ˨˩	
坷	坷	kʰo˦˨	kʰɔ˨˩	
棵	棵	kʰo˦˨	kʰɔ˦˧	草~
顆	颗	kʰo˦˨	kʰɔ˦˧	文读
課	课	kʰo˩˧	kʰɔ˨˦	
騍	骒	kʰo˩˧	kʰɔ˨˦	
擱	搁	kʰo˩˧	kʰɔ˨˦	长时间放置
咯	咯	kʰo˩˧	kʰɔ˨˦	呛
惡	恶	ŋo˨˩	ŋᶢɔ˨˩	
歺	歺	ŋo˨˩	ŋᶢɔ˨˩	及“歹”
我	我	ŋo˦˨	ŋᶢɔ˦˧	
個	个	ŋo˩˧	ŋᶢɔ˨˦	这~，程度副词，表示“这么”
喝	喝	xo˥	xɔ˦˥	~鼾
呼	呼	xo˥	xɔ˦˥	呜~
呵	呵	xo˥	xɔ˦˥	文读
和	和	xo˥	xɔ˦˥	即“乎”
乎	乎	xo˥	xɔ˦˥	热~
蠚	蠚	xo˥	xɔ˦˥	~人，指细小的针或毛发残留在皮肤上导致奇痒或刺痛；欺骗
河	河	xo˨˩	xɔ˨˩	
何	何	xo˨˩	xɔ˨˩	
荷	荷	xo˨˩	xɔ˨˩	
和	和	xo˨˩	xɔ˨˩	
禾	禾	xo˨˩	xɔ˨˩	
合	合	xo˨˩	xɔ˨˩	
盒	盒	xo˨˩	xɔ˨˩	
喝	喝	xo˨˩	xɔ˨˩	
活	活	xo˨˩	xɔ˨˩	
壑	壑	xo˨˩	xɔ˨˩	
貉	貉	xo˨˩	xɔ˨˩	
鶴	鹤	xo˨˩	xɔ˨˩	
霍	霍	xo˨˩	xɔ˨˩	
藿	藿	xo˨˩	xɔ˨˩	
豁	豁	xo˨˩	xɔ˨˩	
蠚	蠚	xo˨˩	xɔ˨˩	~麻，即荨麻
郝	郝	xo˨˩	xɔ˨˩	
火	火	xo˦˨	xɔ˦˧	
夥	伙	xo˦˨	xɔ˦˧	
呵	呵	xo˦˨	xɔ˦˧	白读
吁	吁	xo˦˨	xɔ˦˧	语气词，表示不屑一顾
賀	贺	xo˩˧	xɔ˨˦	
貨	货	xo˩˧	xɔ˨˦	
禍	祸	xo˩˧	xɔ˨˦	
和	和	xo˩˧	xɔ˨˦	加~；~面
荷	荷	xo˩˧	xɔ˨˦	
阿	阿	ɣo˥	ɣɔ˦˥	~胶；~弥陀佛；~房宫；~难
屙	屙	ɣo˥	ɣɔ˦˥	
倭	倭	ɣo˥	ɣɔ˦˥	
窩	窝	ɣo˥	ɣɔ˦˥	
喔	喔	ɣo˥	ɣɔ˦˥	
撾	挝	ɣo˥	ɣɔ˦˥	老~
凹	凹	ɣo˥	ɣɔ˦˥	~进去
鋨	锇	ɣo˨˩	ɣɔ˨˩	
蛾	蛾	ɣo˨˩	ɣɔ˨˩	
峨	峨	ɣo˨˩	ɣɔ˨˩	
俄	俄	ɣo˨˩	ɣɔ˨˩	
娥	娥	ɣo˨˩	ɣɔ˨˩	
鵝	鹅	ɣo˨˩	ɣɔ˨˩	
訛	讹	ɣo˨˩	ɣɔ˨˩	
惡	恶	ɣo˨˩	ɣɔ˨˩	~心
噁	噁	ɣo˨˩	ɣɔ˨˩	
噁		ɣo˨˩	ɣɔ˨˩	
咹	咹	ɣo˨˩	ɣɔ˨˩	
斡	斡	ɣo˨˩	ɣɔ˨˩	
鄂	鄂	ɣo˨˩	ɣɔ˨˩	
腭	腭	ɣo˨˩	ɣɔ˨˩	
噩	噩	ɣo˨˩	ɣɔ˨˩	
鱷	鳄	ɣo˨˩	ɣɔ˨˩	
握	握	ɣo˨˩	ɣɔ˨˩	
齷	龌	ɣo˨˩	ɣɔ˨˩	
沃	沃	ɣo˨˩	ɣɔ˨˩	
肟	肟	ɣo˨˩	ɣɔ˨˩	
遏	遏	ɣo˨˩	ɣɔ˨˩	
罯	罯	ɣo˨˩	ɣɔ˨˩	密封不透气
餓	饿	ɣo˩˧	ɣɔ˨˦	
臥	卧	ɣo˩˧	ɣɔ˨˦	
哦	哦	Øo˥	Øɔ˦˥	句末语气词，表示提醒或警告
噢	噢	Øo˥	Øɔ˦˥	
嗚	呜	Øo˨˩	Øɔ˨˩	~呼
哦	哦	Øo˨˩	Øɔ˨˩	~呵，即“呜呼”，表示感叹
哦	哦	Øo˦˨	Øɔ˦˧	应答语，表示“知道了”
噢	噢	Øo˦˨	Øɔ˦˧	
吘	吘	Øo˩˧	Øɔ˨˦	
了	了	Øo˩˧	Øɔ˨˦	白读二
略	略	nio˨˩	nᵈiɔ˨˩	
掠	掠	nio˨˩	nᵈiɔ˨˩	
虐	虐	nio˨˩	nᵈiɔ˨˩	
瘧	疟	nio˨˩	nᵈiɔ˨˩	
爵	爵	tɕio˨˩	tɕiɔ˨˩	
腳	脚	tɕio˨˩	tɕiɔ˨˩	
攪	搅	tɕio˨˩	tɕiɔ˨˩	王大妈裹~又臭又长，形容说话或行文啰嗦，通“裹脚”
覺	觉	tɕio˨˩	tɕiɔ˨˩	~得；发~；~悟
角	角	tɕio˨˩	tɕiɔ˨˩	一~钱、~色
噱	噱	tɕio˨˩	tɕiɔ˨˩	
矍	矍	tɕio˨˩	tɕiɔ˨˩	
攫	攫	tɕio˨˩	tɕiɔ˨˩	
珏	珏	tɕio˨˩	tɕiɔ˨˩	
雀	雀	tɕʰio˥	tɕʰiɔ˦˥	~巴，指最后一名；麻~，指男性生殖器
悄	悄	tɕʰio˥	tɕʰiɔ˦˥	~~眯眯；喑~~；~起，指不吭声
矁	矁	tɕʰio˥	tɕʰiɔ˦˥	~一眼
雀	雀	tɕʰio˨˩	tɕʰiɔ˨˩	
鵲	鹊	tɕʰio˨˩	tɕʰiɔ˨˩	
卻	却	tɕʰio˨˩	tɕʰiɔ˨˩	
確	确	tɕʰio˨˩	tɕʰiɔ˨˩	
埆	埆	tɕʰio˨˩	tɕʰiɔ˨˩	
芍	芍	tɕʰio˨˩	tɕʰiɔ˨˩	~陂
削	削	ɕio˨˩	ɕiɔ˨˩	白读
學	学	ɕio˨˩	ɕiɔ˨˩	
謔	谑	ɕio˨˩	ɕiɔ˨˩	
跩	跩	ɕio˦˨	ɕiɔ˦˧	白读
投	投	ɕio˦˨	ɕiɔ˦˧	白读，投篮时的语气词
喲	哟	ʑo˨˩	ʑɔ˨˩	哎~，表示惊讶
樂	乐	ʑo˨˩	ʑɔ˨˩	
藥	药	ʑo˨˩	ʑɔ˨˩	
約	约	ʑo˨˩	ʑɔ˨˩	
喲	哟	ʑo˨˩	ʑɔ˨˩	唉~，表示无奈；哎~，表示疼痛
岳	岳	ʑo˨˩	ʑɔ˨˩	
嶽	岳	ʑo˨˩	ʑɔ˨˩	
躍	跃	ʑo˨˩	ʑɔ˨˩	文读
鑰	钥	ʑo˨˩	ʑɔ˨˩	
喲	哟	ʑo˦˨	ʑɔ˦˧	文读
呗	呗	pe˥	pɛ˦˥	白读
北	北	pe˨˩	pɛ˨˩	
白	白	pe˨˩	pɛ˨˩	
伯	伯	pe˨˩	pɛ˨˩	
柏	柏	pe˨˩	pɛ˨˩	
粕	粕	pe˨˩	pɛ˨˩	
迫	迫	pe˨˩	pɛ˨˩	~击炮
泊	泊	pe˨˩	pɛ˨˩	
珀	珀	pe˨˩	pɛ˨˩	
鉑	铂	pe˨˩	pɛ˨˩	
百	百	pe˨˩	pɛ˨˩	
帛	帛	pe˨˩	pɛ˨˩	
叭	叭	pe˨˩	pɛ˨˩	六字真言读音
拍	拍	pʰe˨˩	pʰɛ˨˩	
迫	迫	pʰe˨˩	pʰɛ˨˩	
泊	泊	pʰe˨˩	pʰɛ˨˩	停~
舶	舶	pʰe˨˩	pʰɛ˨˩	
艊	艊	pʰe˨˩	pʰɛ˨˩	
魄	魄	pʰe˨˩	pʰɛ˨˩	
麼	么	me˥	mᵇɛ˦˥	那~，相当于“……的话”
陌	陌	me˨˩	mᵇɛ˨˩	
貊	貊	me˨˩	mᵇɛ˨˩	
貉	貉	me˨˩	mᵇɛ˨˩	
麥	麦	me˨˩	mᵇɛ˨˩	
脈	脉	me˨˩	mᵇɛ˨˩	
万	万	me˨˩	mᵇɛ˨˩	~俟，少数民族复姓
墨	墨	me˨˩	mᵇɛ˨˩	
嚜	嚜	me˨˩	mᵇɛ˨˩	
默	默	me˨˩	mᵇɛ˨˩	
嘿	嘿	me˨˩	mᵇɛ˨˩	
蠛	蠛	me˨˩	mᵇɛ˨˩	~~蚊
䘊	䘊	me˨˩	mᵇɛ˨˩	
螞	蚂	me˨˩	mᵇɛ˨˩	~蚱
沒	没	me˦˨	mᵇɛ˦˧	“没得”合音
朆	朆	me˦˨	mᵇɛ˦˧	即“没得”
得	得	te˨˩	tɛ˨˩	
德	德	te˨˩	tɛ˨˩	
仡	仡	te˨˩	tɛ˨˩	~佬族
點	点	te˦˨	tɛ˦˧	这~；那~；哪~，“点儿”合音
特	特	tʰe˨˩	tʰɛ˨˩	
忑	忑	tʰe˨˩	tʰɛ˨˩	
呢	呢	le˥	lɛ˦˥	疑问语气词
嘞	嘞	le˥	lɛ˦˥	即“的”
來	来	le˨˩	lɛ˨˩	白读
勒	勒	le˨˩	lɛ˨˩	
嘞	嘞	le˨˩	lɛ˨˩	文读
呢	呢	le˦˨	lɛ˦˧	语气助词，表示惊讶
唻	唻	le˦˨	lɛ˦˧	即“呢”
嘞	嘞	le˦˨	lɛ˦˧	即“呢”
哪	哪	le˦˨	lɛ˦˧	~样
這	这	le˩˧	lɛ˨˦	~么，程度副词
遮	遮	tse˥	tsɛ˦˥	
啫	啫	tse˥	tsɛ˦˥	
這	这	tse˥	tsɛ˦˥	“这一”合音
蜘	蜘	tse˨˩	tsɛ˨˩	
蝃	蝃	tse˨˩	tsɛ˨˩	
賊	贼	tse˨˩	tsɛ˨˩	文读
褶	褶	tse˨˩	tsɛ˨˩	
摺	折	tse˨˩	tsɛ˨˩	
折	折	tse˨˩	tsɛ˨˩	
哲	哲	tse˨˩	tsɛ˨˩	
蜇	蜇	tse˨˩	tsɛ˨˩	
浙	浙	tse˨˩	tsɛ˨˩	
則	则	tse˨˩	tsɛ˨˩	
側	侧	tse˨˩	tsɛ˨˩	~边
窄	窄	tse˨˩	tsɛ˨˩	
宅	宅	tse˨˩	tsɛ˨˩	~吉
摘	摘	tse˨˩	tsɛ˨˩	
責	责	tse˨˩	tsɛ˨˩	
嘖	啧	tse˨˩	tsɛ˨˩	
輒	辄	tse˨˩	tsɛ˨˩	
仄	仄	tse˨˩	tsɛ˨˩	
者	者	tse˦˨	tsɛ˦˧	
這	这	tse˦˨	tsɛ˦˧	“这儿”合音
這	这	tse˩˧	tsɛ˨˦	文读
蔗	蔗	tse˩˧	tsɛ˨˦	
車	车	tsʰe˥	tsʰɛ˦˥	
徹	彻	tsʰe˨˩	tsʰɛ˨˩	
撤	撤	tsʰe˨˩	tsʰɛ˨˩	
澈	澈	tsʰe˨˩	tsʰɛ˨˩	
轍	辙	tsʰe˨˩	tsʰɛ˨˩	
側	侧	tsʰe˨˩	tsʰɛ˨˩	
測	测	tsʰe˨˩	tsʰɛ˨˩	
惻	恻	tsʰe˨˩	tsʰɛ˨˩	
廁	厕	tsʰe˨˩	tsʰɛ˨˩	
拆	拆	tsʰe˨˩	tsʰɛ˨˩	
澤	泽	tsʰe˨˩	tsʰɛ˨˩	
擇	择	tsʰe˨˩	tsʰɛ˨˩	
宅	宅	tsʰe˨˩	tsʰɛ˨˩	
翟	翟	tsʰe˨˩	tsʰɛ˨˩	姓氏
策	策	tsʰe˨˩	tsʰɛ˨˩	
冊	册	tsʰe˨˩	tsʰɛ˨˩	
切	切	tsʰe˨˩	tsʰɛ˨˩	白读
扯	扯	tsʰe˦˨	tsʰɛ˦˧	
且	且	tsʰe˦˨	tsʰɛ˦˧	
趄	趄	tsʰe˩˧	tsʰɛ˨˦	~姑娘
笡	笡	tsʰe˩˧	tsʰɛ˨˦	
奢	奢	se˥	sɛ˦˥	
畲	畲	se˥	sɛ˦˥	
賒	赊	se˥	sɛ˦˥	
色	色	se˥	sɛ˦˥	笑
塞	塞	se˥	sɛ˦˥	~包袱，指行贿或麻烦别人；支垫
倽	倽	se˥	sɛ˦˥	相当于“……的话”，表示条件假设
色	色	se˨˩	sɛ˨˩	
攝	摄	se˨˩	sɛ˨˩	
澀	涩	se˨˩	sɛ˨˩	
𢡉	𢡉	se˨˩	sɛ˨˩	
歰	歰	se˨˩	sɛ˨˩	
𡉔	𡉔	se˨˩	sɛ˨˩	
𣥒	𣥒	se˨˩	sɛ˨˩	
𣹣	𣹣	se˨˩	sɛ˨˩	
𣴻	𣴻	se˨˩	sɛ˨˩	
𤁍	𤁍	se˨˩	sɛ˨˩	
歮	歮	se˨˩	sɛ˨˩	
澁	澁	se˨˩	sɛ˨˩	
涉	涉	se˨˩	sɛ˨˩	
渋	渋	se˨˩	sɛ˨˩	
𣾫	𣾫	se˨˩	sɛ˨˩	
𣿠	𣿠	se˨˩	sɛ˨˩	
嗇	啬	se˨˩	sɛ˨˩	
𠹫	𠹫	se˨˩	sɛ˨˩	
𠻮	𠻮	se˨˩	sɛ˨˩	
𠾂	𠾂	se˨˩	sɛ˨˩	
𤲝	𤲝	se˨˩	sɛ˨˩	
濇	濇	se˨˩	sɛ˨˩	
瀒	瀒	se˨˩	sɛ˨˩	
𠎸	𠎸	se˨˩	sɛ˨˩	
舌	舌	se˨˩	sɛ˨˩	
設	设	se˨˩	sɛ˨˩	
瑟	瑟	se˨˩	sɛ˨˩	
塞	塞	se˨˩	sɛ˨˩	
噻	噻	se˨˩	sɛ˨˩	
虱	虱	se˨˩	sɛ˨˩	
蝨	蝨	se˨˩	sɛ˨˩	
蛇	蛇	se˨˩	sɛ˨˩	
折	折	se˨˩	sɛ˨˩	
蝕	蚀	se˨˩	sɛ˨˩	~财免灾
葉	叶	se˨˩	sɛ˨˩	~公好龙
捨	舍	se˦˨	sɛ˦˧	
赦	赦	se˩˧	sɛ˨˦	
射	射	se˩˧	sɛ˨˦	
社	社	se˩˧	sɛ˨˦	
舍	舍	se˩˧	sɛ˨˦	
熱	热	ze˨˩	zɛ˨˩	
惹	惹	ze˦˨	zɛ˦˧	
若	若	ze˦˨	zɛ˦˧	般~
給	给	ke˥	kɛ˦˥	白读
箇	个	ke˥	kɛ˦˥	~老子
膈	膈	ke˥	kɛ˦˥	~应
蛤	蛤	ke˨˩	kɛ˨˩	~螺，即陀螺；癞蛤宝，即癞蛤蟆
尜	尜	ke˨˩	kɛ˨˩	同“蛤”
格	格	ke˨˩	kɛ˨˩	
鉻	铬	ke˨˩	kɛ˨˩	
胳	胳	ke˨˩	kɛ˨˩	
骼	骼	ke˨˩	kɛ˨˩	
咯	咯	ke˨˩	kɛ˨˩	~啊~地笑
隔	隔	ke˨˩	kɛ˨˩	
膈	膈	ke˨˩	kɛ˨˩	
嗝	嗝	ke˨˩	kɛ˨˩	
革	革	ke˨˩	kɛ˨˩	
仡	仡	ke˨˩	kɛ˨˩	~伶族，即侗族
犵	犵	ke˨˩	kɛ˨˩	花~狫，即花溪
虼	虼	ke˨˩	kɛ˨˩	
肐	肐	ke˨˩	kɛ˨˩	
疙	疙	ke˨˩	kɛ˨˩	
圿	圿	ke˨˩	kɛ˨˩	~泥，出汗后皮肤上搓出的污垢
結	结	ke˨˩	kɛ˨˩	~~涩涩，说话吞吞吐吐或读文章生疏
玍	玍	ke˨˩	kɛ˨˩	生~玍；麻~玍；老~玍
給	给	ke˦˨	kɛ˦˧	~予
擱	搁	ke˦˨	kɛ˦˧	表示“在”
嗝	嗝	ke˦˨	kɛ˦˧	打~
鋸	锯	ke˩˧	kɛ˨˦	~肉
玍	玍	ke˩˧	kɛ˨˦	生玍~，指生疏；麻玍~；老玍~；~古，指脾气古怪
克	克	kʰe˥	kʰɛ˦˥	~娃娃，指管束；~书，指攻读
剋	剋	kʰe˥	kʰɛ˦˥	
尅	尅	kʰe˥	kʰɛ˦˥	老~
克	克	kʰe˨˩	kʰɛ˨˩	
刻	刻	kʰe˨˩	kʰɛ˨˩	
客	客	kʰe˨˩	kʰɛ˨˩	
乞	乞	kʰe˨˩	kʰɛ˨˩	~膝头；~膝脑壳
咳	咳	kʰe˨˩	kʰɛ˨˩	
蛤	蛤	kʰe˨˩	kʰɛ˨˩	~蟆
趄	趄	kʰe˨˩	kʰɛ˨˩	趔~
去	去	kʰe˩˧	kʰɛ˨˩	白读
迲	迲	kʰe˩˧	kʰɛ˨˩	白读
軋	轧	ŋe˥	kʰɛ˨˩	~烂，故意反复碾压
額	额	ŋe˨˩	kʰɛ˨˩	
厄	厄	ŋe˨˩	kʰɛ˨˩	
扼	扼	ŋe˨˩	kʰɛ˨˩	
軛	轭	ŋe˨˩	ŋᶢɛ˨˩	
搹	搹	ŋe˨˩	ŋᶢɛ˨˩	
搤	搤	ŋe˨˩	ŋᶢɛ˨˩	
硙	硙	ŋe˨˩	ŋᶢɛ˨˩	~墨
趔	趔	ŋe˨˩	ŋᶢɛ˨˩	
嘻	嘻	xe˥	xɛ˦˥	白读
嘿	嘿	xe˥	xɛ˦˥	白读
黑	黑	xe˨˩	xɛ˨˩	
赫	赫	xe˨˩	xɛ˨˩	
嚇	吓	xe˨˩	xɛ˨˩	
核	核	xe˨˩	xɛ˨˩	
胁	胁	xe˨˩	xɛ˨˩	威~
許	许	xe˦˨	xɛ˦˧	~齐、~实，即使劲
嘿	嘿	xe˦˨	xɛ˦˧	文读
诶	诶	Øe˦˨	Øɛ˦˧	呼唤熟人
欸	欸	Øe˥	Øɛ˦˥	语气词惊呼，表示感到不可思议
𫤘	儿	Øe˥	Øɛ˦˥	儿缀
𫤘	儿	Øe˨˩	Øɛ˨˩	
而	而	Øe˨˩	Øɛ˨˩	白读
呃	呃	Øe˨˩	Øɛ˨˩	语气词，表示正在思考
噯	嗳	Øe˨˩	Øɛ˨˩	肯定语气词，相当于“嗯”
兮	兮	Øe˨˩	Øɛ˨˩	即“唉”
𫤘	儿	Øe˦˨	Øɛ˦˧	一点~；碗~糕
耳	耳	Øe˩˧	Øɛ˨˦	折~根
餌	饵	Øe˩˧	Øɛ˨˦	~块粑
二	二	Øe˩˧	Øɛ˨˦	白读
日	日	Øe˩˧	Øɛ˨˦	昨~；今~；明~；后~
𫤘	儿	Øe˩˧	Øɛ˨˦	今~，即“日”；正~八经；幼~园
逼	逼	pie˥	piɛ˦˥	~着，表示被逼
憋	憋	pie˥	piɛ˦˥	
別	别	pie˨˩	piɛ˨˩	
彆	别	pie˨˩	piɛ˨˩	
蹩	蹩	pie˨˩	piɛ˨˩	
鱉	鳖	pie˨˩	piɛ˨˩	
鄨	鄨	pie˨˩	piɛ˨˩	
癟	瘪	pie˦˨	piɛ˦˧	文读
㧙	㧙	pie˦˨	piɛ˦˧	
別	别	pie˩˧	piɛ˨˦	~车
撇	撇	pʰie˨˩	pʰiɛ˨˩	
撆	撆	pʰie˨˩	pʰiɛ˨˩	
瞥	瞥	pʰie˨˩	pʰiɛ˨˩	
擘	擘	pʰie˦˨	pʰiɛ˦˧	文读
苤	苤	pʰie˦˨	pʰiɛ˦˧	
敝	敝	pʰie˩˧	pʰiɛ˨˦	差劲
孬	孬	pʰie˩˧	pʰiɛ˨˦	
秕	秕	pʰie˩˧	pʰiɛ˨˦	
滅	灭	mie˨˩	mᵇiɛ˨˩	
蔑	蔑	mie˨˩	mᵇiɛ˨˩	
衊	蔑	mie˨˩	mᵇiɛ˨˩	
默	默	mie˨˩	mᵇiɛ˨˩	思考
搣	搣	mie˦˨	mᵇiɛ˦˧	
爹	爹	tie˥	tiɛ˦˥	
疊	叠	tie˨˩	tiɛ˨˩	
耋	耋	tie˨˩	tiɛ˨˩	
牒	牒	tie˨˩	tiɛ˨˩	
蝶	蝶	tie˨˩	tiɛ˨˩	
碟	碟	tie˨˩	tiɛ˨˩	
堞	堞	tie˨˩	tiɛ˨˩	
諜	谍	tie˨˩	tiɛ˨˩	
迭	迭	tie˨˩	tiɛ˨˩	
跌	跌	tie˨˩	tiɛ˨˩	
翟	翟	tie˨˩	tiɛ˨˩	
得	得	tie˨˩	tiɛ˨˩	没~
點	点	tie˦˨	tiɛ˦˧	一小~，“点儿”合音
忒	忒	tʰie˨˩	tʰiɛ˨˩	
特	特	tʰie˨˩	tʰiɛ˨˩	~别
貼	贴	tʰie˨˩	tʰiɛ˨˩	
帖	帖	tʰie˨˩	tʰiɛ˨˩	
鐵	铁	tʰie˨˩	tʰiɛ˨˩	
跌	跌	tʰie˨˩	tʰiɛ˨˩	脑筋跶~
蝶	蝶	tʰie˨˩	tʰiɛ˨˩	蝴~；蝴~肉，将猪头去骨后压成扁平状
聶	聂	nie˨˩	nᵈiɛ˨˩	
鑷	镊	nie˨˩	nᵈiɛ˨˩	
鎳	镍	nie˨˩	nᵈiɛ˨˩	
獵	猎	nie˨˩	nᵈiɛ˨˩	
業	业	nie˨˩	nᵈiɛ˨˩	
孽	孽	nie˨˩	nᵈiɛ˨˩	
列	列	nie˨˩	nᵈiɛ˨˩	
烈	烈	nie˨˩	nᵈiɛ˨˩	
裂	裂	nie˨˩	nᵈiɛ˨˩	
咧	咧	nie˨˩	nᵈiɛ˨˩	
捏	捏	nie˨˩	nᵈiɛ˨˩	
劣	劣	nie˨˩	nᵈiɛ˨˩	
逆	逆	nie˨˩	nᵈiɛ˨˩	角~，指扯皮；忤~
遮	遮	tɕie˥	tɕiɛ˦˥	甘菩~
接	接	tɕie˨˩	tɕiɛ˨˩	
傑	杰	tɕie˨˩	tɕiɛ˨˩	
杰	杰	tɕie˨˩	tɕiɛ˨˩	
偈	偈	tɕie˨˩	tɕiɛ˨˩	
揭	揭	tɕie˨˩	tɕiɛ˨˩	
竭	竭	tɕie˨˩	tɕiɛ˨˩	
羯	羯	tɕie˨˩	tɕiɛ˨˩	
結	结	tɕie˨˩	tɕiɛ˨˩	
詰	诘	tɕie˨˩	tɕiɛ˨˩	
秸	秸	tɕie˨˩	tɕiɛ˨˩	
袺	袺	tɕie˨˩	tɕiɛ˨˩	
頡	颉	tɕie˨˩	tɕiɛ˨˩	
譎	谲	tɕie˨˩	tɕiɛ˨˩	
節	节	tɕie˨˩	tɕiɛ˨˩	
蠞	蠞	tɕie˨˩	tɕiɛ˨˩	
截	截	tɕie˨˩	tɕiɛ˨˩	
睫	睫	tɕie˨˩	tɕiɛ˨˩	
絕	绝	tɕie˨˩	tɕiɛ˨˩	
決	决	tɕie˨˩	tɕiɛ˨˩	
訣	诀	tɕie˨˩	tɕiɛ˨˩	
訐	讦	tɕie˨˩	tɕiɛ˨˩	㨃
厥	厥	tɕie˨˩	tɕiɛ˨˩	
蕨	蕨	tɕie˨˩	tɕiɛ˨˩	
姐	姐	tɕie˦˨	tɕiɛ˦˧	
媎	媎	tɕie˦˨	tɕiɛ˦˧	
借	借	tɕie˩˧	tɕiɛ˨˦	
蔗	蔗	tɕie˩˧	tɕiɛ˨˦	~杆
車	车	tɕʰie˥	tɕʰiɛ˦˥	小~~（儿语）；姓
妾	妾	tɕʰie˨˩	tɕʰiɛ˨˩	
截	截	tɕʰie˨˩	tɕʰiɛ˨˩	拦~；~断
捷	捷	tɕʰie˨˩	tɕʰiɛ˨˩	
怯	怯	tɕʰie˨˩	tɕʰiɛ˨˩	
劫	劫	tɕʰie˨˩	tɕʰiɛ˨˩	
切	切	tɕʰie˨˩	tɕʰiɛ˨˩	文读
徹	彻	tɕʰie˨˩	tɕʰiɛ˨˩	曼~斯特
缺	缺	tɕʰie˨˩	tɕʰiɛ˨˩	
茄	茄	tɕʰie˨˩	tɕʰiɛ˨˩	
伽	伽	tɕʰie˨˩	tɕʰiɛ˨˩	~蓝寺
迦	迦	tɕʰie˨˩	tɕʰiɛ˨˩	~叶
瘸	瘸	tɕʰie˨˩	tɕʰiɛ˨˩	文读
闕	阙	tɕʰie˨˩	tɕʰiɛ˨˩	
啐	啐	tɕʰie˦˨	tɕʰiɛ˦˧	语气词，表示不服气
靴	靴	ɕie˥	ɕiɛ˦˥	
些	些	ɕie˥	ɕiɛ˦˥	
邪	邪	ɕie˨˩	ɕiɛ˨˩	
斜	斜	ɕie˨˩	ɕiɛ˨˩	
叶	叶	ɕie˨˩	ɕiɛ˨˩	佛教名称译音
協	协	ɕie˨˩	ɕiɛ˨˩	
㶸	㶸	ɕie˨˩	ɕiɛ˨˩	
燲	燲	ɕie˨˩	ɕiɛ˨˩	
熁	熁	ɕie˨˩	ɕiɛ˨˩	
脅	胁	ɕie˨˩	ɕiɛ˨˩	
纈	缬	ɕie˨˩	ɕiɛ˨˩	
薛	薛	ɕie˨˩	ɕiɛ˨˩	
歇	歇	ɕie˨˩	ɕiɛ˨˩	
蝎	蝎	ɕie˨˩	ɕiɛ˨˩	
爕	爕	ɕie˨˩	ɕiɛ˨˩	
燮	燮	ɕie˨˩	ɕiɛ˨˩	
夑	夑	ɕie˨˩	ɕiɛ˨˩	
㸉	㸉	ɕie˨˩	ɕiɛ˨˩	
𤏻	𤏻	ɕie˨˩	ɕiɛ˨˩	
屑	屑	ɕie˨˩	ɕiɛ˨˩	
削	削	ɕie˨˩	ɕiɛ˨˩	文读
雪	雪	ɕie˨˩	ɕiɛ˨˩	
血	血	ɕie˨˩	ɕiɛ˨˩	
穴	穴	ɕie˨˩	ɕiɛ˨˩	
洩	泄	ɕie˨˩	ɕiɛ˨˩	~气
楔	楔	ɕie˨˩	ɕiɛ˨˩	
隙	隙	ɕie˨˩	ɕiɛ˨˩	间~
寫	写	ɕie˦˨	ɕiɛ˦˧	
卸	卸	ɕie˩˧	ɕiɛ˨˦	
謝	谢	ɕie˩˧	ɕiɛ˨˦	
榭	榭	ɕie˩˧	ɕiɛ˨˦	
瀉	泻	ɕie˩˧	ɕiɛ˨˦	
洩	泄	ɕie˩˧	ɕiɛ˨˦	
葉	叶	ʑe˥	ʑɛ˦˥	茶~
耶	耶	ʑe˥	ʑɛ˦˥	
椰	椰	ʑe˥	ʑɛ˦˥	
抈	抈	ʑe˥	ʑɛ˦˥	
噦	哕	ʑe˥	ʑɛ˦˥	打干~
㖿	㖿	ʑe˥	ʑɛ˦˥	
爺	爷	ʑe˨˩	ʑɛ˨˩	
玡	玡	ʑe˨˩	ʑɛ˨˩	
琊	琊	ʑe˨˩	ʑɛ˨˩	
邪	邪	ʑe˨˩	ʑɛ˨˩	
頁	页	ʑe˨˩	ʑɛ˨˩	
葉	叶	ʑe˨˩	ʑɛ˨˩	
枼	枼	ʑe˨˩	ʑɛ˨˩	
曄	晔	ʑe˨˩	ʑɛ˨˩	
燁	烨	ʑe˨˩	ʑɛ˨˩	
悅	悦	ʑe˨˩	ʑɛ˨˩	
閱	阅	ʑe˨˩	ʑɛ˨˩	
月	月	ʑe˨˩	ʑɛ˨˩	
越	越	ʑe˨˩	ʑɛ˨˩	
曰	曰	ʑe˨˩	ʑɛ˨˩	
粵	粤	ʑe˨˩	ʑɛ˨˩	
噎	噎	ʑe˨˩	ʑɛ˨˩	
也	也	ʑe˦˨	ʑɛ˦˧	
野	野	ʑe˦˨	ʑɛ˦˧	
冶	冶	ʑe˦˨	ʑɛ˦˧	
噦	哕	ʑe˦˨	ʑɛ˦˧	
夜	夜	ʑe˩˧	ʑɛ˨˦	
吔	吔	ʑe˩˧	ʑɛ˨˦	
頹	颓	tʰue˨˩	tʰuɛ˨˩	白读
拙	拙	tsue˨˩	tsuɛ˨˩	
茁	茁	tsue˨˩	tsuɛ˨˩	
叕	叕	tsue˨˩	tsuɛ˨˩	
掇	掇	tsue˨˩	tsuɛ˨˩	
綴	缀	tsue˨˩	tsuɛ˨˩	
醊	醊	tsue˨˩	tsuɛ˨˩	
餟	餟	tsue˨˩	tsuɛ˨˩	
輟	辍	tsue˨˩	tsuɛ˨˩	
錣	錣	tsue˨˩	tsuɛ˨˩	
䞵	䞵	tsue˨˩	tsuɛ˨˩	
䟾	䟾	tsue˨˩	tsuɛ˨˩	
惙	惙	tsue˨˩	tsuɛ˨˩	
國	国	kue˨˩	kuɛ˨˩	
擴	扩	kʰue˨˩	kʰuɛ˨˩	
闊	阔	kʰue˨˩	kʰuɛ˨˩	
或	或	xue˨˩	xuɛ˨˩	
惑	惑	xue˨˩	xuɛ˨˩	
獲	获	xue˨˩	xuɛ˨˩	
穫	获	xue˨˩	xuɛ˨˩	
兒	儿	Øɚ˨˩	Øɛ˞˨˩	
而	而	Øɚ˨˩	Øɛ˞˨˩	文读
鴯	鸸	Øɚ˨˩	Øɛ˞˨˩	
馹	驲	Øɚ˨˩	Øɛ˞˨˩	
耳	耳	Øɚ˦˨	Øɛ˞˦˧	
餌	饵	Øɚ˦˨	Øɛ˞˦˧	
爾	尔	Øɚ˦˨	Øɛ˞˦˧	
邇	迩	Øɚ˦˨	Øɛ˞˦˧	理睬
二	二	Øɚ˩˧	Øɛ˞˨˦	文读
貳	贰	Øɚ˩˧	Øɛ˞˨˦	
貮	貮	Øɚ˩˧	Øɛ˞˨˦	
𧵸	𧵸	Øɚ˩˧	Øɛ˞˨˦	
㒃	㒃	Øɚ˩˧	Øɛ˞˨˦	
𠍎	𠍎	Øɚ˩˧	Øɛ˞˨˦	
嘟	嘟	tɕiu˥	tɕi̹u˦˥	肥~~
卒	卒	tɕiu˨˩	tɕi̹u˨˩	
誶	谇	tɕiu˨˩	tɕi̹u˨˩	
㰵	㰵	tɕiu˨˩	tɕi̹u˨˩	吮吸
啹	啹	tɕiu˨˩	tɕi̹u˨˩	即“㰵”
咀	咀	tɕiu˨˩	tɕi̹u˨˩	即“㰵”
橘	橘	tɕiu˨˩	tɕi̹u˨˩	
桔	桔	tɕiu˨˩	tɕi̹u˨˩	~子
槭	槭	tɕiu˨˩	tɕi̹u˨˩	
菊	菊	tɕiu˨˩	tɕi̹u˨˩	
鞠	鞠	tɕiu˨˩	tɕi̹u˨˩	
足	足	tɕiu˨˩	tɕi̹u˨˩	
局	局	tɕiu˨˩	tɕi̹u˨˩	
粥	粥	tɕiu˨˩	tɕi̹u˨˩	
黢	黢	tɕʰiu˥	tɕʰi̹u˦˥	
屈	屈	tɕʰiu˨˩	tɕʰi̹u˨˩	
倔	倔	tɕʰiu˨˩	tɕʰi̹u˨˩	
崛	崛	tɕʰiu˨˩	tɕʰi̹u˨˩	
掘	掘	tɕʰiu˨˩	tɕʰi̹u˨˩	
族	族	tɕʰiu˨˩	tɕʰi̹u˨˩	
簇	簇	tɕʰiu˨˩	tɕʰi̹u˨˩	
𢲢	𢲢	tɕʰiu˨˩	tɕʰi̹u˨˩	即“捽”
捽	捽	tɕʰiu˨˩	tɕʰi̹u˨˩	用力擦拭
猝	猝	tɕʰiu˨˩	tɕʰi̹u˨˩	仓~
促	促	tɕʰiu˨˩	tɕʰi̹u˨˩	仓~
曲	曲	tɕʰiu˨˩	tɕʰi̹u˨˩	
蛐	蛐	tɕʰiu˨˩	tɕʰi̹u˨˩	~蟮，即蚯蚓
渠	渠	tɕʰiu˨˩	tɕʰi̹u˨˩	水~
束	束	ɕiu˨˩	ɕi̹u˨˩	
速	速	ɕiu˨˩	ɕi̹u˨˩	
觫	觫	ɕiu˨˩	ɕi̹u˨˩	
粟	粟	ɕiu˨˩	ɕi̹u˨˩	
宿	宿	ɕiu˨˩	ɕi̹u˨˩	
畜	畜	ɕiu˨˩	ɕi̹u˨˩	
蓄	蓄	ɕiu˨˩	ɕi̹u˨˩	
俗	俗	ɕiu˨˩	ɕi̹u˨˩	
續	续	ɕiu˨˩	ɕi̹u˨˩	
贖	赎	ɕiu˨˩	ɕi̹u˨˩	
旭	旭	ɕiu˨˩	ɕi̹u˨˩	
戍	戍	ɕiu˨˩	ɕi̹u˨˩	~守
戌	戌	ɕiu˨˩	ɕi̹u˨˩	
鬱	郁	ʑu˨˩	ʑu˨˩	
郁	郁	ʑu˨˩	ʑu˨˩	
域	域	ʑu˨˩	ʑu˨˩	
彧	彧	ʑu˨˩	ʑu˨˩	
役	役	ʑu˨˩	ʑu˨˩	
疫	疫	ʑu˨˩	ʑu˨˩	
育	育	ʑu˨˩	ʑu˨˩	
獄	狱	ʑu˨˩	ʑu˨˩	
慾	欲	ʑu˨˩	ʑu˨˩	
浴	浴	ʑu˨˩	ʑu˨˩	
毓	毓	ʑu˨˩	ʑu˨˩	
如	如	ʑu˨˩	ʑu˨˩	譬~
尤	尤	ʑu˨˩	ʑu˨˩	蚩~
油	油	ʑu˨˩	ʑu˨˩	老~子
拜	拜	pai˥	pɐɛ˦˥	~~，再见
𨃅	𨃅	pai˥	pɐɛ˦˥	即“跛”
跛	跛	pai˥	pɐɛ˦˥	
擺	摆	pai˦˨	pɐɛ˦˧	
百	百	pai˦˨	pɐɛ˦˧	老~夷，即傣族
拜	拜	pai˩˧	pɐɛ˨˦	
敗	败	pai˩˧	pɐɛ˨˦	
稗	稗	pai˩˧	pɐɛ˨˦	
別	别	pai˩˧	pɐɛ˨˦	白读，即“嫑”
牌	牌	pʰai˥	pʰɐɛ˦˥	“跳板”游戏中的石子
排	排	pʰai˨˩	pʰɐɛ˨˩	
徘	徘	pʰai˨˩	pʰɐɛ˨˩	
牌	牌	pʰai˨˩	pʰɐɛ˨˩	
丕	丕	pʰai˦˨	pʰɐɛ˦˧	双手侧平举时中指尖之间距离，约1.7米；一字排开；实~~，指真实存在
派	派	pʰai˩˧	pʰɐɛ˨˦	
魄	魄	pʰai˩˧	pʰɐɛ˨˦	~头
埋	埋	mai˨˩	mᵇɐɛ˨˩	
麥	麦	mai˨˩	mᵇɐɛ˨˩	烧~
買	买	mai˦˨	mᵇɐɛ˦˧	
賣	卖	mai˩˧	mᵇɐɛ˨˦	
邁	迈	mai˩˧	mᵇɐɛ˨˦	
獃	呆	tai˥	tɐɛ˦˥	
逮	逮	tai˨˩	tɐɛ˨˩	白读
歹	歹	tai˦˨	tɐɛ˦˧	
逮	逮	tai˦˨	tɐɛ˦˧	拉扯
捸	捸	tai˦˨	tɐɛ˦˧	即“逮”
戴	戴	tai˩˧	tɐɛ˨˦	
帶	带	tai˩˧	tɐɛ˨˦	
待	待	tai˩˧	tɐɛ˨˦	
怠	怠	tai˩˧	tɐɛ˨˦	
殆	殆	tai˩˧	tɐɛ˨˦	
代	代	tai˩˧	tɐɛ˨˦	
袋	袋	tai˩˧	tɐɛ˨˦	
貸	贷	tai˩˧	tɐɛ˨˦	
大	大	tai˩˧	tɐɛ˨˦	~夫；山~王
在	在	tai˩˧	tɐɛ˨˦	白读
胎	胎	tʰai˥	tɐɛ˨˦	
抬	抬	tʰai˥	tʰɐɛ˦˥	~乒乓球
奤	奤	tʰai˥	tʰɐɛ˦˥	说话做事不动脑子，言行鲁莽
台	台	tʰai˨˩	tʰɐɛ˨˩	
苔	苔	tʰai˨˩	tʰɐɛ˨˩	
抬	抬	tʰai˨˩	tʰɐɛ˨˩	
才	才	tʰai˨˩	tʰɐɛ˨˩	白读
大	大	tʰai˦˨	tʰɐɛ˦˧	白读
太	太	tʰai˩˧	tʰɐɛ˨˦	
態	态	tʰai˩˧	tʰɐɛ˨˦	
泰	泰	tʰai˩˧	tʰɐɛ˨˦	
奶	奶	lai˥	lɐɛ˦˥	~~，旧时被晚辈以此称呼祖母的，一般身份为妾；乳房
來	来	lai˨˩	lɐɛ˨˩	文读
淶	涞	lai˨˩	lɐɛ˨˩	
唻	唻	lai˨˩	lɐɛ˨˩	
萊	莱	lai˨˩	lɐɛ˨˩	
奶	奶	lai˨˩	lɐɛ˨˩	姑~，对女儿或女友的爱称
乃	乃	lai˦˨	lɐɛ˦˧	
奶	奶	lai˦˨	lɐɛ˦˧	
耐	耐	lai˩˧	lɐɛ˨˦	
奈	奈	lai˩˧	lɐɛ˨˦	
萘	萘	lai˩˧	lɐɛ˨˦	
賴	赖	lai˩˧	lɐɛ˨˦	
瀨	濑	lai˩˧	lɐɛ˨˦	
籟	籁	lai˩˧	lɐɛ˨˦	
癩	癞	lai˩˧	lɐɛ˨˦	
睞	睐	lai˩˧	lɐɛ˨˦	
災	灾	tsai˥	tsɐɛ˦˥	
甾	甾	tsai˥	tsɐɛ˦˥	
栽	栽	tsai˥	tsɐɛ˦˥	文读
齋	斋	tsai˥	tsɐɛ˦˥	
崽	崽	tsai˨˩	tsɐɛ˨˩	~哦，语气词，相当于“天哪”
宰	宰	tsai˦˨	tsɐɛ˦˧	
崽	崽	tsai˦˨	tsɐɛ˦˧	
仔	仔	tsai˦˨	tsɐɛ˦˧	
載	载	tsai˩˧	tsɐɛ˨˦	
在	在	tsai˩˧	tsɐɛ˨˦	文读
再	再	tsai˩˧	tsɐɛ˨˦	
債	债	tsai˩˧	tsɐɛ˨˦	
寨	寨	tsai˩˧	tsɐɛ˨˦	
㩟	㩟	tsai˩˧	tsɐɛ˨˦	
眥	眦	tsai˩˧	tsɐɛ˨˦	
猜	猜	tsʰai˥	tsʰɐɛ˦˥	
搋	搋	tsʰai˥	tsʰɐɛ˦˥	
釵	钗	tsʰai˥	tsʰɐɛ˦˥	
差	差	tsʰai˥	tsʰɐɛ˦˥	出~
才	才	tsʰai˨˩	tsʰɐɛ˨˩	文读
財	财	tsʰai˨˩	tsʰɐɛ˨˩	
㒲	㒲	tsʰai˨˩	tsʰɐɛ˨˩	
裁	裁	tsʰai˨˩	tsʰɐɛ˨˩	
豺	豺	tsʰai˨˩	tsʰɐɛ˨˩	
柴	柴	tsʰai˨˩	tsʰɐɛ˨˩	
採	采	tsʰai˦˨	tsʰɐɛ˦˧	
睬	睬	tsʰai˦˨	tsʰɐɛ˦˧	
踩	踩	tsʰai˦˨	tsʰɐɛ˦˧	
彩	彩	tsʰai˦˨	tsʰɐɛ˦˧	
寀	寀	tsʰai˦˨	tsʰɐɛ˦˧	
菜	菜	tsʰai˩˧	tsʰɐɛ˨˦	
蔡	蔡	tsʰai˩˧	tsʰɐɛ˨˦	
腮	腮	sai˥	sɐɛ˦˥	
篩	筛	sai˥	sɐɛ˦˥	
塞	塞	sai˥	sɐɛ˦˥	支垫
塞	塞	sai˩˧	sɐɛ˨˦	要~
賽	赛	sai˩˧	sɐɛ˨˦	
曬	晒	sai˩˧	sɐɛ˨˦	
解	解	sai˩˧	sɐɛ˨˦	姓氏；浑身~数
懈	懈	sai˩˧	sɐɛ˨˦	
邂	邂	sai˩˧	sɐɛ˨˦	
獬	獬	sai˩˧	sɐɛ˨˦	
蟹	蟹	sai˩˧	sɐɛ˨˦	
廨	廨	sai˩˧	sɐɛ˨˦	
𪠘	𪠘	sai˩˧	sɐɛ˨˦	
該	该	kai˥	kɐɛ˦˥	
街	街	kai˥	kɐɛ˦˥	
皆	皆	kai˥	kɐɛ˦˥	
階	阶	kai˥	kɐɛ˦˥	
偕	偕	kai˥	kɐɛ˦˥	宠辱~忘
媘	媘	kai˥	kɐɛ˦˥	
蝔	蝔	kai˥	kɐɛ˦˥	
堦	堦	kai˥	kɐɛ˦˥	
稭	稭	kai˥	kɐɛ˦˥	
改	改	kai˦˨	kɐɛ˦˧	
解	解	kai˦˨	kɐɛ˦˧	
解	解	kai˩˧	kɐɛ˨˦	~元；押~
蓋	盖	kai˩˧	kɐɛ˨˦	
丐	丐	kai˩˧	kɐɛ˨˦	
介	介	kai˩˧	kɐɛ˨˦	
玠	玠	kai˩˧	kɐɛ˨˦	
蚧	蚧	kai˩˧	kɐɛ˨˦	
芥	芥	kai˩˧	kɐɛ˨˦	
界	界	kai˩˧	kɐɛ˨˦	
堺	堺	kai˩˧	kɐɛ˨˦	
疥	疥	kai˩˧	kɐɛ˨˦	
屆	届	kai˩˧	kɐɛ˨˦	
戒	戒	kai˩˧	kɐɛ˨˦	
械	械	kai˩˧	kɐɛ˨˦	
誡	诫	kai˩˧	kɐɛ˨˦	
開	开	kʰai˥	kʰɐɛ˦˥	
揩	揩	kʰai˥	kʰɐɛ˦˥	
凱	凯	kʰai˦˨	kʰɐɛ˦˧	
剴	剀	kʰai˦˨	kʰɐɛ˦˧	
愷	恺	kʰai˦˨	kʰɐɛ˦˧	
塏	垲	kʰai˦˨	kʰɐɛ˦˧	
鎧	铠	kʰai˦˨	kʰɐɛ˦˧	
楷	楷	kʰai˦˨	kʰɐɛ˦˧	
鍇	锴	kʰai˦˨	kʰɐɛ˦˧	
蒈	蒈	kʰai˦˨	kʰɐɛ˦˧	
概	概	kʰai˩˧	kʰɐɛ˨˦	
慨	慨	kʰai˩˧	kʰɐɛ˨˦	
溉	溉	kʰai˩˧	kʰɐɛ˨˦	
哀	哀	ŋai˥	ŋᶢɐɛ˦˥	
埃	埃	ŋai˥	ŋᶢɐɛ˦˥	
挨	挨	ŋai˥	ŋᶢɐɛ˦˥	~着
崖	崖	ŋai˨˩	ŋᶢɐɛ˨˩	
捱	捱	ŋai˨˩	ŋᶢɐɛ˨˩	~时间
涯	涯	ŋai˨˩	ŋᶢɐɛ˨˩	天~海角
睚	睚	ŋai˨˩	ŋᶢɐɛ˨˩	
癌	癌	ŋai˨˩	ŋᶢɐɛ˨˩	
岩	岩	ŋai˨˩	ŋᶢɐɛ˨˩	
磑	硙	ŋai˨˩	ŋᶢɐɛ˨˩	
獃	呆	ŋai˨˩	ŋᶢɐɛ˨˩	~板
額	额	ŋai˨˩	ŋᶢɐɛ˨˩	~颅，即额头
挨	挨	ŋai˨˩	ŋᶢɐɛ˨˩	~打
騃	騃	ŋai˨˩	ŋᶢɐɛ˨˩	
唉	唉	ŋai˨˩	ŋᶢɐɛ˨˩	~声叹气
矮	矮	ŋai˦˨	ŋᶢɐɛ˦˧	
欸	欸	ŋai˦˨	ŋᶢɐɛ˦˧	文读
皑	皑	ŋai˦˨	ŋᶢɐɛ˦˧	
毐	毐	ŋai˦˨	ŋᶢɐɛ˦˧	
礙	碍	ŋai˩˧	ŋᶢɐɛ˨˦	
艾	艾	ŋai˩˧	ŋᶢɐɛ˨˦	
愛	爱	ŋai˩˧	ŋᶢɐɛ˨˦	
靄	霭	ŋai˩˧	ŋᶢɐɛ˨˦	
藹	蔼	ŋai˩˧	ŋᶢɐɛ˨˦	
隘	隘	ŋai˩˧	ŋᶢɐɛ˨˦	
嗨	嗨	xai˥	xɐɛ˦˥	
咍	咍	xai˥	xɐɛ˦˥	
害	害	xai˥	xɐɛ˦˥	~怕
酣	酣	xai˥	xɐɛ˦˥	狼吞虎咽
奒	奒	xai˥	xɐɛ˦˥	即“大”
許	许	xai˥	xɐɛ˦˥	~多、~扯，表示非常
孩	孩	xai˨˩	xɐɛ˨˩	
骸	骸	xai˨˩	xɐɛ˨˩	
鞋	鞋	xai˨˩	xɐɛ˨˩	
偕	偕	xai˨˩	xɐɛ˨˩	
諧	谐	xai˨˩	xɐɛ˨˩	
還	还	xai˨˩	xɐɛ˨˩	白读一
海	海	xai˦˨	xɐɛ˦˧	
蟹	蟹	xai˦˨	xɐɛ˦˧	螃~
哈	哈	xai˦˨	xɐɛ˦˧	~巴狗
亥	亥	xai˩˧	xɐɛ˨˦	
害	害	xai˩˧	xɐɛ˨˦	
妎	妎	xai˩˧	xɐɛ˨˦	
鼾	鼾	xai˩˧	xɐɛ˨˦	打喝~
哎	哎	Øai˥	Øɐɛ˦˥	~哟，表示惊讶
唉	唉	Øai˨˩	Øɐɛ˨˩	叹气声；~哟，表示无奈
哎	哎	Øai˨˩	Øɐɛ˨˩	~呀
哎	哎	Øai˦˨	Øɐɛ˦˧	~哟，表示疼痛
瀣	瀣	ɕiai˩˧	ɕiɐɛ˨˦	
㒠	㒠	ɕiai˩˧	ɕiɐɛ˨˦	
𠏪	𠏪	ɕiai˩˧	ɕiɐɛ˨˦	
韰	韰	ɕiai˩˧	ɕiɐɛ˨˦	
䪥	䪥	ɕiai˩˧	ɕiɐɛ˨˦	
薤	薤	ɕiai˩˧	ɕiɐɛ˨˦	~白，即蕌头
栽	栽	tsuai˥	tsuɐɛ˦˥	白读
睉	睉	tsuai˥	tsuɐɛ˦˥	
臜	臜	tsuai˥	tsuɐɛ˦˥	腌~
剟	剟	tsuai˨˩	tsuɐɛ˨˩	白读
啜	啜	tsuai˨˩	tsuɐɛ˨˩	姓氏
拙	拙	tsuai˨˩	tsuɐɛ˨˩	笨~
茁	茁	tsuai˨˩	tsuɐɛ˨˩	~实
轉	转	tsuai˦˨	tsuɐɛ˦˧	~文
跩	跩	tsuai˦˨	tsuɐɛ˦˧	文读
撮	撮	tsuai˦˨	tsuɐɛ˦˧	一小~
啜	啜	tsuai˦˨	tsuɐɛ˦˧	皮皮~~，即果皮纸屑
拽	拽	tsuai˩˧	tsuɐɛ˨˦	
揣	揣	tsʰuai˥	tsʰuɐɛ˦˥	~荷包；特指小偷小摸
揣	揣	tsʰuai˦˨	tsʰuɐɛ˦˧	
踹	踹	tsʰuai˦˨	tsʰuɐɛ˦˧	
喘	喘	tsʰuai˦˨	tsʰuɐɛ˦˧	白读
𧍒	𧍒	tsʰuai˦˨	tsʰuɐɛ˦˧	
虿	虿	tsʰuai˩˧	tsʰuɐɛ˨˦	
嘬	嘬	tsʰuai˩˧	tsʰuɐɛ˨˦	
衰	衰	suai˥	suɐɛ˦˥	
摔	摔	suai˥	suɐɛ˦˥	
甩	甩	suai˦˨	suɐɛ˦˧	
帥	帅	suai˩˧	suɐɛ˨˦	
轉	转	suai˩˧	suɐɛ˨˦	敲壳~，系指将食指中指弯曲，用其关节敲打头部，是旧时长辈对晚辈常用的惩戒手段
乖	乖	kuai˥	kuɐɛ˦˥	
瘸	瘸	kuai˨˩	kuɐɛ˨˩	白读
拐	拐	kuai˦˨	kuɐɛ˦˧	
踝	踝	kuai˦˨	kuɐɛ˦˧	
燬	燬	kuai˦˨	kuɐɛ˦˧	完蛋
怪	怪	kuai˩˧	kuɐɛ˨˦	
傀	傀	kʰuai˦˨	kʰuɐɛ˦˧	
塊	块	kʰuai˦˨	kʰuɐɛ˦˧	
炔	炔	kʰuai˦˨	kʰuɐɛ˦˧	
蒯	蒯	kʰuai˦˨	kʰuɐɛ˦˧	
快	快	kʰuai˩˧	kʰuɐɛ˨˦	
筷	筷	kʰuai˩˧	kʰuɐɛ˨˦	
會	会	kʰuai˩˧	kʰuɐɛ˨˦	~计
檜	桧	kʰuai˩˧	kʰuɐɛ˨˦	
劊	刽	kʰuai˩˧	kʰuɐɛ˨˦	
歡	欢	xuai˥	xuɐɛ˦˥	~喜，指高兴
懷	怀	xuai˨˩	xuɐɛ˨˩	
槐	槐	xuai˨˩	xuɐɛ˨˩	
淮	淮	xuai˨˩	xuɐɛ˨˩	
或	或	xuai˨˩	xuɐɛ˨˩	~者
惑	惑	xuai˨˩	xuɐɛ˨˩	疑~
壞	坏	xuai˩˧	xuɐɛ˨˦	
歪	歪	wai˥	wɐɛ˦˥	
𨂿	𨂿	wai˥	wɐɛ˦˥	跩
腌	腌	wai˥	wɐɛ˦˥	~臜
懷	怀	wai˨˩	wɐɛ˨˩	很大
崴	崴	wai˦˨	wɐɛ˦˧	
歪	歪	wai˦˨	wɐɛ˦˧	~货
外	外	wai˩˧	wɐɛ˨˦	
背	背	pei˥	pɘi˦˥	
杯	杯	pei˥	pɘi˦˥	
盃	盃	pei˥	pɘi˦˥	
桮	桮	pei˥	pɘi˦˥	
卑	卑	pei˥	pɘi˦˥	
碑	碑	pei˥	pɘi˦˥	
陂	陂	pei˥	pɘi˦˥	
悲	悲	pei˥	pɘi˦˥	
俾	俾	pei˦˨	pɘi˦˧	
裨	裨	pei˦˨	pɘi˦˧	
背	背	pei˩˧	pɘi˨˦	
輩	辈	pei˩˧	pɘi˨˦	
費	费	pei˩˧	pɘi˨˦	姓氏
貝	贝	pei˩˧	pɘi˨˦	
呗	呗	pei˩˧	pɘi˨˦	文读
倍	倍	pei˩˧	pɘi˨˦	
焙	焙	pei˩˧	pɘi˨˦	
碚	碚	pei˩˧	pɘi˨˦	
蓓	蓓	pei˩˧	pɘi˨˦	
備	备	pei˩˧	pɘi˨˦	预~
被	被	pei˩˧	pɘi˨˦	~窝
臂	臂	pei˩˧	pɘi˨˦	
鐾	鐾	pei˩˧	pɘi˨˦	
避	避	pei˩˧	pɘi˨˦	~开
閉	闭	pei˩˧	pɘi˨˦	嘴巴~着
敝	敝	pei˩˧	pɘi˨˦	
蔽	蔽	pei˩˧	pɘi˨˦	
幣	币	pei˩˧	pɘi˨˦	白读
陛	陛	pei˩˧	pɘi˨˦	
婢	婢	pei˩˧	pɘi˨˦	
泌	泌	pei˩˧	pɘi˨˦	人名
秘	秘	pei˩˧	pɘi˨˦	
祕	祕	pei˩˧	pɘi˨˦	
袐	袐	pei˩˧	pɘi˨˦	
柲	柲	pei˩˧	pɘi˨˦	
苾	苾	pei˩˧	pɘi˨˦	
批	批	pʰei˥	pʰɘi˦˥	
披	披	pʰei˥	pʰɘi˦˥	
帔	帔	pʰei˥	pʰɘi˦˥	
柸	柸	pʰei˥	pʰɘi˦˥	
胚	胚	pʰei˥	pʰɘi˦˥	
坯	坯	pʰei˥	pʰɘi˦˥	
岯	岯	pʰei˥	pʰɘi˦˥	
邳	邳	pʰei˥	pʰɘi˦˥	
培	培	pʰei˨˩	pʰɘi˨˩	
陪	陪	pʰei˨˩	pʰɘi˨˩	
賠	赔	pʰei˨˩	pʰɘi˨˩	
焙	焙	pʰei˨˩	pʰɘi˨˩	烘~
裴	裴	pʰei˨˩	pʰɘi˨˩	
丕	丕	pʰei˦˨	pʰɘi˦˧	
呸	呸	pʰei˦˨	pʰɘi˦˧	
抔	抔	pʰei˦˨	pʰɘi˦˧	
比	比	pʰei˦˨	pʰɘi˦˧	~个较；~一下
沛	沛	pʰei˩˧	pʰɘi˨˦	
配	配	pʰei˩˧	pʰɘi˨˦	
佩	佩	pʰei˩˧	pʰɘi˨˦	
譬	譬	pʰei˩˧	pʰɘi˨˦	
沒	没	mei˥	mᵇɘi˦˥	~得
未	未	mei˥	mᵇɘi˦˥	即“没”
梅	梅	mei˨˩	mᵇɘi˨˩	
玫	玫	mei˨˩	mᵇɘi˨˩	
枚	枚	mei˨˩	mᵇɘi˨˩	
媒	媒	mei˨˩	mᵇɘi˨˩	
煤	煤	mei˨˩	mᵇɘi˨˩	
霉	霉	mei˨˩	mᵇɘi˨˩	
眉	眉	mei˨˩	mᵇɘi˨˩	
湄	湄	mei˨˩	mᵇɘi˨˩	
彌	弥	mei˨˩	mᵇɘi˨˩	~补
𡄣	𠵸	mei˨˩	mᵇɘi˨˩	
迷	迷	mei˨˩	mᵇɘi˨˩	~信；低~
𠺗	𠺗	mei˨˩	mᵇɘi˨˩	
咪	咪	mei˨˩	mᵇɘi˨˩	六字真言读音
糜	糜	mei˨˩	mᵇɘi˨˩	~烂；扎~子，表示合伙骗人
美	美	mei˦˨	mᵇɘi˦˧	
每	每	mei˦˨	mᵇɘi˦˧	
靡	靡	mei˦˨	mᵇɘi˦˧	萎~；~~之音
浼	浼	mei˦˨	mᵇɘi˦˧	
沒	没	mei˦˨	mᵇɘi˦˧	~有
未	未	mei˦˨	mᵇɘi˦˧	即“没”
妹	妹	mei˩˧	mᵇɘi˨˦	文读
沬	沬	mei˩˧	mᵇɘi˨˦	
沫	沫	mei˩˧	mᵇɘi˨˦	郭~若
寐	寐	mei˩˧	mᵇɘi˨˦	
魅	魅	mei˩˧	mᵇɘi˨˦	
媚	媚	mei˩˧	mᵇɘi˨˦	
飛	飞	fei˥	fɘi˦˥	
非	非	fei˥	fɘi˦˥	
緋	绯	fei˥	fɘi˦˥	
菲	菲	fei˥	fɘi˦˥	
斐	斐	fei˥	fɘi˦˥	姓氏
扉	扉	fei˥	fɘi˦˥	
妃	妃	fei˥	fɘi˦˥	
肥	肥	fei˨˩	fɘi˨˩	
回	回	fei˨˩	fɘi˨˩	~锅肉
菲	菲	fei˦˨	fɘi˦˧	
匪	匪	fei˦˨	fɘi˦˧	
翡	翡	fei˦˨	fɘi˦˧	
斐	斐	fei˦˨	fɘi˦˧	
廢	废	fei˩˧	fɘi˨˦	
肺	肺	fei˩˧	fɘi˨˦	
費	费	fei˩˧	fɘi˨˦	
疿	痱	fei˩˧	fɘi˨˦	
俷	俷	fei˩˧	fɘi˨˦	调皮
吠	吠	fei˩˧	fɘi˨˦	
腿	腿	tʰei˦˨	tʰɘi˦˧	撒胯撒~，指穿着凌乱不注意形象
的	的	lei˥	l̃ɘi˦˥	白读
地	地	lei˥	l̃ɘi˦˥	同“的”
㞢	㞢	lei˥	l̃ɘi˦˥	同“的”
噯	嗳	Øei˦˨	Øɘi˦˧	应答语气词
𠀾	𠀾	puei˩˧	puɘi˨˦	“不会”的合音
堆	堆	tuei˥	tuɘi˦˥	
躉	趸	tuei˦˨	tuɘi˦˧	
䇏	䇏	tuei˦˨	tuɘi˦˧	
㨃	㨃	tuei˦˨	tuɘi˦˧	
兌	兑	tuei˩˧	tuɘi˨˦	
對	对	tuei˩˧	tuɘi˨˦	文读
懟	怼	tuei˩˧	tuɘi˨˦	
隊	队	tuei˩˧	tuɘi˨˦	
𩐌	𩐌	tuei˩˧	tuɘi˨˦	藠头
碓	碓	tuei˩˧	tuɘi˨˦	
推	推	tʰuei˥	tʰuɘi˦˥	
頹	颓	tʰuei˨˩	tʰuɘi˨˩	文读
腿	腿	tʰuei˦˨	tʰuɘi˦˧	
退	退	tʰuei˩˧	tʰuɘi˨˦	
褪	褪	tʰuei˩˧	tʰuɘi˨˦	
追	追	luei˥	luɘi˦˥	白读
雷	雷	luei˨˩	luɘi˨˩	
擂	擂	luei˨˩	luɘi˨˩	
蕾	蕾	luei˨˩	luɘi˨˩	
餒	馁	luei˦˨	luɘi˦˧	
浽	浽	luei˦˨	luɘi˦˧	
累	累	luei˦˨	luɘi˦˧	~计；积~
儡	儡	luei˦˨	luɘi˦˧	
壘	垒	luei˦˨	luɘi˦˧	
呂	吕	luei˦˨	luɘi˦˧	
侶	侣	luei˦˨	luɘi˦˧	
捛	捛	luei˦˨	luɘi˦˧	
鋁	铝	luei˦˨	luɘi˦˧	
梠	梠	luei˦˨	luɘi˦˧	
稆	稆	luei˦˨	luɘi˦˧	
屢	屡	luei˦˨	luɘi˦˧	
內	内	luei˩˧	luɘi˨˦	
耒	耒	luei˩˧	luɘi˨˦	
累	累	luei˩˧	luɘi˨˦	
慮	虑	luei˩˧	luɘi˨˦	
濾	滤	luei˩˧	luɘi˨˦	
類	类	luei˩˧	luɘi˨˦	
淚	泪	luei˩˧	luɘi˨˦	
追	追	tsuei˥	tsuɘi˦˥	文读
錐	锥	tsuei˥	tsuɘi˦˥	
椎	椎	tsuei˥	tsuɘi˦˥	
賊	贼	tsuei˨˩	tsuɘi˨˩	白读
嘴	嘴	tsuei˦˨	tsuɘi˦˧	
咀	咀	tsuei˦˨	tsuɘi˦˧	
罪	罪	tsuei˩˧	tsuɘi˨˦	
最	最	tsuei˩˧	tsuɘi˨˦	
贅	赘	tsuei˩˧	tsuɘi˨˦	
墜	坠	tsuei˩˧	tsuɘi˨˦	
醉	醉	tsuei˩˧	tsuɘi˨˦	
催	催	tsʰuei˥	tsʰuɘi˦˥	
崔	崔	tsʰuei˥	tsʰuɘi˦˥	
吹	吹	tsʰuei˥	tsʰuɘi˦˥	
炊	炊	tsʰuei˥	tsʰuɘi˦˥	
趨	趋	tsʰuei˥	tsʰuɘi˦˥	~使
垂	垂	tsʰuei˨˩	tsʰuɘi˨˩	
錘	锤	tsʰuei˨˩	tsʰuɘi˨˩	
捶	捶	tsʰuei˨˩	tsʰuɘi˨˩	
椎	椎	tsʰuei˨˩	tsʰuɘi˨˩	
槌	槌	tsʰuei˨˩	tsʰuɘi˨˩	
脆	脆	tsʰuei˩˧	tsʰuɘi˨˦	
𤭢	𤭢	tsʰuei˩˧	tsʰuɘi˨˦	出现缺口或裂痕
碎	碎	tsʰuei˩˧	tsʰuɘi˨˦	~花
粹	粹	tsʰuei˩˧	tsʰuɘi˨˦	
悴	悴	tsʰuei˩˧	tsʰuɘi˨˦	
淬	淬	tsʰuei˩˧	tsʰuɘi˨˦	
啐	啐	tsʰuei˩˧	tsʰuɘi˨˦	
翠	翠	tsʰuei˩˧	tsʰuɘi˨˦	
萃	萃	tsʰuei˩˧	tsʰuɘi˨˦	
瘁	瘁	tsʰuei˩˧	tsʰuɘi˨˦	
雖	虽	suei˥	suɘi˦˥	
睢	睢	suei˥	suɘi˦˥	
尿	尿	suei˥	suɘi˦˥	~脬眼，指眼睛脬肿不堪；淌猫~，对轻易哭泣的嘲讽
隨	随	suei˨˩	suɘi˨˩	
隋	隋	suei˨˩	suɘi˨˩	
誰	谁	suei˨˩	suɘi˨˩	
水	水	suei˦˨	suɘi˦˧	
髓	髓	suei˦˨	suɘi˦˧	
嶲	嶲	suei˦˨	suɘi˦˧	
碎	碎	suei˩˧	suɘi˨˦	
誶	谇	suei˩˧	suɘi˨˦	嘴巴~，指话多藏不住事或脏话连篇
賥	賥	suei˩˧	suɘi˨˦	
歲	岁	suei˩˧	suɘi˨˦	
祟	祟	suei˩˧	suɘi˨˦	
稅	税	suei˩˧	suɘi˨˦	
睡	睡	suei˩˧	suɘi˨˦	
瑞	瑞	suei˩˧	suɘi˨˦	
遂	遂	suei˩˧	suɘi˨˦	
隧	隧	suei˩˧	suɘi˨˦	
燧	燧	suei˩˧	suɘi˨˦	
邃	邃	suei˩˧	suɘi˨˦	
絮	絮	suei˩˧	suɘi˨˦	棉~
緌	緌	zuei˨˩	zuɘi˨˩	
銳	锐	zuei˩˧	zuɘi˨˦	
睿	睿	zuei˩˧	zuɘi˨˦	
蕊	蕊	zuei˩˧	zuɘi˨˦	
芮	芮	zuei˩˧	zuɘi˨˦	
圭	圭	kuei˥	kuɘi˦˥	
閨	闺	kuei˥	kuɘi˦˥	
規	规	kuei˥	kuɘi˦˥	
龜	龟	kuei˥	kuɘi˦˥	
晷	晷	kuei˥	kuɘi˦˥	
皈	皈	kuei˥	kuɘi˦˥	
歸	归	kuei˥	kuɘi˦˥	
詭	诡	kuei˦˨	kuɘi˦˧	
軌	轨	kuei˦˨	kuɘi˦˧	
鬼	鬼	kuei˦˨	kuɘi˦˧	
鱖	鳜	kuei˩˧	kuɘi˨˦	
桂	桂	kuei˩˧	kuɘi˨˦	
跪	跪	kuei˩˧	kuɘi˨˦	
癸	癸	kuei˩˧	kuɘi˨˦	
炅	炅	kuei˩˧	kuɘi˨˦	姓氏
炔	炔	kuei˩˧	kuɘi˨˦	姓氏
貴	贵	kuei˩˧	kuɘi˨˦	
櫃	柜	kuei˩˧	kuɘi˨˦	
瑰	瑰	kuei˩˧	kuɘi˨˦	
歸	归	kuei˩˧	kuɘi˨˦	~~也，即杜鹃鸟
盔	盔	kʰuei˥	kʰuɘi˦˥	
巋	岿	kʰuei˥	kʰuɘi˦˥	
魁	魁	kʰuei˥	kʰuɘi˦˥	
虧	亏	kʰuei˥	kʰuɘi˦˥	
奎	奎	kʰuei˨˩	kʰuɘi˨˩	
逵	逵	kʰuei˨˩	kʰuɘi˨˩	
葵	葵	kʰuei˨˩	kʰuɘi˨˩	
夔	夔	kʰuei˨˩	kʰuɘi˨˩	
窺	窥	kʰuei˦˨	kʰuɘi˦˧	
跪	跪	kʰuei˦˨	kʰuɘi˦˧	手肘反过来靠在桌缘
跬	跬	kʰuei˦˨	kʰuɘi˦˧	
潰	溃	kʰuei˩˧	kʰuɘi˨˦	
饋	馈	kʰuei˩˧	kʰuɘi˨˦	
聵	聩	kʰuei˩˧	kʰuɘi˨˦	
愧	愧	kʰuei˩˧	kʰuɘi˨˦	
灰	灰	xuei˥	xuɘi˦˥	
麾	麾	xuei˥	xuɘi˦˥	
輝	辉	xuei˥	xuɘi˦˥	
揮	挥	xuei˥	xuɘi˦˥	
徽	徽	xuei˥	xuɘi˦˥	
睢	睢	xuei˥	xuɘi˦˥	
隳	隳	xuei˥	xuɘi˦˥	
囘	囘	xuei˨˩	xuɘi˨˩	
回	回	xuei˨˩	xuɘi˨˩	
徊	徊	xuei˨˩	xuɘi˨˩	
茴	茴	xuei˨˩	xuɘi˨˩	
悔	悔	xuei˦˨	xuɘi˦˧	
晦	晦	xuei˦˨	xuɘi˦˧	
毀	毁	xuei˦˨	xuɘi˦˧	
賄	贿	xuei˩˧	xuɘi˨˦	
匯	汇	xuei˩˧	xuɘi˨˦	
彙	汇	xuei˩˧	xuɘi˨˦	
會	会	xuei˩˧	xuɘi˨˦	
繪	绘	xuei˩˧	xuɘi˨˦	
彗	彗	xuei˩˧	xuɘi˨˦	
慧	慧	xuei˩˧	xuɘi˨˦	
惠	惠	xuei˩˧	xuɘi˨˦	
穗	穗	xuei˩˧	xuɘi˨˦	
穂	穂	xuei˩˧	xuɘi˨˦	
穟	穟	xuei˩˧	xuɘi˨˦	
𥠂	𥠂	xuei˩˧	xuɘi˨˦	
𥢁	𥢁	xuei˩˧	xuɘi˨˦	
𦼯	𦼯	xuei˩˧	xuɘi˨˦	
穢	秽	xuei˩˧	xuɘi˨˦	
諱	讳	xuei˩˧	xuɘi˨˦	
卉	卉	xuei˩˧	xuɘi˨˦	
煨	煨	wei˥	wɘi˦˥	
巍	巍	wei˥	wɘi˦˥	
威	威	wei˥	wɘi˦˥	
桅	桅	wei˨˩	wɘi˨˩	
危	危	wei˨˩	wɘi˨˩	
僞	伪	wei˨˩	wɘi˨˩	
爲	为	wei˨˩	wɘi˨˩	
帷	帷	wei˨˩	wɘi˨˩	
維	维	wei˨˩	wɘi˨˩	
惟	惟	wei˨˩	wɘi˨˩	
唯	唯	wei˨˩	wɘi˨˩	
微	微	wei˨˩	wɘi˨˩	
薇	薇	wei˨˩	wɘi˨˩	
違	违	wei˨˩	wɘi˨˩	
圍	围	wei˨˩	wɘi˨˩	
葦	苇	wei˨˩	wɘi˨˩	
韋	韦	wei˨˩	wɘi˨˩	姓氏
委	委	wei˦˨	wɘi˦˧	
遺	遗	wei˦˨	wɘi˦˧	~赠
尾	尾	wei˦˨	wɘi˦˧	
巍	巍	wei˦˨	wɘi˦˧	~然；~峨
韋	韦	wei˦˨	wɘi˦˧	
偉	伟	wei˦˨	wɘi˦˧	
瑋	玮	wei˦˨	wɘi˦˧	
煒	炜	wei˦˨	wɘi˦˧	
違	违	wei˦˨	wɘi˦˧	~约
猬	猬	wei˦˨	wɘi˦˧	
畏	畏	wei˦˨	wɘi˦˧	~缩
猥	猥	wei˦˨	wɘi˦˧	
喂	喂	wei˦˨	wɘi˦˧	语气词，用于电话接通时打招呼
衛	卫	wei˩˧	wɘi˨˦	
偽	伪	wei˩˧	wɘi˨˦	
為	为	wei˩˧	wɘi˨˦	
位	位	wei˩˧	wɘi˨˦	
未	未	wei˩˧	wɘi˨˦	
味	味	wei˩˧	wɘi˨˦	
魏	魏	wei˩˧	wɘi˨˦	
尉	尉	wei˩˧	wɘi˨˦	
蔚	蔚	wei˩˧	wɘi˨˦	
慰	慰	wei˩˧	wɘi˨˦	
緯	纬	wei˩˧	wɘi˨˦	
畏	畏	wei˩˧	wɘi˨˦	
謂	谓	wei˩˧	wɘi˨˦	
喂	喂	wei˩˧	wɘi˨˦	文读
餧	餧	wei˩˧	wɘi˨˦	
包	包	pau˥	pᴀɔ˦˥	
胞	胞	pau˥	pᴀɔ˦˥	
鮑	鲍	pau˥	pᴀɔ˦˥	姓氏
孢	孢	pau˥	pᴀɔ˦˥	
苞	苞	pau˥	pᴀɔ˦˥	
保	保	pau˦˨	pᴀɔ˦˧	
葆	葆	pau˦˨	pᴀɔ˦˧	
煲	煲	pau˦˨	pᴀɔ˦˧	
堡	堡	pau˦˨	pᴀɔ˦˧	
寶	宝	pau˦˨	pᴀɔ˦˧	
飽	饱	pau˦˨	pᴀɔ˦˧	
鴇	鸨	pau˦˨	pᴀɔ˦˧	
抱	抱	pau˩˧	pᴀɔ˨˦	
鮑	鲍	pau˩˧	pᴀɔ˨˦	
鉋	铇	pau˩˧	pᴀɔ˨˦	
菢	菢	pau˩˧	pᴀɔ˨˦	孵育
齙	龅	pau˩˧	pᴀɔ˨˦	
刨	刨	pau˩˧	pᴀɔ˨˦	~床；~子
雹	雹	pau˩˧	pᴀɔ˨˦	
包	包	pau˩˧	pᴀɔ˨˦	土~子
暴	暴	pau˩˧	pᴀɔ˨˦	
爆	爆	pau˩˧	pᴀɔ˨˦	
保	保	pau˩˧	pᴀɔ˨˦	宫~肉丁
報	报	pau˩˧	pᴀɔ˨˦	
豹	豹	pau˩˧	pᴀɔ˨˦	
泡	泡	pʰau˥	pʰᴀɔ˦˥	
拋	拋	pʰau˥	pʰᴀɔ˦˥	
脬	脬	pʰau˥	pʰᴀɔ˦˥	
㯱	㯱	pʰau˥	pʰᴀɔ˦˥	
𣞈	𣞈	pʰau˥	pʰᴀɔ˦˥	
𣙲	𣙲	pʰau˥	pʰᴀɔ˦˥	
𣚇	𣚇	pʰau˥	pʰᴀɔ˦˥	
炮	炮	pʰau˨˩	pʰᴀɔ˨˩	~制
袍	袍	pʰau˨˩	pʰᴀɔ˨˩	
刨	刨	pʰau˨˩	pʰᴀɔ˨˩	
婆	婆	pʰau˨˩	pʰᴀɔ˨˩	~烦；搞~完
跑	跑	pʰau˦˨	pʰᴀɔ˦˧	
炮	炮	pʰau˩˧	pʰᴀɔ˨˦	
泡	泡	pʰau˩˧	pʰᴀɔ˨˦	浸~；水~
毛	毛	mau˥	mᵇᴀɔ˦˥	眉~
猫	猫	mau˥	mᵇᴀɔ˦˥	
虎	虎	mau˥	mᵇᴀɔ˦˥	姓氏；大~
毛	毛	mau˨˩	mᵇᴀɔ˨˩	
牦	牦	mau˨˩	mᵇᴀɔ˨˩	
茆	茆	mau˨˩	mᵇᴀɔ˨˩	
茅	茅	mau˨˩	mᵇᴀɔ˨˩	
矛	矛	mau˨˩	mᵇᴀɔ˨˩	
貓	猫	mau˨˩	mᵇᴀɔ˨˩	~尿，指眼泪，贬义；~~咪，“躲猫猫”游戏中计时结束的口语信号，模仿猫叫
描	描	mau˨˩	mᵇᴀɔ˨˩	~字帖
卯	卯	mau˦˨	mᵇᴀɔ˦˧	
泖	泖	mau˦˨	mᵇᴀɔ˦˧	
冒	冒	mau˩˧	mᵇᴀɔ˨˦	
帽	帽	mau˩˧	mᵇᴀɔ˨˦	
㴘	㴘	mau˩˧	mᵇᴀɔ˨˦	~菜
貌	貌	mau˩˧	mᵇᴀɔ˨˦	
髦	髦	mau˩˧	mᵇᴀɔ˨˦	
耄	耄	mau˩˧	mᵇᴀɔ˨˦	
刀	刀	tau˥	tᴀɔ˦˥	
禱	祷	tau˦˨	tᴀɔ˦˧	
島	岛	tau˦˨	tᴀɔ˦˧	
倒	倒	tau˦˨	tᴀɔ˦˧	
道	道	tau˦˨	tᴀɔ˦˧	知~
着	着	tau˦˨	tᴀɔ˦˧	白读
道	道	tau˩˧	tᴀɔ˨˦	
導	导	tau˩˧	tᴀɔ˨˦	
稻	稻	tau˩˧	tᴀɔ˨˦	
蹈	蹈	tau˩˧	tᴀɔ˨˦	
盜	盗	tau˩˧	tᴀɔ˨˦	
到	到	tau˩˧	tᴀɔ˨˦	文读
倒	倒	tau˩˧	tᴀɔ˨˦	
鑄	铸	tau˩˧	tᴀɔ˨˦	白读
滔	滔	tʰau˥	tʰᴀɔ˦˥	
掏	掏	tʰau˥	tʰᴀɔ˦˥	
萄	萄	tʰau˥	tʰᴀɔ˦˥	葡~
桃	桃	tʰau˥	tʰᴀɔ˦˥	核~；樱~；杨~
叨	叨	tʰau˥	tʰᴀɔ˦˥	
逃	逃	tʰau˨˩	tʰᴀɔ˨˩	
桃	桃	tʰau˨˩	tʰᴀɔ˨˩	
祧	祧	tʰau˨˩	tʰᴀɔ˨˩	~屋，即堂屋
濤	涛	tʰau˨˩	tʰᴀɔ˨˩	
陶	陶	tʰau˨˩	tʰᴀɔ˨˩	
淘	淘	tʰau˨˩	tʰᴀɔ˨˩	
萄	萄	tʰau˨˩	tʰᴀɔ˨˩	
掏	掏	tʰau˦˨	tʰᴀɔ˦˧	~手
討	讨	tʰau˦˨	tʰᴀɔ˦˧	
套	套	tʰau˩˧	tʰᴀɔ˨˦	
撈	捞	lau˥	lᴀɔ˦˥	白读
癆	痨	lau˥	lᴀɔ˦˥	干~病
勞	劳	lau˨˩	lᴀɔ˨˩	
撈	捞	lau˨˩	lᴀɔ˨˩	
澇	涝	lau˨˩	lᴀɔ˨˩	
嘮	唠	lau˨˩	lᴀɔ˨˩	
癆	痨	lau˨˩	lᴀɔ˨˩	
牢	牢	lau˨˩	lᴀɔ˨˩	
寮	寮	lau˨˩	lᴀɔ˨˩	老挝
醪	醪	lau˨˩	lᴀɔ˨˩	
腦	脑	lau˦˨	lᴀɔ˦˧	
惱	恼	lau˦˨	lᴀɔ˦˧	
老	老	lau˦˨	lᴀɔ˦˧	
㧯	㧯	lau˦˨	lᴀɔ˦˧	
佬	佬	lau˦˨	lᴀɔ˦˧	
姥	姥	lau˦˨	lᴀɔ˦˧	白读
狫	狫	lau˦˨	lᴀɔ˦˧	花犵~，即花溪
咾	咾	lau˦˨	lᴀɔ˦˧	
鬧	闹	lau˩˧	lᴀɔ˨˦	
癆	痨	lau˩˧	lᴀɔ˨˦	~药；~死
絡	络	lau˩˧	lᴀɔ˨˦	~腮胡
嫪	嫪	lau˩˧	lᴀɔ˨˦	
昭	昭	tsau˥	tsᴀɔ˦˥	
招	招	tsau˥	tsᴀɔ˦˥	
朝	朝	tsau˥	tsᴀɔ˦˥	
糟	糟	tsau˥	tsᴀɔ˦˥	
遭	遭	tsau˥	tsᴀɔ˦˥	
釗	钊	tsau˥	tsᴀɔ˦˥	
抓	抓	tsau˥	tsᴀɔ˦˥	狗刨~
著	着	tsau˨˩	tsᴀɔ˨˩	表示被动
早	早	tsau˦˨	tsᴀɔ˦˧	
棗	枣	tsau˦˨	tsᴀɔ˦˧	
蚤	蚤	tsau˦˨	tsᴀɔ˦˧	
澡	澡	tsau˦˨	tsᴀɔ˦˧	
爪	爪	tsau˦˨	tsᴀɔ˦˧	白读
抓	抓	tsau˦˨	tsᴀɔ˦˧	~袖子，即挽起袖子
找	找	tsau˦˨	tsᴀɔ˦˧	
灶	灶	tsau˩˧	tsᴀɔ˨˦	
皂	皂	tsau˩˧	tsᴀɔ˨˦	
罩	罩	tsau˩˧	tsᴀɔ˨˦	
趙	赵	tsau˩˧	tsᴀɔ˨˦	
兆	兆	tsau˩˧	tsᴀɔ˨˦	
笊	笊	tsau˩˧	tsᴀɔ˨˦	
召	召	tsau˩˧	tsᴀɔ˨˦	
沼	沼	tsau˩˧	tsᴀɔ˨˦	
詔	诏	tsau˩˧	tsᴀɔ˨˦	
照	照	tsau˩˧	tsᴀɔ˨˦	
躁	躁	tsau˩˧	tsᴀɔ˨˦	烦~~
造	造	tsau˩˧	tsᴀɔ˨˦	~孽
操	操	tsʰau˥	tsʰᴀɔ˦˥	
抄	抄	tsʰau˥	tsʰᴀɔ˦˥	
超	超	tsʰau˥	tsʰᴀɔ˦˥	
綽	绰	tsʰau˥	tsʰᴀɔ˦˥	宽~
曹	曹	tsʰau˨˩	tsʰᴀɔ˨˩	
槽	槽	tsʰau˨˩	tsʰᴀɔ˨˩	
巢	巢	tsʰau˨˩	tsʰᴀɔ˨˩	
朝	朝	tsʰau˨˩	tsʰᴀɔ˨˩	
潮	潮	tsʰau˨˩	tsʰᴀɔ˨˩	
嘲	嘲	tsʰau˨˩	tsʰᴀɔ˨˩	
草	草	tsʰau˦˨	tsʰᴀɔ˦˧	
騲	騲	tsʰau˦˨	tsʰᴀɔ˦˧	
𩱦	𩱦	tsʰau˦˨	tsʰᴀɔ˦˧	
煼	煼	tsʰau˦˨	tsʰᴀɔ˦˧	
㥮	㤘	tsʰau˦˨	tsʰᴀɔ˦˧	文读
炒	炒	tsʰau˦˨	tsʰᴀɔ˦˧	
吵	吵	tsʰau˦˨	tsʰᴀɔ˦˧	
燥	燥	tsʰau˩˧	tsʰᴀɔ˨˦	
躁	躁	tsʰau˩˧	tsʰᴀɔ˨˦	
譟	譟	tsʰau˩˧	tsʰᴀɔ˨˦	
操	操	tsʰau˩˧	tsʰᴀɔ˨˦	~蛋
噪	噪	tsʰau˩˧	tsʰᴀɔ˨˦	
造	造	tsʰau˩˧	tsʰᴀɔ˨˦	
糙	糙	tsʰau˩˧	tsʰᴀɔ˨˦	
耖	耖	tsʰau˩˧	tsʰᴀɔ˨˦	乱翻物品
摷	摷	tsʰau˩˧	tsʰᴀɔ˨˦	掀翻
騷	骚	sau˥	sᴀɔ˦˥	
搔	搔	sau˥	sᴀɔ˦˥	
瘙	瘙	sau˥	sᴀɔ˦˥	
臊	臊	sau˥	sᴀɔ˦˥	尿~气
捎	捎	sau˥	sᴀɔ˦˥	
梢	梢	sau˥	sᴀɔ˦˥	
稍	稍	sau˥	sᴀɔ˦˥	
筲	筲	sau˥	sᴀɔ˦˥	
燒	烧	sau˥	sᴀɔ˦˥	
韶	韶	sau˨˩	sᴀɔ˨˩	
苕	苕	sau˨˩	sᴀɔ˨˩	白读
掃	扫	sau˦˨	sᴀɔ˦˧	
少	少	sau˦˨	sᴀɔ˦˧	
嫂	嫂	sau˦˨	sᴀɔ˦˧	
掃	扫	sau˩˧	sᴀɔ˨˦	
潲	潲	sau˩˧	sᴀɔ˨˦	
哨	哨	sau˩˧	sᴀɔ˨˦	
肇	肇	sau˩˧	sᴀɔ˨˦	
少	少	sau˩˧	sᴀɔ˨˦	
紹	绍	sau˩˧	sᴀɔ˨˦	
邵	邵	sau˩˧	sᴀɔ˨˦	
燥	燥	sau˩˧	sᴀɔ˨˦	空~，指头脑清爽
臊	臊	sau˩˧	sᴀɔ˨˦	~子；~皮
鐃	铙	zau˨˩	zᴀɔ˨˩	
饒	饶	zau˨˩	zᴀɔ˨˩	
嬈	娆	zau˨˩	zᴀɔ˨˩	
撓	挠	zau˨˩	zᴀɔ˨˩	
晁	晁	zau˨˩	zᴀɔ˨˩	
擾	扰	zau˦˨	zᴀɔ˦˧	
繞	绕	zau˦˨	zᴀɔ˦˧	
嫐	嫐	zau˦˨	zᴀɔ˦˧	
繞	绕	zau˩˧	zᴀɔ˨˦	~路
驕	骄	kau˥	kᴀɔ˦˥	即“高”
跤	跤	kau˥	kᴀɔ˦˥	摔~子
高	高	kau˥	kᴀɔ˦˥	
篙	篙	kau˥	kᴀɔ˦˥	
膏	膏	kau˥	kᴀɔ˦˥	
羔	羔	kau˥	kᴀɔ˦˥	
糕	糕	kau˥	kᴀɔ˦˥	
攪	搅	kau˨˩	kᴀɔ˨˩	~捞捞，表示吃相邋遢或迫切得到的样子
稿	稿	kau˦˨	kᴀɔ˦˧	
搞	搞	kau˦˨	kᴀɔ˦˧	
告	告	kau˩˧	kᴀɔ˨˦	
窖	窖	kau˩˧	kᴀɔ˨˦	
㩭	㩭	kau˩˧	kᴀɔ˨˦	即“校”
校	校	kau˩˧	kᴀɔ˨˦	尝试
挍	挍	kau˩˧	kᴀɔ˨˦	即“校”
叫	叫	kau˩˧	kᴀɔ˨˦	~化子，即乞丐
酵	酵	kau˩˧	kᴀɔ˨˦	~水，水豆花的汁；稀泥烂~
傐	傐	kau˩˧	kᴀɔ˨˦	属于仡佬族分支
敲	敲	kʰau˥	kʰᴀɔ˦˥	
蹺	跷	kʰau˥	kʰᴀɔ˦˥	~二郎腿
骹	骹	kʰau˥	kʰᴀɔ˦˥	
尻	尻	kʰau˥	kʰᴀɔ˦˥	
考	考	kʰau˦˨	kʰᴀɔ˦˧	
烤	烤	kʰau˦˨	kʰᴀɔ˦˧	
拷	拷	kʰau˦˨	kʰᴀɔ˦˧	
靠	靠	kʰau˩˧	kʰᴀɔ˨˦	
銬	铐	kʰau˩˧	kʰᴀɔ˨˦	
熬	熬	ŋau˥	ŋᶢᴀɔ˦˥	白读，即“爊”
爊	爊	ŋau˥	ŋᶢᴀɔ˦˥	
熬	熬	ŋau˨˩	ŋᶢᴀɔ˨˩	文读
敖	敖	ŋau˨˩	ŋᶢᴀɔ˨˩	
嗷	嗷	ŋau˨˩	ŋᶢᴀɔ˨˩	文读
咬	咬	ŋau˦˨	ŋᶢᴀɔ˦˧	白读
襖	袄	ŋau˦˨	ŋᶢᴀɔ˦˧	
拗	拗	ŋau˦˨	ŋᶢᴀɔ˦˧	~口
傲	傲	ŋau˩˧	ŋᶢᴀɔ˨˦	
奧	奥	ŋau˩˧	ŋᶢᴀɔ˨˦	
懊	懊	ŋau˩˧	ŋᶢᴀɔ˨˦	
坳	坳	ŋau˩˧	ŋᶢᴀɔ˨˦	
拗	拗	ŋau˩˧	ŋᶢᴀɔ˨˦	撬
蒿	蒿	xau˥	xᴀɔ˦˥	
鎬	镐	xau˥	xᴀɔ˦˥	
薅	薅	xau˥	xᴀɔ˦˥	文读
毫	毫	xau˥	xᴀɔ˦˥	~子，指散钱、散票或硬币
壕	壕	xau˨˩	xᴀɔ˨˩	
蠔	蠔	xau˨˩	xᴀɔ˨˩	
蚝	蚝	xau˨˩	xᴀɔ˨˩	
嚎	嚎	xau˨˩	xᴀɔ˨˩	
豪	豪	xau˨˩	xᴀɔ˨˩	
毫	毫	xau˨˩	xᴀɔ˨˩	
號	号	xau˨˩	xᴀɔ˨˩	
諕	諕	xau˨˩	xᴀɔ˨˩	
好	好	xau˦˨	xᴀɔ˦˧	
好	好	xau˩˧	xᴀɔ˨˦	
耗	耗	xau˩˧	xᴀɔ˨˦	
號	号	xau˩˧	xᴀɔ˨˦	
浩	浩	xau˩˧	xᴀɔ˨˦	
嗷	嗷	Øau˦˨	Øᴀɔ˦˧	白读
標	标	piau˥	piᴀɔ˦˥	
膘	膘	piau˥	piᴀɔ˦˥	
鏢	镖	piau˥	piᴀɔ˦˥	
剽	剽	piau˥	piᴀɔ˦˥	
飈	飚	piau˥	piᴀɔ˦˥	
飆	飙	piau˥	piᴀɔ˦˥	
猋	猋	piau˥	piᴀɔ˦˥	
驫	骉	piau˥	piᴀɔ˦˥	
彪	彪	piau˥	piᴀɔ˦˥	
滮	滮	piau˥	piᴀɔ˦˥	
鑣	镳	piau˥	piᴀɔ˦˥	
臕	臕	piau˥	piᴀɔ˦˥	
表	表	piau˦˨	piᴀɔ˦˧	
錶	表	piau˦˨	piᴀɔ˦˧	
婊	婊	piau˦˨	piᴀɔ˦˧	
裱	裱	piau˦˨	piᴀɔ˦˧	
鰾	鳔	piau˩˧	piᴀɔ˨˦	
嫑	嫑	piau˩˧	piᴀɔ˨˦	“不要”的合音
覅	覅	piau˩˧	piᴀɔ˨˦	“不要”的合音
飄	飘	pʰiau˥	pʰiᴀɔ˦˥	
飃	飃	pʰiau˥	pʰiᴀɔ˦˥	
漂	漂	pʰiau˥	pʰiᴀɔ˦˥	
縹	缥	pʰiau˥	pʰiᴀɔ˦˥	
嘌	嘌	pʰiau˥	pʰiᴀɔ˦˥	
飄	飘	pʰiau˨˩	pʰiᴀɔ˨˩	在社会上晃荡，不务正业
飃	飃	pʰiau˨˩	pʰiᴀɔ˨˩	在社会上晃荡，不务正业
瓢	瓢	pʰiau˨˩	pʰiᴀɔ˨˩	
嫖	嫖	pʰiau˨˩	pʰiᴀɔ˨˩	
熛	熛	pʰiau˦˨	pʰiᴀɔ˦˧	
瞟	瞟	pʰiau˦˨	pʰiᴀɔ˦˧	
殍	殍	pʰiau˦˨	pʰiᴀɔ˦˧	
漂	漂	pʰiau˩˧	pʰiᴀɔ˨˦	
票	票	pʰiau˩˧	pʰiᴀɔ˨˦	
喵	喵	miau˥	mᵇiᴀɔ˦˥	
瞄	瞄	miau˥	mᵇiᴀɔ˦˥	白读
苗	苗	miau˨˩	mᵇiᴀɔ˨˩	
瞄	瞄	miau˨˩	mᵇiᴀɔ˨˩	文读
描	描	miau˨˩	mᵇiᴀɔ˨˩	
鶓	鹋	miau˨˩	mᵇiᴀɔ˨˩	
渺	渺	miau˦˨	mᵇiᴀɔ˦˧	
緲	缈	miau˦˨	mᵇiᴀɔ˦˧	
秒	秒	miau˦˨	mᵇiᴀɔ˦˧	
藐	藐	miau˦˨	mᵇiᴀɔ˦˧	
杳	杳	miau˦˨	mᵇiᴀɔ˦˧	
廟	庙	miau˩˧	mᵇiᴀɔ˨˦	
妙	妙	miau˩˧	mᵇiᴀɔ˨˦	
繆	缪	miau˩˧	mᵇiᴀɔ˨˦	姓氏
刁	刁	tiau˥	tiᴀɔ˦˥	
貂	貂	tiau˥	tiᴀɔ˦˥	
雕	雕	tiau˥	tiᴀɔ˦˥	
挑	挑	tiau˥	tiᴀɔ˦˥	~剔；~拨；~意，即故意；嘴巴~，指挑食
屌	屌	tiau˦˨	tiᴀɔ˦˧	
𠄏	𠄏	tiau˦˨	tiᴀɔ˦˧	
嬲	嬲	tiau˦˨	tiᴀɔ˦˧	白读
釣	钓	tiau˩˧	tiᴀɔ˨˦	
吊	吊	tiau˩˧	tiᴀɔ˨˦	
弔	弔	tiau˩˧	tiᴀɔ˨˦	
掉	掉	tiau˩˧	tiᴀɔ˨˦	
悼	悼	tiau˩˧	tiᴀɔ˨˦	
調	调	tiau˩˧	tiᴀɔ˨˦	
挑	挑	tʰiau˥	tʰiᴀɔ˦˥	
條	条	tʰiau˥	tʰiᴀɔ˦˥	舌~
條	条	tʰiau˨˩	tʰiᴀɔ˨˩	
調	调	tʰiau˨˩	tʰiᴀɔ˨˩	
迢	迢	tʰiau˨˩	tʰiᴀɔ˨˩	
苕	苕	tʰiau˨˩	tʰiᴀɔ˨˩	文读
窕	窕	tʰiau˦˨	tʰiᴀɔ˦˧	
斢	斢	tʰiau˦˨	tʰiᴀɔ˦˧	
嬲	嬲	tʰiau˦˨	tʰiᴀɔ˦˧	~戏
跳	跳	tʰiau˩˧	tʰiᴀɔ˨˦	
調	调	tʰiau˩˧	tʰiᴀɔ˨˦	~皮
敹	敹	niau˥	nᵈiᴀɔ˦˥	~自，即故意；縫
聊	聊	niau˨˩	nᵈiᴀɔ˨˩	
燎	燎	niau˨˩	nᵈiᴀɔ˨˩	
潦	潦	niau˨˩	nᵈiᴀɔ˨˩	
繚	缭	niau˨˩	nᵈiᴀɔ˨˩	
繆	缪	niau˨˩	nᵈiᴀɔ˨˩	山川相~
寮	寮	niau˨˩	nᵈiᴀɔ˨˩	
僚	僚	niau˨˩	nᵈiᴀɔ˨˩	
撩	撩	niau˨˩	nᵈiᴀɔ˨˩	
瞭	瞭	niau˨˩	nᵈiᴀɔ˨˩	
膫	膫	niau˨˩	nᵈiᴀɔ˨˩	
獠	獠	niau˨˩	nᵈiᴀɔ˨˩	
嘹	嘹	niau˨˩	nᵈiᴀɔ˨˩	
㞠	㞠	niau˨˩	nᵈiᴀɔ˨˩	
療	疗	niau˨˩	nᵈiᴀɔ˨˩	
遼	辽	niau˨˩	nᵈiᴀɔ˨˩	
鷯	鹩	niau˨˩	nᵈiᴀɔ˨˩	
瞭	了	niau˦˨	nᵈiᴀɔ˦˧	
了	了	niau˦˨	nᵈiᴀɔ˦˧	文读
鳥	鸟	niau˦˨	nᵈiᴀɔ˦˧	
裊	袅	niau˦˨	nᵈiᴀɔ˦˧	
屌	屌	niau˦˨	nᵈiᴀɔ˦˧	憨屄入~
嬲	嬲	niau˦˨	nᵈiᴀɔ˦˧	文读
咬	咬	niau˦˨	nᵈiᴀɔ˦˧	文读
撩	撩	niau˩˧	nᵈiᴀɔ˨˦	花眉~眼；花屄~嘴
廖	廖	niau˩˧	nᵈiᴀɔ˨˦	
尿	尿	niau˩˧	nᵈiᴀɔ˨˦	
脲	脲	niau˩˧	nᵈiᴀɔ˨˦	
料	料	niau˩˧	nᵈiᴀɔ˨˦	
交	交	tɕiau˥	tɕiᴀɔ˦˥	
跤	跤	tɕiau˥	tɕiᴀɔ˦˥	
姣	姣	tɕiau˥	tɕiᴀɔ˦˥	
郊	郊	tɕiau˥	tɕiᴀɔ˦˥	
茭	茭	tɕiau˥	tɕiᴀɔ˦˥	
膠	胶	tɕiau˥	tɕiᴀɔ˦˥	
教	教	tɕiau˥	tɕiᴀɔ˦˥	~书
焦	焦	tɕiau˥	tɕiᴀɔ˦˥	
蕉	蕉	tɕiau˥	tɕiᴀɔ˦˥	
鷦	鹪	tɕiau˥	tɕiᴀɔ˦˥	
椒	椒	tɕiau˥	tɕiᴀɔ˦˥	
驕	骄	tɕiau˥	tɕiᴀɔ˦˥	
嬌	娇	tɕiau˥	tɕiᴀɔ˦˥	
矯	矫	tɕiau˥	tɕiᴀɔ˦˥	~枉过正
撟	挢	tɕiau˥	tɕiᴀɔ˦˥	
澆	浇	tɕiau˥	tɕiᴀɔ˦˥	
恔	恔	tɕiau˨˩	tɕiᴀɔ˨˩	
狡	狡	tɕiau˨˩	tɕiᴀɔ˨˩	~精，精明狡黠
攪	搅	tɕiau˨˩	tɕiᴀɔ˨˩	~屎棒
餃	饺	tɕiau˦˨	tɕiᴀɔ˦˧	
佼	佼	tɕiau˦˨	tɕiᴀɔ˦˧	
絞	绞	tɕiau˦˨	tɕiᴀɔ˦˧	
狡	狡	tɕiau˦˨	tɕiᴀɔ˦˧	
矯	矫	tɕiau˦˨	tɕiᴀɔ˦˧	
攪	搅	tɕiau˦˨	tɕiᴀɔ˦˧	文读
醮	醮	tɕiau˦˨	tɕiᴀɔ˦˧	
繳	缴	tɕiau˦˨	tɕiᴀɔ˦˧	
剿	剿	tɕiau˦˨	tɕiᴀɔ˦˧	
教	教	tɕiau˩˧	tɕiᴀɔ˨˦	
較	较	tɕiau˩˧	tɕiᴀɔ˨˦	
轎	轿	tɕiau˩˧	tɕiᴀɔ˨˦	
爝	爝	tɕiau˩˧	tɕiᴀɔ˨˦	
嚼	嚼	tɕiau˩˧	tɕiᴀɔ˨˦	
叫	叫	tɕiau˩˧	tɕiᴀɔ˨˦	
蕌	蕌	tɕiau˩˧	tɕiᴀɔ˨˦	~头
悄	悄	tɕʰiau˥	tɕʰiᴀɔ˦˥	
鍬	锹	tɕʰiau˥	tɕʰiᴀɔ˦˥	
繰	缲	tɕʰiau˥	tɕʰiᴀɔ˦˥	
劁	劁	tɕʰiau˥	tɕʰiᴀɔ˦˥	
蹺	跷	tɕʰiau˥	tɕʰiᴀɔ˦˥	
翹	翘	tɕʰiau˥	tɕʰiᴀɔ˦˥	~脚；死~~
樵	樵	tɕʰiau˨˩	tɕʰiᴀɔ˨˩	
瞧	瞧	tɕʰiau˨˩	tɕʰiᴀɔ˨˩	
翹	翘	tɕʰiau˨˩	tɕʰiᴀɔ˨˩	~的，形容笨手笨脚的样子；~起，形容扭曲不平
喬	乔	tɕʰiau˨˩	tɕʰiᴀɔ˨˩	
橋	桥	tɕʰiau˨˩	tɕʰiᴀɔ˨˩	
蕎	荞	tɕʰiau˨˩	tɕʰiᴀɔ˨˩	
巧	巧	tɕʰiau˦˨	tɕʰiᴀɔ˦˧	
蹺	跷	tɕʰiau˦˨	tɕʰiᴀɔ˦˧	蹊~
翹	翘	tɕʰiau˩˧	tɕʰiᴀɔ˨˦	
肖	肖	ɕiau˥	ɕiᴀɔ˦˥	
消	消	ɕiau˥	ɕiᴀɔ˦˥	
硝	硝	ɕiau˥	ɕiᴀɔ˦˥	
銷	销	ɕiau˥	ɕiᴀɔ˦˥	插~，即门闩
宵	宵	ɕiau˥	ɕiᴀɔ˦˥	
霄	霄	ɕiau˥	ɕiᴀɔ˦˥	
屑	屑	ɕiau˥	ɕiᴀɔ˦˥	“需要”合音：何~，即何必；不~，即没必要
僥	侥	ɕiau˥	ɕiᴀɔ˦˥	
囂	嚣	ɕiau˥	ɕiᴀɔ˦˥	
猇	猇	ɕiau˥	ɕiᴀɔ˦˥	
虓	虓	ɕiau˥	ɕiᴀɔ˦˥	
餚	肴	ɕiau˨˩	ɕiᴀɔ˨˩	
淆	淆	ɕiau˨˩	ɕiᴀɔ˨˩	
爻	爻	ɕiau˨˩	ɕiᴀɔ˨˩	
小	小	ɕiau˦˨	ɕiᴀɔ˦˧	
曉	晓	ɕiau˦˨	ɕiᴀɔ˦˧	
筱	筱	ɕiau˦˨	ɕiᴀɔ˦˧	
肖	肖	ɕiau˩˧	ɕiᴀɔ˨˦	
孝	孝	ɕiau˩˧	ɕiᴀɔ˨˦	
酵	酵	ɕiau˩˧	ɕiᴀɔ˨˦	
效	效	ɕiau˩˧	ɕiᴀɔ˨˦	
校	校	ɕiau˩˧	ɕiᴀɔ˨˦	
笑	笑	ɕiau˩˧	ɕiᴀɔ˨˦	
妖	妖	ʑau˥	ʑᴀɔ˦˥	
夭	夭	ʑau˥	ʑᴀɔ˦˥	
央	央	ʑau˥	ʑᴀɔ˦˥	恳求
邀	邀	ʑau˥	ʑᴀɔ˦˥	
腰	腰	ʑau˥	ʑᴀɔ˦˥	
要	要	ʑau˥	ʑᴀɔ˦˥	~求
孬	孬	ʑau˥	ʑᴀɔ˦˥	
吆	吆	ʑau˥	ʑᴀɔ˦˥	
幺	幺	ʑau˥	ʑᴀɔ˦˥	
么	么	ʑau˥	ʑᴀɔ˦˥	~~，感叹词，相当于“天，菩萨”
搖	摇	ʑau˨˩	ʑᴀɔ˨˩	
謠	谣	ʑau˨˩	ʑᴀɔ˨˩	
窯	窑	ʑau˨˩	ʑᴀɔ˨˩	
姚	姚	ʑau˨˩	ʑᴀɔ˨˩	
堯	尧	ʑau˨˩	ʑᴀɔ˨˩	
約	约	ʑau˨˩	ʑᴀɔ˨˩	牵郎郎，~弟弟
舀	舀	ʑau˦˨	ʑᴀɔ˦˧	
窈	窈	ʑau˦˨	ʑᴀɔ˦˧	
要	要	ʑau˩˧	ʑᴀɔ˨˦	
耀	耀	ʑau˩˧	ʑᴀɔ˨˦	
躍	跃	ʑau˩˧	ʑᴀɔ˨˦	白读
褒	褒	pəu˥	pɘu˦˥	
煲	煲	pəu˥	pɘu˦˥	~汤
掊	掊	pəu˦˨	pɘu˦˧	
亩	亩	məu˦˨	mᵇɘu˦˧	文读
牡	牡	məu˦˨	mᵇɘu˦˧	
卯	卯	məu˦˨	mᵇɘu˦˧	地支
茂	茂	məu˩˧	mᵇɘu˨˦	文读
貿	贸	məu˩˧	mᵇɘu˨˦	文读
袤	袤	məu˩˧	mᵇɘu˨˦	
楙	楙	məu˩˧	mᵇɘu˨˦	
懋	懋	məu˩˧	mᵇɘu˨˦	
浮	浮	fəu˨˩	fɘu˨˩	
脬	脬	fəu˨˩	fɘu˨˩	~肿
缶	缶	fəu˦˨	fɘu˦˧	
阜	阜	fəu˩˧	fɘu˨˦	
埠	埠	fəu˩˧	fɘu˨˦	商~
都	都	təu˥	tɘu˦˥	白读
兜	兜	təu˥	tɘu˦˥	
蔸	蔸	təu˥	tɘu˦˥	
逗	逗	təu˥	tɘu˦˥	白读
頭	头	təu˥	tɘu˦˥	石~；骨~；屋~；河~
斗	斗	təu˦˨	tɘu˦˧	
頭	头	təu˦˨	tɘu˦˧	跟~
陡	陡	təu˦˨	tɘu˦˧	
鬭	鬭	təu˩˧	tɘu˨˦	
鬬	鬬	təu˩˧	tɘu˨˦	
𨷵	𨷵	təu˩˧	tɘu˨˦	
𩰖	𩰖	təu˩˧	tɘu˨˦	
𩰒	𩰒	təu˩˧	tɘu˨˦	
闘	闘	təu˩˧	tɘu˨˦	
鬪	鬪	təu˩˧	tɘu˨˦	
鬥	斗	təu˩˧	tɘu˨˦	文读
對	对	təu˩˧	tɘu˨˦	白读，即“斗”
𧯞	𧯞	təu˩˧	tɘu˨˦	
豆	豆	təu˩˧	tɘu˨˦	
逗	逗	təu˩˧	tɘu˨˦	文读
荳	荳	təu˩˧	tɘu˨˦	
痘	痘	təu˩˧	tɘu˨˦	
就	就	təu˩˧	tɘu˨˦	白读
湊	凑	təu˩˧	tɘu˨˦	白读，即“斗”
偷	偷	tʰəu˥	tʰɘu˦˥	文读
頭	头	tʰəu˥	tʰɘu˦˥	里~；后~；馒~
頭	头	tʰəu˨˩	tʰɘu˨˩	
投	投	tʰəu˨˩	tʰɘu˨˩	
抖	抖	tʰəu˦˨	tʰɘu˦˧	
敨	敨	tʰəu˦˨	tʰɘu˦˧	
㪗	㪗	tʰəu˦˨	tʰɘu˦˧	
透	透	tʰəu˩˧	tʰɘu˨˦	
偷	偷	ləu˥	lɘu˦˥	白读
顱	颅	ləu˥	lɘu˦˥	额~，即额头
摟	搂	ləu˥	lɘu˦˥	向上兜住；过滤
嘍	喽	ləu˥	lɘu˦˥	白读
樓	楼	ləu˨˩	lɘu˨˩	
螻	蝼	ləu˨˩	lɘu˨˩	
僂	偻	ləu˨˩	lɘu˨˩	
婁	娄	ləu˨˩	lɘu˨˩	
摟	搂	ləu˦˨	lɘu˦˧	
縷	缕	ləu˦˨	lɘu˦˧	
褸	褛	ləu˦˨	lɘu˦˧	
嶁	嵝	ləu˦˨	lɘu˦˧	
嘍	喽	ləu˦˨	lɘu˦˧	文读
簍	篓	ləu˦˨	lɘu˦˧	
漏	漏	ləu˩˧	lɘu˨˦	
陋	陋	ləu˩˧	lɘu˨˦	
鏤	镂	ləu˩˧	lɘu˨˦	
鄒	邹	tsəu˥	tsɘu˦˥	
周	周	tsəu˥	tsɘu˦˥	
週	周	tsəu˥	tsɘu˦˥	
舟	舟	tsəu˥	tsɘu˦˥	
州	州	tsəu˥	tsɘu˦˥	
洲	洲	tsəu˥	tsɘu˦˥	
㥮	㤘	tsəu˨˩	tsɘu˨˩	白读
走	走	tsəu˦˨	tsɘu˦˧	
肘	肘	tsəu˦˨	tsɘu˦˧	
帚	帚	tsəu˦˨	tsɘu˦˧	
奏	奏	tsəu˩˧	tsɘu˨˦	
揍	揍	tsəu˩˧	tsɘu˨˦	
晝	昼	tsəu˩˧	tsɘu˨˦	
紂	纣	tsəu˩˧	tsɘu˨˦	
宙	宙	tsəu˩˧	tsɘu˨˦	
胄	胄	tsəu˩˧	tsɘu˨˦	
㑳	㑳	tsəu˩˧	tsɘu˨˦	
縐	绉	tsəu˩˧	tsɘu˨˦	
皺	皱	tsəu˩˧	tsɘu˨˦	文读
㑇	㑇	tsəu˩˧	tsɘu˨˦	
䋓	䋓	tsəu˩˧	tsɘu˨˦	
肘	肘	tsəu˩˧	tsɘu˨˦	硬~
咒	咒	tsəu˩˧	tsɘu˨˦	
築	筑	tsəu˩˧	tsɘu˨˦	装填
做	做	tsəu˩˧	tsɘu˨˦	白读
搊	搊	tsʰəu˥	tsʰɘu˦˥	推
𢫧	𢫧	tsʰəu˥	tsʰɘu˦˥	
𢬞	𢬞	tsʰəu˥	tsʰɘu˦˥	
𢬆	𢬆	tsʰəu˥	tsʰɘu˦˥	
𢬟	𢬟	tsʰəu˥	tsʰɘu˦˥	
𢮢	𢮢	tsʰəu˥	tsʰɘu˦˥	
㨄	㨄	tsʰəu˥	tsʰɘu˦˥	
掫	掫	tsʰəu˥	tsʰɘu˦˥	扶
抽	抽	tsʰəu˥	tsʰɘu˦˥	
綢	绸	tsʰəu˨˩	tsʰɘu˨˩	
稠	稠	tsʰəu˨˩	tsʰɘu˨˩	
籌	筹	tsʰəu˨˩	tsʰɘu˨˩	
躊	踌	tsʰəu˨˩	tsʰɘu˨˩	
售	售	tsʰəu˨˩	tsʰɘu˨˩	白读
愁	愁	tsʰəu˨˩	tsʰɘu˨˩	
仇	仇	tsʰəu˨˩	tsʰɘu˨˩	
酬	酬	tsʰəu˨˩	tsʰɘu˨˩	
醜	丑	tsʰəu˦˨	tsʰɘu˦˧	
丑	丑	tsʰəu˦˨	tsʰɘu˦˧	
瞅	瞅	tsʰəu˦˨	tsʰɘu˦˧	
湊	凑	tsʰəu˩˧	tsʰɘu˨˦	文读
驟	骤	tsʰəu˩˧	tsʰɘu˨˦	文读
臭	臭	tsʰəu˩˧	tsʰɘu˨˦	
搜	搜	səu˥	sɘu˦˥	
颼	飕	səu˥	sɘu˦˥	
餿	馊	səu˥	sɘu˦˥	
嗖	嗖	səu˥	sɘu˦˥	
蒐	蒐	səu˥	sɘu˦˥	
收	收	səu˥	sɘu˦˥	
手	手	səu˦˨	sɘu˦˧	
首	首	səu˦˨	sɘu˦˧	
守	守	səu˦˨	sɘu˦˧	
叟	叟	səu˦˨	sɘu˦˧	
嗽	嗽	səu˩˧	sɘu˨˦	
瘦	瘦	səu˩˧	sɘu˨˦	
獸	兽	səu˩˧	sɘu˨˦	
壽	壽	səu˩˧	sɘu˨˦	
夀	寿	səu˩˧	sɘu˨˦	
受	受	səu˩˧	sɘu˨˦	
授	授	səu˩˧	sɘu˨˦	
售	售	səu˩˧	sɘu˨˦	文读
柔	柔	zəu˨˩	zɘu˨˩	
揉	揉	zəu˨˩	zɘu˨˩	
蹂	蹂	zəu˨˩	zɘu˨˩	
糅	糅	zəu˨˩	zɘu˨˩	
呕	呕	Øəu˥	Øɘu˦˥	句末语气词，表示提醒或警告
吘	吘	Øəu˩˧	Øɘu˨˦	
剖	剖	pʰiəu˥	pʰiɘu˦˥	~直白，即讲解清楚
謬	谬	miəu˩˧	mᵇiɘu˨˦	
繆	缪	miəu˩˧	mᵇiɘu˨˦	
丟	丢	tiəu˥	tiɘu˦˥	文读
銩	铥	tiəu˥	tiɘu˦˥	
丟	丢	niəu˥	nᵈiɘu˦˥	白读
溜	溜	niəu˥	nᵈiɘu˦˥	
遛	遛	niəu˥	nᵈiɘu˦˥	
餾	馏	niəu˥	nᵈiɘu˦˥	
瘤	瘤	niəu˥	nᵈiɘu˦˥	
揪	揪	niəu˥	nᵈiɘu˦˥	白读
流	流	niəu˨˩	nᵈiɘu˨˩	
硫	硫	niəu˨˩	nᵈiɘu˨˩	
琉	琉	niəu˨˩	nᵈiɘu˨˩	
留	留	niəu˨˩	nᵈiɘu˨˩	
榴	榴	niəu˨˩	nᵈiɘu˨˩	
劉	刘	niəu˨˩	nᵈiɘu˨˩	
牛	牛	niəu˨˩	nᵈiɘu˨˩	
柳	柳	niəu˦˨	nᵈiɘu˦˧	
紐	纽	niəu˦˨	nᵈiɘu˦˧	
鈕	钮	niəu˦˨	nᵈiɘu˦˧	
扭	扭	niəu˦˨	nᵈiɘu˦˧	文读
酉	酉	niəu˦˨	nᵈiɘu˦˧	~阳
扭	扭	niəu˩˧	nᵈiɘu˨˦	白读
溜	溜	niəu˩˧	nᵈiɘu˨˦	灵活、敏捷
餾	馏	niəu˩˧	nᵈiɘu˨˦	~馒头
揪	揪	tɕiəu˥	tɕiɘu˦˥	文读
鬏	鬏	tɕiəu˥	tɕiɘu˦˥	
鳩	鸠	tɕiəu˥	tɕiɘu˦˥	
鬮	阄	tɕiəu˥	tɕiɘu˦˥	
灸	灸	tɕiəu˥	tɕiɘu˦˥	
糾	纠	tɕiəu˥	tɕiɘu˦˥	文读
赳	赳	tɕiəu˥	tɕiɘu˦˥	
糾	纠	tɕiəu˨˩	tɕiɘu˨˩	白读，指从中抓到
酒	酒	tɕiəu˦˨	tɕiɘu˦˧	
九	九	tɕiəu˦˨	tɕiɘu˦˧	
玖	玖	tɕiəu˦˨	tɕiɘu˦˧	
㺵	㺵	tɕiəu˦˨	tɕiɘu˦˧	
久	久	tɕiəu˦˨	tɕiɘu˦˧	
韭	韭	tɕiəu˦˨	tɕiɘu˦˧	
㲃	㲃	tɕiəu˦˨	tɕiɘu˦˧	拧
就	就	tɕiəu˩˧	tɕiɘu˨˦	文读
救	救	tɕiəu˩˧	tɕiɘu˨˦	
究	究	tɕiəu˩˧	tɕiɘu˨˦	
舊	旧	tɕiəu˩˧	tɕiɘu˨˦	
柩	柩	tɕiəu˩˧	tɕiɘu˨˦	
疚	疚	tɕiəu˩˧	tɕiɘu˨˦	
舅	舅	tɕiəu˩˧	tɕiɘu˨˦	
臼	臼	tɕiəu˩˧	tɕiɘu˨˦	
咎	咎	tɕiəu˩˧	tɕiɘu˨˦	
髻	髻	tɕiəu˩˧	tɕiɘu˨˦	盘龙~
廄	厩	tɕiəu˩˧	tɕiɘu˨˦	
秋	秋	tɕʰiəu˥	tɕʰiɘu˦˥	
鰍	鳅	tɕʰiəu˥	tɕʰiɘu˦˥	
邱	邱	tɕʰiəu˥	tɕʰiɘu˦˥	
蚯	蚯	tɕʰiəu˥	tɕʰiɘu˦˥	
丘	丘	tɕʰiəu˥	tɕʰiɘu˦˥	
煪	煪	tɕʰiəu˥	tɕʰiɘu˦˥	
煍	煍	tɕʰiəu˥	tɕʰiɘu˦˥	烟熏
囚	囚	tɕʰiəu˨˩	tɕʰiɘu˨˩	
泅	泅	tɕʰiəu˨˩	tɕʰiɘu˨˩	
酋	酋	tɕʰiəu˨˩	tɕʰiɘu˨˩	
仇	仇	tɕʰiəu˨˩	tɕʰiɘu˨˩	姓氏
求	求	tɕʰiəu˨˩	tɕʰiɘu˨˩	
球	球	tɕʰiəu˨˩	tɕʰiɘu˨˩	
㞗	㞗	tɕʰiəu˨˩	tɕʰiɘu˨˩	
毬	毬	tɕʰiəu˨˩	tɕʰiɘu˨˩	男阴
舊	旧	tɕʰiəu˩˧	tɕʰiɘu˨˦	~年
修	修	ɕiəu˥	ɕiɘu˦˥	
羞	羞	ɕiəu˥	ɕiɘu˦˥	
休	休	ɕiəu˥	ɕiɘu˦˥	
瘊	瘊	ɕiəu˥	ɕiɘu˦˥	
䞀	䞀	ɕiəu˨˩	ɕiɘu˨˩	
睺	睺	ɕiəu˨˩	ɕiɘu˨˩	
㮢	㮢	ɕiəu˨˩	ɕiɘu˨˩	
朽	朽	ɕiəu˦˨	ɕiɘu˦˧	
糗	糗	ɕiəu˦˨	ɕiɘu˦˧	
咻	咻	ɕiəu˦˨	ɕiɘu˦˧	
秀	秀	ɕiəu˩˧	ɕiɘu˨˦	
繡	绣	ɕiəu˩˧	ɕiɘu˨˦	
鏽	锈	ɕiəu˩˧	ɕiɘu˨˦	
宿	宿	ɕiəu˩˧	ɕiɘu˨˦	星~
嗅	嗅	ɕiəu˩˧	ɕiɘu˨˦	文读
勾	勾	kiəu˥	kiɘu˦˥	
鉤	钩	kiəu˥	kiɘu˦˥	
佝	佝	kiəu˥	kiɘu˦˥	
溝	沟	kiəu˥	kiɘu˦˥	
佝	佝	kiəu˨˩	kiɘu˨˩	~起~起的，指勾腰驼背的样子
狗	狗	kiəu˦˨	kiɘu˦˧	
枸	枸	kiəu˦˨	kiɘu˦˧	~杞
岣	岣	kiəu˦˨	kiɘu˦˧	
苟	苟	kiəu˦˨	kiɘu˦˧	
勾	勾	kiəu˩˧	kiɘu˨˦	~当；姓氏；地名
夠	够	kiəu˩˧	kiɘu˨˦	
苟	苟	kiəu˩˧	kiɘu˨˦	姓氏
句	句	kiəu˩˧	kiɘu˨˦	姓氏
敬	敬	kiəu˩˧	kiɘu˨˦	姓氏
垢	垢	kiəu˩˧	kiɘu˨˦	
逅	逅	kiəu˩˧	kiɘu˨˦	
構	构	kiəu˩˧	kiɘu˨˦	
購	购	kiəu˩˧	kiɘu˨˦	
媾	媾	kiəu˩˧	kiɘu˨˦	
扣	扣	kʰiəu˥	kʰiɘu˦˥	皮帶~~
摳	抠	kʰiəu˥	kʰiɘu˦˥	
瞘	眍	kʰiəu˥	kʰiɘu˦˥	
口	口	kʰiəu˦˨	kʰiɘu˦˧	
叩	叩	kʰiəu˩˧	kʰiɘu˨˦	
扣	扣	kʰiəu˩˧	kʰiɘu˨˦	
寇	寇	kʰiəu˩˧	kʰiɘu˨˦	
蔻	蔻	kʰiəu˩˧	kʰiɘu˨˦	
歐	欧	ŋiəu˥	ŋᶢiɘu˦˥	
毆	殴	ŋiəu˥	ŋᶢiɘu˦˥	
謳	讴	ŋiəu˥	ŋᶢiɘu˦˥	
摳	抠	ŋiəu˥	ŋᶢiɘu˦˥	~心挖肚
區	区	ŋiəu˥	ŋᶢiɘu˦˥	姓氏
藕	藕	ŋiəu˦˨	ŋᶢiɘu˦˧	
耦	耦	ŋiəu˦˨	ŋᶢiɘu˦˧	
偶	偶	ŋiəu˦˨	ŋᶢiɘu˦˧	
嘔	呕	ŋiəu˦˨	ŋᶢiɘu˦˧	
毆	殴	ŋiəu˦˨	ŋᶢiɘu˦˧	~打
漚	沤	ŋiəu˩˧	ŋᶢiɘu˨˦	文读
慪	怄	ŋiəu˩˧	ŋᶢiɘu˨˦	
齁	齁	xiəu˥	xiɘu˦˥	
呴	呴	xiəu˥	xiɘu˦˥	即“齁”
咻	咻	xiəu˥	xiɘu˦˥	即“齁”
吼	吼	xiəu˥	xiɘu˦˥	镇压
吽	吽	xiəu˥	xiɘu˦˥	
侯	侯	xiəu˨˩	xiɘu˨˩	
猴	猴	xiəu˨˩	xiɘu˨˩	
喉	喉	xiəu˨˩	xiɘu˨˩	文读
瘊	瘊	xiəu˨˩	xiɘu˨˩	
吼	吼	xiəu˦˨	xiɘu˦˧	
後	后	xiəu˩˧	xiɘu˨˦	
厚	厚	xiəu˩˧	xiɘu˨˦	
候	候	xiəu˩˧	xiɘu˨˦	
憂	忧	ʑəu˥	ʑɘu˦˥	
優	优	ʑəu˥	ʑɘu˦˥	
悠	悠	ʑəu˥	ʑɘu˦˥	
攸	攸	ʑəu˥	ʑɘu˦˥	
幽	幽	ʑəu˥	ʑɘu˦˥	
佑	佑	ʑəu˥	ʑɘu˦˥	经~，指关心、照顾
尤	尤	ʑəu˨˩	ʑɘu˨˩	
疣	疣	ʑəu˨˩	ʑɘu˨˩	
肬	肬	ʑəu˨˩	ʑɘu˨˩	
郵	邮	ʑəu˨˩	ʑɘu˨˩	
由	由	ʑəu˨˩	ʑɘu˨˩	
油	油	ʑəu˨˩	ʑɘu˨˩	
猶	犹	ʑəu˨˩	ʑɘu˨˩	
毓	毓	ʑəu˨˩	ʑɘu˨˩	~秀路
酉	酉	ʑəu˦˨	ʑɘu˦˧	
有	有	ʑəu˦˨	ʑɘu˦˧	
友	友	ʑəu˦˨	ʑɘu˦˧	
㕛	㕛	ʑəu˦˨	ʑɘu˦˧	
誘	诱	ʑəu˩˧	ʑɘu˨˦	
莠	莠	ʑəu˩˧	ʑɘu˨˦	
釉	釉	ʑəu˩˧	ʑɘu˨˦	
柚	柚	ʑəu˩˧	ʑɘu˨˦	
又	又	ʑəu˩˧	ʑɘu˨˦	
右	右	ʑəu˩˧	ʑɘu˨˦	
佑	佑	ʑəu˩˧	ʑɘu˨˦	
祐	祐	ʑəu˩˧	ʑɘu˨˦	
幼	幼	ʑəu˩˧	ʑɘu˨˦	
般	般	pan˥	pɐ̃˦˥	
搬	搬	pan˥	pɐ̃˦˥	
班	班	pan˥	pɐ̃˦˥	
斑	斑	pan˥	pɐ̃˦˥	
頒	颁	pan˥	pɐ̃˦˥	
扳	扳	pan˥	pɐ̃˦˥	
掰	掰	pan˥	pɐ̃˦˥	
闆	板	pan˦˨	pɐ̃˦˧	
板	板	pan˦˨	pɐ̃˦˧	
版	版	pan˦˨	pɐ̃˦˧	
阪	阪	pan˦˨	pɐ̃˦˧	
坂	坂	pan˦˨	pɐ̃˦˧	
㩯	㩯	pan˦˨	pɐ̃˦˧	扭动
拚	拚	pan˦˨	pɐ̃˦˧	~命，指挣扎
扮	扮	pan˩˧	pɐ̃˨˦	
辦	办	pan˩˧	pɐ̃˨˦	
瓣	瓣	pan˩˧	pɐ̃˨˦	
半	半	pan˩˧	pɐ̃˨˦	
伴	伴	pan˩˧	pɐ̃˨˦	
拌	拌	pan˩˧	pɐ̃˨˦	
番	番	pʰan˥	pʰɐ̃˦˥	白读
潘	潘	pʰan˥	pʰɐ̃˦˥	
蟠	蟠	pʰan˥	pʰɐ̃˦˥	
攀	攀	pʰan˥	pʰɐ̃˦˥	
盤	盘	pʰan˨˩	pʰɐ̃˨˩	
磐	磐	pʰan˨˩	pʰɐ̃˨˩	
螃	螃	pʰan˨˩	pʰɐ̃˨˩	
襻	襻	pʰan˩˧	pʰɐ̃˨˦	
盼	盼	pʰan˩˧	pʰɐ̃˨˦	
叛	叛	pʰan˩˧	pʰɐ̃˨˦	
判	判	pʰan˩˧	pʰɐ̃˨˦	
絆	绊	pʰan˩˧	pʰɐ̃˨˦	
畔	畔	pʰan˩˧	pʰɐ̃˨˦	
蠻	蛮	man˨˩	mᵇɐ̃˨˩	
瞞	瞒	man˨˩	mᵇɐ̃˨˩	
饅	馒	man˨˩	mᵇɐ̃˨˩	
滿	满	man˨˩	mᵇɐ̃˨˩	文读
螨	螨	man˦˨	mᵇɐ̃˦˧	
曼	曼	man˩˧	mᵇɐ̃˨˦	
慢	慢	man˩˧	mᵇɐ̃˨˦	
漫	漫	man˩˧	mᵇɐ̃˨˦	
幔	幔	man˩˧	mᵇɐ̃˨˦	
鰻	鳗	man˩˧	mᵇɐ̃˨˦	
蔓	蔓	man˩˧	mᵇɐ̃˨˦	
番	番	fan˥	fɐ̃˦˥	文读
幡	幡	fan˥	fɐ̃˦˥	
翻	翻	fan˥	fɐ̃˦˥	
凡	凡	fan˨˩	fɐ̃˨˩	
帆	帆	fan˨˩	fɐ̃˨˩	
梵	梵	fan˨˩	fɐ̃˨˩	
煩	烦	fan˨˩	fɐ̃˨˩	
藩	藩	fan˨˩	fɐ̃˨˩	
繁	繁	fan˨˩	fɐ̃˨˩	
反	反	fan˦˨	fɐ̃˦˧	
返	返	fan˦˨	fɐ̃˦˧	
范	范	fan˩˧	fɐ̃˨˦	
犯	犯	fan˩˧	fɐ̃˨˦	
氾	泛	fan˩˧	fɐ̃˨˦	
泛	泛	fan˩˧	fɐ̃˨˦	
飯	饭	fan˩˧	fɐ̃˨˦	
販	贩	fan˩˧	fɐ̃˨˦	
梵	梵	fan˩˧	fɐ̃˨˦	~净山
蕃	蕃	fan˩˧	fɐ̃˨˦	
耽	耽	tan˥	tɐ̃˦˥	
擔	担	tan˥	tɐ̃˦˥	
丹	丹	tan˥	tɐ̃˦˥	
單	单	tan˥	tɐ̃˦˥	
膽	胆	tan˦˨	tɐ̃˦˧	
泹	泹	tan˦˨	tɐ̃˦˧	
燀	𬊤	tan˦˨	tɐ̃˦˧	用盐水煮
撣	掸	tan˦˨	tɐ̃˦˧	
丼	丼	tan˦˨	tɐ̃˦˧	
擔	担	tan˩˧	tɐ̃˨˦	
澹	澹	tan˩˧	tɐ̃˨˦	
淡	淡	tan˩˧	tɐ̃˨˦	
談	谈	tan˩˧	tɐ̃˨˦	扯~
誕	诞	tan˩˧	tɐ̃˨˦	
旦	旦	tan˩˧	tɐ̃˨˦	
但	但	tan˩˧	tɐ̃˨˦	
蛋	蛋	tan˩˧	tɐ̃˨˦	
彈	弹	tan˩˧	tɐ̃˨˦	
丈	丈	tan˩˧	tɐ̃˨˦	城门城门几~高
貪	贪	tʰan˥	tʰɐ̃˦˥	
探	探	tʰan˥	tʰɐ̃˦˥	
灘	滩	tʰan˥	tʰɐ̃˦˥	
攤	摊	tʰan˥	tʰɐ̃˦˥	
潭	潭	tʰan˨˩	tʰɐ̃˨˩	
譚	谭	tʰan˨˩	tʰɐ̃˨˩	
鐔	镡	tʰan˨˩	tʰɐ̃˨˩	~成，即今黎平
覃	覃	tʰan˨˩	tʰɐ̃˨˩	
坍	坍	tʰan˨˩	tʰɐ̃˨˩	
談	谈	tʰan˨˩	tʰɐ̃˨˩	
痰	痰	tʰan˨˩	tʰɐ̃˨˩	
壇	坛	tʰan˨˩	tʰɐ̃˨˩	
檀	檀	tʰan˨˩	tʰɐ̃˨˩	
彈	弹	tʰan˨˩	tʰɐ̃˨˩	
毯	毯	tʰan˦˨	tʰɐ̃˦˧	
坦	坦	tʰan˦˨	tʰɐ̃˦˧	
談	谈	tʰan˩˧	tʰɐ̃˨˦	~话
歎	叹	tʰan˩˧	tʰɐ̃˨˦	
炭	炭	tʰan˩˧	tʰɐ̃˨˦	
碳	碳	tʰan˩˧	tʰɐ̃˨˦	
探	探	tʰan˩˧	tʰɐ̃˨˦	~花
呢	呢	lan˥	lɐ̃˦˥	疑问语气词
南	南	lan˨˩	lɐ̃˨˩	
楠	楠	lan˨˩	lɐ̃˨˩	
喃	喃	lan˨˩	lɐ̃˨˩	
男	男	lan˨˩	lɐ̃˨˩	
婪	婪	lan˨˩	lɐ̃˨˩	
藍	蓝	lan˨˩	lɐ̃˨˩	
籃	篮	lan˨˩	lɐ̃˨˩	
難	难	lan˨˩	lɐ̃˨˩	
蘭	兰	lan˨˩	lɐ̃˨˩	
攔	拦	lan˨˩	lɐ̃˨˩	文读
欄	栏	lan˨˩	lɐ̃˨˩	
然	然	lan˨˩	lɐ̃˨˩	~后
覽	览	lan˦˨	lɐ̃˦˧	
攬	揽	lan˦˨	lɐ̃˦˧	
㰖	榄	lan˦˨	lɐ̃˦˧	
䌫	缆	lan˦˨	lɐ̃˦˧	
懶	懒	lan˦˨	lɐ̃˦˧	
婪	婪	lan˦˨	lɐ̃˦˧	贪~
漤	漤	lan˦˨	lɐ̃˦˧	
罱	罱	lan˦˨	lɐ̃˦˧	
哪	哪	lan˦˨	lɐ̃˦˧	“哪样”合音
呢	呢	lan˦˨	lɐ̃˦˧	语气助词，表示惊讶
濫	滥	lan˩˧	lɐ̃˨˦	
難	难	lan˩˧	lɐ̃˨˦	
爛	烂	lan˩˧	lɐ̃˨˦	
簪	簪	tsan˥	tsɐ̃˦˥	
沾	沾	tsan˥	tsɐ̃˦˥	
粘	粘	tsan˥	tsɐ̃˦˥	
占	占	tsan˥	tsɐ̃˦˥	
瞻	瞻	tsan˥	tsɐ̃˦˥	
氈	氈	tsan˥	tsɐ̃˦˥	
咋	咋	tsan˨˩	tsɐ̃˨˩	~个
暫	暂	tsan˦˨	tsɐ̃˦˧	白读
斬	斩	tsan˦˨	tsɐ̃˦˧	
嶄	崭	tsan˦˨	tsɐ̃˦˧	
盞	盏	tsan˦˨	tsɐ̃˦˧	
展	展	tsan˦˨	tsɐ̃˦˧	
暫	暂	tsan˩˧	tsɐ̃˨˦	文读
站	站	tsan˩˧	tsɐ̃˨˦	
佔	佔	tsan˩˧	tsɐ̃˨˦	
鑽	钻	tsan˩˧	tsɐ̃˨˦	~石
讚	赞	tsan˩˧	tsɐ̃˨˦	
贊	赞	tsan˩˧	tsɐ̃˨˦	
蘸	蘸	tsan˩˧	tsɐ̃˨˦	
綻	绽	tsan˩˧	tsɐ̃˨˦	
棧	栈	tsan˩˧	tsɐ̃˨˦	
餞	饯	tsan˩˧	tsɐ̃˨˦	
濺	溅	tsan˩˧	tsɐ̃˨˦	
戰	战	tsan˩˧	tsɐ̃˨˦	
鏨	錾	tsan˩˧	tsɐ̃˨˦	
叄	叁	tsʰan˥	tsʰɐ̃˦˥	及“参”
參	参	tsʰan˥	tsʰɐ̃˦˥	
摻	掺	tsʰan˥	tsʰɐ̃˦˥	
餐	餐	tsʰan˥	tsʰɐ̃˦˥	
歺	歺	tsʰan˥	tsʰɐ̃˦˥	及“餐”
蠶	蚕	tsʰan˨˩	tsʰɐ̃˨˩	
慚	惭	tsʰan˨˩	tsʰɐ̃˨˩	
殘	残	tsʰan˨˩	tsʰɐ̃˨˩	
纏	缠	tsʰan˨˩	tsʰɐ̃˨˩	
饞	馋	tsʰan˨˩	tsʰɐ̃˨˩	
慘	惨	tsʰan˦˨	tsʰɐ̃˦˧	
產	产	tsʰan˦˨	tsʰɐ̃˦˧	
摌	摌	tsʰan˦˨	tsʰɐ̃˦˧	
𫼪	𫼪	tsʰan˦˨	tsʰɐ̃˦˧	即“摌”
𢱟	𢱟	tsʰan˦˨	tsʰɐ̃˦˧	即“摌”
懺	忏	tsʰan˩˧	tsʰɐ̃˨˦	
燦	灿	tsʰan˩˧	tsʰɐ̃˨˦	
顫	颤	tsʰan˩˧	tsʰɐ̃˨˦	文读
孱	孱	tsʰan˩˧	tsʰɐ̃˨˦	
羼	羼	tsʰan˩˧	tsʰɐ̃˨˦	
三	三	san˥	sɐ̃˦˥	
叄	叁	san˥	sɐ̃˦˥	
衫	衫	san˥	sɐ̃˦˥	
山	山	san˥	sɐ̃˦˥	
羶	羶	san˥	sɐ̃˦˥	
膻	膻	san˥	sɐ̃˦˥	
搧	搧	san˥	sɐ̃˦˥	
扇	扇	san˥	sɐ̃˦˥	
蟬	蝉	san˨˩	sɐ̃˨˩	
禪	禅	san˨˩	sɐ̃˨˩	
單	单	san˨˩	sɐ̃˨˩	~于
顫	颤	san˨˩	sɐ̃˨˩	白读
陝	陕	san˦˨	sɐ̃˦˧	
閃	闪	san˦˨	sɐ̃˦˧	
散	散	san˦˨	sɐ̃˦˧	
傘	伞	san˦˨	sɐ̃˦˧	
贍	赡	san˩˧	sɐ̃˨˦	
散	散	san˩˧	sɐ̃˨˦	
善	善	san˩˧	sɐ̃˨˦	
膳	膳	san˩˧	sɐ̃˨˦	
鱔	鳝	san˩˧	sɐ̃˨˦	
扇	扇	san˩˧	sɐ̃˨˦	
煽	煽	san˩˧	sɐ̃˨˦	
騸	骟	san˩˧	sɐ̃˨˦	
擅	擅	san˩˧	sɐ̃˨˦	
單	单	san˩˧	sɐ̃˨˦	姓氏
撣	掸	san˩˧	sɐ̃˨˦	~邦
然	然	zan˨˩	zɐ̃˨˩	
燃	燃	zan˨˩	zɐ̃˨˩	
染	染	zan˦˨	zɐ̃˦˧	
冉	冉	zan˦˨	zɐ̃˦˧	
苒	苒	zan˦˨	zɐ̃˦˧	
甘	甘	kan˥	kɐ̃˦˥	
柑	柑	kan˥	kɐ̃˦˥	
乾	干	kan˥	kɐ̃˦˥	
干	干	kan˥	kɐ̃˦˥	
肝	肝	kan˥	kɐ̃˦˥	
杆	杆	kan˥	kɐ̃˦˥	
竿	竿	kan˥	kɐ̃˦˥	
迀	迀	kan˥	kɐ̃˦˥	
間	间	kan˥	kɐ̃˦˥	房~；一~房
艱	艰	kan˥	kɐ̃˦˥	~难
尷	尴	kan˥	kɐ̃˦˥	
感	感	kan˦˨	kɐ̃˦˧	
敢	敢	kan˦˨	kɐ̃˦˧	
橄	橄	kan˦˨	kɐ̃˦˧	
桿	杆	kan˦˨	kɐ̃˦˧	
趕	赶	kan˦˨	kɐ̃˦˧	
揀	拣	kan˦˨	kɐ̃˦˧	白读
幹	干	kan˩˧	kɐ̃˨˦	
間	间	kan˩˧	kɐ̃˨˦	~隔
堪	堪	kʰan˥	kʰɐ̃˦˥	
勘	勘	kʰan˥	kʰɐ̃˦˥	
龕	龛	kʰan˥	kʰɐ̃˦˥	
刊	刊	kʰan˥	kʰɐ̃˦˥	
嵌	嵌	kʰan˥	kʰɐ̃˦˥	文读
瞰	瞰	kʰan˥	kʰɐ̃˦˥	
看	看	kʰan˥	kʰɐ̃˦˥	白读
坎	坎	kʰan˦˨	kʰɐ̃˦˧	
莰	莰	kʰan˦˨	kʰɐ̃˦˧	
砍	砍	kʰan˦˨	kʰɐ̃˦˧	
冚	冚	kʰan˦˨	kʰɐ̃˦˧	即“㝩”
侃	侃	kʰan˦˨	kʰɐ̃˦˧	文读
看	看	kʰan˩˧	kʰɐ̃˨˦	文读
庵	庵	ŋan˥	ŋᶢɐ̃˦˥	
淹	淹	ŋan˥	ŋᶢɐ̃˦˥	白读
鵪	鹌	ŋan˥	ŋᶢɐ̃˦˥	
安	安	ŋan˥	ŋᶢɐ̃˦˥	
鞍	鞍	ŋan˥	ŋᶢɐ̃˦˥	
顏	颜	ŋan˨˩	ŋᶢɐ̃˨˩	姓氏
諳	谙	ŋan˨˩	ŋᶢɐ̃˨˩	估计
嚴	严	ŋan˨˩	ŋᶢɐ̃˨˩	白读
諳	谙	ŋan˦˨	ŋᶢɐ̃˦˧	~恰恰，指控制得刚刚好
俺	俺	ŋan˦˨	ŋᶢɐ̃˦˧	
唵	唵	ŋan˦˨	ŋᶢɐ̃˦˧	
暗	暗	ŋan˩˧	ŋᶢɐ̃˨˦	
諳	谙	ŋan˩˧	ŋᶢɐ̃˨˦	
岸	岸	ŋan˩˧	ŋᶢɐ̃˨˦	
按	按	ŋan˩˧	ŋᶢɐ̃˨˦	
案	案	ŋan˩˧	ŋᶢɐ̃˨˦	
晏	晏	ŋan˩˧	ŋᶢɐ̃˨˦	迟
雁	雁	ŋan˩˧	ŋᶢɐ̃˨˦	白读
酣	酣	xan˥	xɐ̃˦˥	
鼾	鼾	xan˥	xɐ̃˦˥	
憨	憨	xan˥	xɐ̃˦˥	
含	含	xan˨˩	xɐ̃˨˩	
函	函	xan˨˩	xɐ̃˨˩	
邯	邯	xan˨˩	xɐ̃˨˩	
咸	咸	xan˨˩	xɐ̃˨˩	
鹹	咸	xan˨˩	xɐ̃˨˩	白读
銜	衔	xan˨˩	xɐ̃˨˩	
閑	闲	xan˨˩	xɐ̃˨˩	扯~谈
汗	汗	xan˨˩	xɐ̃˨˩	
寒	寒	xan˨˩	xɐ̃˨˩	
韓	韩	xan˨˩	xɐ̃˨˩	
喊	喊	xan˦˨	xɐ̃˦˧	
罕	罕	xan˦˨	xɐ̃˦˧	
撼	撼	xan˩˧	xɐ̃˨˦	
憾	憾	xan˩˧	xɐ̃˨˦	
陷	陷	xan˩˧	xɐ̃˨˦	白读
限	限	xan˩˧	xɐ̃˨˦	~定
楦	楦	xan˩˧	xɐ̃˨˦	塞进空腔使之膨大
鼾	鼾	xan˩˧	xɐ̃˨˦	打伏~
旱	旱	xan˩˧	xɐ̃˨˦	
蔊	蔊	xan˩˧	xɐ̃˨˦	
汗	汗	xan˩˧	xɐ̃˨˦	
漢	汉	xan˩˧	xɐ̃˨˦	
翰	翰	xan˩˧	xɐ̃˨˦	
瀚	瀚	xan˩˧	xɐ̃˨˦	
莧	苋	xan˩˧	xɐ̃˨˦	
咹	咹	Øan˥	Øɐ̃˦˥	表示没听清，希望对方重复
邊	边	pien˥	piɛ̃˦˥	
鞭	鞭	pien˥	piɛ̃˦˥	
編	编	pien˥	piɛ̃˦˥	
扁	扁	pien˦˨	piɛ̃˦˧	
揙	揙	pien˦˨	piɛ̃˦˧	殴打；蹭
惼	惼	pien˦˨	piɛ̃˦˧	
蝙	蝙	pien˦˨	piɛ̃˦˧	
煸	煸	pien˦˨	piɛ̃˦˧	
褊	褊	pien˦˨	piɛ̃˦˧	
匾	匾	pien˦˨	piɛ̃˦˧	
貶	贬	pien˦˨	piɛ̃˦˧	
遍	遍	pien˩˧	piɛ̃˨˦	一~
辮	辫	pien˩˧	piɛ̃˨˦	
辯	辩	pien˩˧	piɛ̃˨˦	
辨	辨	pien˩˧	piɛ̃˨˦	
變	变	pien˩˧	piɛ̃˨˦	
便	便	pien˩˧	piɛ̃˨˦	
偏	偏	pʰien˥	pʰiɛ̃˦˥	
翩	翩	pʰien˥	pʰiɛ̃˦˥	
篇	篇	pʰien˥	pʰiɛ̃˦˥	
片	片	pʰien˥	pʰiɛ̃˦˥	电影
駢	骈	pʰien˨˩	pʰiɛ̃˨˩	
諞	谝	pʰien˨˩	pʰiɛ̃˨˩	
片	片	pʰien˦˨	pʰiɛ̃˦˧	白读
片	片	pʰien˩˧	pʰiɛ̃˨˦	文读
騙	骗	pʰien˩˧	pʰiɛ̃˨˦	
遍	遍	pʰien˩˧	pʰiɛ̃˨˦	~地
面	面	mien˥	mᵇiɛ̃˦˥	里~；后~；上~
眠	眠	mien˨˩	mᵇiɛ̃˨˩	
綿	绵	mien˨˩	mᵇiɛ̃˨˩	
棉	棉	mien˨˩	mᵇiɛ̃˨˩	
免	免	mien˦˨	mᵇiɛ̃˦˧	
勉	勉	mien˦˨	mᵇiɛ̃˦˧	
靦	腼	mien˦˨	mᵇiɛ̃˦˧	
緬	缅	mien˦˨	mᵇiɛ̃˦˧	
麵	面	mien˩˧	mᵇiɛ̃˨˦	
面	面	mien˩˧	mᵇiɛ̃˨˦	
顛	颠	tien˥	tiɛ̃˦˥	
巔	巅	tien˥	tiɛ̃˦˥	
滇	滇	tien˥	tiɛ̃˦˥	
癲	癫	tien˥	tiɛ̃˦˥	
典	典	tien˦˨	tiɛ̃˦˧	
碘	碘	tien˦˨	tiɛ̃˦˧	
點	点	tien˦˨	tiɛ̃˦˧	
電	电	tien˩˧	tiɛ̃˨˦	
殿	殿	tien˩˧	tiɛ̃˨˦	
澱	淀	tien˩˧	tiɛ̃˨˦	
奠	奠	tien˩˧	tiɛ̃˨˦	
佃	佃	tien˩˧	tiɛ̃˨˦	
鈿	钿	tien˩˧	tiɛ̃˨˦	
墊	垫	tien˩˧	tiɛ̃˨˦	
店	店	tien˩˧	tiɛ̃˨˦	
天	天	tʰien˥	tʰiɛ̃˦˥	
添	添	tʰien˥	tʰiɛ̃˦˥	
田	田	tʰien˨˩	tʰiɛ̃˨˩	
鈿	钿	tʰien˨˩	tʰiɛ̃˨˩	
填	填	tʰien˨˩	tʰiɛ̃˨˩	
甜	甜	tʰien˨˩	tʰiɛ̃˨˩	
恬	恬	tʰien˨˩	tʰiɛ̃˨˩	
舔	舔	tʰien˦˨	tʰiɛ̃˦˧	
搛	搛	nien˥	nᵈiɛ̃˦˥	
拈	拈	nien˥	nᵈiɛ̃˦˥	夹菜
黏	黏	nien˥	nᵈiɛ̃˦˥	文读
研	研	nien˥	nᵈiɛ̃˦˥	
妍	妍	nien˥	nᵈiɛ̃˦˥	
年	年	nien˨˩	nᵈiɛ̃˨˩	
憐	怜	nien˨˩	nᵈiɛ̃˨˩	
連	连	nien˨˩	nᵈiɛ̃˨˩	
蓮	莲	nien˨˩	nᵈiɛ̃˨˩	
鏈	链	nien˨˩	nᵈiɛ̃˨˩	~接
廉	廉	nien˨˩	nᵈiɛ̃˨˩	
鐮	镰	nien˨˩	nᵈiɛ̃˨˩	
簾	帘	nien˨˩	nᵈiɛ̃˨˩	
奩	奁	nien˨˩	nᵈiɛ̃˨˩	
鮎	鲇	nien˨˩	nᵈiɛ̃˨˩	
聯	联	nien˨˩	nᵈiɛ̃˨˩	
閻	阎	nien˨˩	nᵈiɛ̃˨˩	
閆	闫	nien˨˩	nᵈiɛ̃˨˩	
嚴	严	nien˨˩	nᵈiɛ̃˨˩	文读
攆	撵	nien˦˨	nᵈiɛ̃˦˧	
撚	捻	nien˦˨	nᵈiɛ̃˦˧	
碾	碾	nien˦˨	nᵈiɛ̃˦˧	
輾	辗	nien˦˨	nᵈiɛ̃˦˧	
臉	脸	nien˦˨	nᵈiɛ̃˦˧	
練	练	nien˩˧	nᵈiɛ̃˨˦	
煉	炼	nien˩˧	nᵈiɛ̃˨˦	
鏈	链	nien˩˧	nᵈiɛ̃˨˦	
斂	敛	nien˩˧	nᵈiɛ̃˨˦	
殮	殓	nien˩˧	nᵈiɛ̃˨˦	
驗	验	nien˩˧	nᵈiɛ̃˨˦	
唁	唁	nien˩˧	nᵈiɛ̃˨˦	
念	念	nien˩˧	nᵈiɛ̃˨˦	
唸	念	nien˩˧	nᵈiɛ̃˨˦	
戀	恋	nien˩˧	nᵈiɛ̃˨˦	
釅	酽	nien˩˧	nᵈiɛ̃˨˦	
諺	谚	nien˩˧	nᵈiɛ̃˨˦	
喭	喭	nien˩˧	nᵈiɛ̃˨˦	
硯	砚	nien˩˧	nᵈiɛ̃˨˦	
肩	肩	tɕien˥	tɕiɛ̃˦˥	
堅	坚	tɕien˥	tɕiɛ̃˦˥	
艱	艰	tɕien˥	tɕiɛ̃˦˥	
間	间	tɕien˥	tɕiɛ̃˦˥	
監	监	tɕien˥	tɕiɛ̃˦˥	
尖	尖	tɕien˥	tɕiɛ̃˦˥	
兼	兼	tɕien˥	tɕiɛ̃˦˥	
姦	奸	tɕien˥	tɕiɛ̃˦˥	
煎	煎	tɕien˥	tɕiɛ̃˦˥	
涓	涓	tɕien˥	tɕiɛ̃˦˥	
捐	捐	tɕien˥	tɕiɛ̃˦˥	
絹	绢	tɕien˥	tɕiɛ̃˦˥	
娟	娟	tɕien˥	tɕiɛ̃˦˥	
鵑	鹃	tɕien˥	tɕiɛ̃˦˥	
捲	卷	tɕien˥	tɕiɛ̃˦˥	白读
減	减	tɕien˦˨	tɕiɛ̃˦˧	
鹼	碱	tɕien˦˨	tɕiɛ̃˦˧	
鹼	堿	tɕien˦˨	tɕiɛ̃˦˧	
檢	检	tɕien˦˨	tɕiɛ̃˦˧	
儉	俭	tɕien˦˨	tɕiɛ̃˦˧	
簡	简	tɕien˦˨	tɕiɛ̃˦˧	
柬	柬	tɕien˦˨	tɕiɛ̃˦˧	
揀	拣	tɕien˦˨	tɕiɛ̃˦˧	文读
踐	践	tɕien˦˨	tɕiɛ̃˦˧	实~
趼	趼	tɕien˦˨	tɕiɛ̃˦˧	即“茧”
繭	茧	tɕien˦˨	tɕiɛ̃˦˧	
捲	卷	tɕien˦˨	tɕiɛ̃˦˧	文读
監	监	tɕien˩˧	tɕiɛ̃˨˦	
鑒	鉴	tɕien˩˧	tɕiɛ̃˨˦	
鑑	鑑	tɕien˩˧	tɕiɛ̃˨˦	
鑑		tɕien˩˧	tɕiɛ̃˨˦	
艦	舰	tɕien˩˧	tɕiɛ̃˨˦	
漸	渐	tɕien˩˧	tɕiɛ̃˨˦	
劍	剑	tɕien˩˧	tɕiɛ̃˨˦	
間	间	tɕien˩˧	tɕiɛ̃˨˦	
踐	践	tɕien˩˧	tɕiɛ̃˨˦	
賤	贱	tɕien˩˧	tɕiɛ̃˨˦	
箭	箭	tɕien˩˧	tɕiɛ̃˨˦	
件	件	tɕien˩˧	tɕiɛ̃˨˦	
薦	荐	tɕien˩˧	tɕiɛ̃˨˦	
建	建	tɕien˩˧	tɕiɛ̃˨˦	
健	健	tɕien˩˧	tɕiɛ̃˨˦	
腱	腱	tɕien˩˧	tɕiɛ̃˨˦	
鍵	键	tɕien˩˧	tɕiɛ̃˨˦	
毽	毽	tɕien˩˧	tɕiɛ̃˨˦	
見	见	tɕien˩˧	tɕiɛ̃˨˦	
圈	圈	tɕien˩˧	tɕiɛ̃˨˦	
倦	倦	tɕien˩˧	tɕiɛ̃˨˦	
卷	卷	tɕien˩˧	tɕiɛ̃˨˦	
眷	眷	tɕien˩˧	tɕiɛ̃˨˦	
桊	桊	tɕien˩˧	tɕiɛ̃˨˦	
券	券	tɕien˩˧	tɕiɛ̃˨˦	
簽	签	tɕʰien˥	tɕʰiɛ̃˦˥	
僉	佥	tɕʰien˥	tɕʰiɛ̃˦˥	
殲	歼	tɕʰien˥	tɕʰiɛ̃˦˥	
纖	纤	tɕʰien˥	tɕʰiɛ̃˦˥	
籤	籤	tɕʰien˥	tɕʰiɛ̃˦˥	
籖	籖	tɕʰien˥	tɕʰiɛ̃˦˥	
遷	迁	tɕʰien˥	tɕʰiɛ̃˦˥	
芊	芊	tɕʰien˥	tɕʰiɛ̃˦˥	
千	千	tɕʰien˥	tɕʰiɛ̃˦˥	
謙	谦	tɕʰien˥	tɕʰiɛ̃˦˥	
箋	笺	tɕʰien˥	tɕʰiɛ̃˦˥	
牽	牵	tɕʰien˥	tɕʰiɛ̃˦˥	
圈	圈	tɕʰien˥	tɕʰiɛ̃˦˥	
鉛	铅	tɕʰien˥	tɕʰiɛ̃˦˥	文读
前	前	tɕʰien˥	tɕʰiɛ̃˦˥	白读
潛	潜	tɕʰien˨˩	tɕʰiɛ̃˨˩	~水；~泳；~艇；~江
鉗	钳	tɕʰien˨˩	tɕʰiɛ̃˨˩	
錢	钱	tɕʰien˨˩	tɕʰiɛ̃˨˩	
乾	乾	tɕʰien˨˩	tɕʰiɛ̃˨˩	
虔	虔	tɕʰien˨˩	tɕʰiɛ̃˨˩	
前	前	tɕʰien˨˩	tɕʰiɛ̃˨˩	文读
痊	痊	tɕʰien˨˩	tɕʰiɛ̃˨˩	
全	全	tɕʰien˨˩	tɕʰiɛ̃˨˩	
泉	泉	tɕʰien˨˩	tɕʰiɛ̃˨˩	
權	权	tɕʰien˨˩	tɕʰiɛ̃˨˩	
顴	颧	tɕʰien˨˩	tɕʰiɛ̃˨˩	
拳	拳	tɕʰien˨˩	tɕʰiɛ̃˨˩	
黔	黔	tɕʰien˨˩	tɕʰiɛ̃˨˩	
挦	挦	tɕʰien˨˩	tɕʰiɛ̃˨˩	
淺	浅	tɕʰien˦˨	tɕʰiɛ̃˦˧	
遣	遣	tɕʰien˦˨	tɕʰiɛ̃˦˧	
潛	潜	tɕʰien˦˨	tɕʰiɛ̃˦˧	
犬	犬	tɕʰien˦˨	tɕʰiɛ̃˦˧	
欠	欠	tɕʰien˩˧	tɕʰiɛ̃˨˦	
歉	歉	tɕʰien˩˧	tɕʰiɛ̃˨˦	
勸	劝	tɕʰien˩˧	tɕʰiɛ̃˨˦	
嵌	嵌	tɕʰien˩˧	tɕʰiɛ̃˨˦	倒~，即倒刺
塹	堑	tɕʰien˩˧	tɕʰiɛ̃˨˦	
仙	仙	ɕien˥	ɕiɛ̃˦˥	
氙	氙	ɕien˥	ɕiɛ̃˦˥	
鮮	鲜	ɕien˥	ɕiɛ̃˦˥	
先	先	ɕien˥	ɕiɛ̃˦˥	
酰	酰	ɕien˥	ɕiɛ̃˦˥	毒酒
軒	轩	ɕien˥	ɕiɛ̃˦˥	
掀	掀	ɕien˥	ɕiɛ̃˦˥	
宣	宣	ɕien˥	ɕiɛ̃˦˥	
揎	揎	ɕien˥	ɕiɛ̃˦˥	
渲	渲	ɕien˥	ɕiɛ̃˦˥	
喧	喧	ɕien˥	ɕiɛ̃˦˥	
星	星	ɕien˥	ɕiɛ̃˦˥	~宿
鹹	咸	ɕien˨˩	ɕiɛ̃˨˩	文读
嫌	嫌	ɕien˨˩	ɕiɛ̃˨˩	
閒	闲	ɕien˨˩	ɕiɛ̃˨˩	
涎	涎	ɕien˨˩	ɕiɛ̃˨˩	
賢	贤	ɕien˨˩	ɕiɛ̃˨˩	
弦	弦	ɕien˨˩	ɕiɛ̃˨˩	
炫	炫	ɕien˨˩	ɕiɛ̃˨˩	
眩	眩	ɕien˨˩	ɕiɛ̃˨˩	
玄	玄	ɕien˨˩	ɕiɛ̃˨˩	
旋	旋	ɕien˨˩	ɕiɛ̃˨˩	
懸	悬	ɕien˨˩	ɕiɛ̃˨˩	
險	险	ɕien˦˨	ɕiɛ̃˦˧	
鮮	鲜	ɕien˦˨	ɕiɛ̃˦˧	
蘚	藓	ɕien˦˨	ɕiɛ̃˦˧	
癬	癣	ɕien˦˨	ɕiɛ̃˦˧	
顯	显	ɕien˦˨	ɕiɛ̃˦˧	
選	选	ɕien˦˨	ɕiɛ̃˦˧	
憲	宪	ɕien˦˨	ɕiɛ̃˦˧	~法
陷	陷	ɕien˩˧	ɕiɛ̃˨˦	文读
餡	馅	ɕien˩˧	ɕiɛ̃˨˦	
限	限	ɕien˩˧	ɕiɛ̃˨˦	
線	线	ɕien˩˧	ɕiɛ̃˨˦	
線	缐	ɕien˩˧	ɕiɛ̃˨˦	
憲	宪	ɕien˩˧	ɕiɛ̃˨˦	
先	先	ɕien˩˧	ɕiɛ̃˨˦	姓氏
獻	献	ɕien˩˧	ɕiɛ̃˨˦	
現	现	ɕien˩˧	ɕiɛ̃˨˦	
旋	旋	ɕien˩˧	ɕiɛ̃˨˦	~风；~做，表示现成
楦	楦	ɕien˩˧	ɕiɛ̃˨˦	
縣	县	ɕien˩˧	ɕiɛ̃˨˦	
羨	羡	ɕien˩˧	ɕiɛ̃˨˦	
淹	淹	ʑen˥	ʑɛ̃˦˥	文读
醃	腌	ʑen˥	ʑɛ̃˦˥	
掩	掩	ʑen˥	ʑɛ̃˦˥	~盖
奄	奄	ʑen˥	ʑɛ̃˦˥	
烟	烟	ʑen˥	ʑɛ̃˦˥	
咽	咽	ʑen˥	ʑɛ̃˦˥	
炎	炎	ʑen˥	ʑɛ̃˦˥	
蔫	蔫	ʑen˥	ʑɛ̃˦˥	
焉	焉	ʑen˥	ʑɛ̃˦˥	
冤	冤	ʑen˥	ʑɛ̃˦˥	
淵	渊	ʑen˥	ʑɛ̃˦˥	
鹽	盐	ʑen˨˩	ʑɛ̃˨˩	
簷	簷	ʑen˨˩	ʑɛ̃˨˩	
顏	颜	ʑen˨˩	ʑɛ̃˨˩	
延	延	ʑen˨˩	ʑɛ̃˨˩	
員	员	ʑen˨˩	ʑɛ̃˨˩	
圓	圆	ʑen˨˩	ʑɛ̃˨˩	
園	园	ʑen˨˩	ʑɛ̃˨˩	
丸	丸	ʑen˨˩	ʑɛ̃˨˩	~子
緣	缘	ʑen˨˩	ʑɛ̃˨˩	
沿	沿	ʑen˨˩	ʑɛ̃˨˩	
鉛	铅	ʑen˨˩	ʑɛ̃˨˩	白读
元	元	ʑen˨˩	ʑɛ̃˨˩	
芫	芫	ʑen˨˩	ʑɛ̃˨˩	
完	完	ʑen˨˩	ʑɛ̃˨˩	~范
原	原	ʑen˨˩	ʑɛ̃˨˩	
源	源	ʑen˨˩	ʑɛ̃˨˩	
袁	袁	ʑen˨˩	ʑɛ̃˨˩	
援	援	ʑen˨˩	ʑɛ̃˨˩	
媛	媛	ʑen˨˩	ʑɛ̃˨˩	
垣	垣	ʑen˨˩	ʑɛ̃˨˩	
言	言	ʑen˨˩	ʑɛ̃˨˩	
掩	掩	ʑen˦˨	ʑɛ̃˦˧	
眼	眼	ʑen˦˨	ʑɛ̃˦˧	
演	演	ʑen˦˨	ʑɛ̃˦˧	
遠	远	ʑen˦˨	ʑɛ̃˦˧	
冶	冶	ʑen˦˨	ʑɛ̃˦˧	~炼
厭	厌	ʑen˩˧	ʑɛ̃˨˦	
艷	艳	ʑen˩˧	ʑɛ̃˨˦	
焰	焰	ʑen˩˧	ʑɛ̃˨˦	
焱	焱	ʑen˩˧	ʑɛ̃˨˦	
燕	燕	ʑen˩˧	ʑɛ̃˨˦	
雁	雁	ʑen˩˧	ʑɛ̃˨˦	文读
堰	堰	ʑen˩˧	ʑɛ̃˨˦	
宴	宴	ʑen˩˧	ʑɛ̃˨˦	
晏	晏	ʑen˩˧	ʑɛ̃˨˦	姓氏
彥	彦	ʑen˩˧	ʑɛ̃˨˦	
硯	砚	ʑen˩˧	ʑɛ̃˨˦	~台
院	院	ʑen˩˧	ʑɛ̃˨˦	
怨	怨	ʑen˩˧	ʑɛ̃˨˦	
願	愿	ʑen˩˧	ʑɛ̃˨˦	
敥	敥	ʑen˩˧	ʑɛ̃˨˦	撒
筵	筵	ʑen˩˧	ʑɛ̃˨˦	
咽	咽	ʑen˩˧	ʑɛ̃˨˦	吞~
端	端	tuan˥	tuɐ̃˦˥	
短	短	tuan˦˨	tuɐ̃˦˧	
斷	断	tuan˦˨	tuɐ̃˦˧	白读，表示拦截
斷	断	tuan˩˧	tuɐ̃˨˦	文读
鍛	锻	tuan˩˧	tuɐ̃˨˦	
緞	缎	tuan˩˧	tuɐ̃˨˦	
段	段	tuan˩˧	tuɐ̃˨˦	
團	团	tʰuan˨˩	tʰuɐ̃˨˩	
糰	糰	tʰuan˨˩	tʰuɐ̃˨˩	
